[     441ms] [INFO] %cDownload the React DevTools for a better development experience: https://react.dev/link/react-devtools font-weight:bold @ http://localhost:3000/_next/static/chunks/node_modules_next_dist_1ybzpk2._.js:2489
[     550ms] [LOG] [HMR] connected @ http://localhost:3000/_next/static/chunks/node_modules_next_dist_1ybzpk2._.js:2489
[   31086ms] [LOG] [Fast Refresh] rebuilding @ http://localhost:3000/_next/static/chunks/node_modules_next_dist_1ybzpk2._.js:2489
[   31090ms] [LOG] [Fast Refresh] done in 112ms @ http://localhost:3000/_next/static/chunks/node_modules_next_dist_1ybzpk2._.js:2489
[  129329ms] [LOG] [Fast Refresh] rebuilding @ http://localhost:3000/_next/static/chunks/node_modules_next_dist_1ybzpk2._.js:2489
[  129372ms] [LOG] [Fast Refresh] done in 144ms @ http://localhost:3000/_next/static/chunks/node_modules_next_dist_1ybzpk2._.js:2489
[  131879ms] [LOG] [Fast Refresh] rebuilding @ http://localhost:3000/_next/static/chunks/node_modules_next_dist_1ybzpk2._.js:2489
[  131899ms] [LOG] [Fast Refresh] done in 123ms @ http://localhost:3000/_next/static/chunks/node_modules_next_dist_1ybzpk2._.js:2489
[  132662ms] [LOG] [Fast Refresh] rebuilding @ http://localhost:3000/_next/static/chunks/node_modules_next_dist_1ybzpk2._.js:2489
[  132905ms] [LOG] [Fast Refresh] done in 345ms @ http://localhost:3000/_next/static/chunks/node_modules_next_dist_1ybzpk2._.js:2489
[  160588ms] [LOG] [Fast Refresh] rebuilding @ http://localhost:3000/_next/static/chunks/node_modules_next_dist_1ybzpk2._.js:2489
[  161550ms] [LOG] [Fast Refresh] done in 1029ms @ http://localhost:3000/_next/static/chunks/node_modules_next_dist_1ybzpk2._.js:2489
[  575531ms] [LOG] [Fast Refresh] rebuilding @ http://localhost:3000/_next/static/chunks/node_modules_next_dist_1ybzpk2._.js:2489
[  575625ms] [LOG] [Fast Refresh] done in 199ms @ http://localhost:3000/_next/static/chunks/node_modules_next_dist_1ybzpk2._.js:2489
[  601638ms] [LOG] [Fast Refresh] rebuilding @ http://localhost:3000/_next/static/chunks/node_modules_next_dist_1ybzpk2._.js:2489
[  604546ms] [LOG] [Fast Refresh] done in 436ms @ http://localhost:3000/_next/static/chunks/node_modules_next_dist_1ybzpk2._.js:2489
[  604695ms] [LOG] [Fast Refresh] rebuilding @ http://localhost:3000/_next/static/chunks/node_modules_next_dist_1ybzpk2._.js:2489
[  604721ms] [LOG] [Fast Refresh] done in 131ms @ http://localhost:3000/_next/static/chunks/node_modules_next_dist_1ybzpk2._.js:2489
[  604966ms] [LOG] [Fast Refresh] rebuilding @ http://localhost:3000/_next/static/chunks/node_modules_next_dist_1ybzpk2._.js:2489
[  605075ms] [LOG] [Fast Refresh] done in 212ms @ http://localhost:3000/_next/static/chunks/node_modules_next_dist_1ybzpk2._.js:2489
[  620641ms] [LOG] [Fast Refresh] rebuilding @ http://localhost:3000/_next/static/chunks/node_modules_next_dist_1ybzpk2._.js:2489
[  620645ms] [LOG] [Fast Refresh] done in 107ms @ http://localhost:3000/_next/static/chunks/node_modules_next_dist_1ybzpk2._.js:2489
[  626373ms] [LOG] [Fast Refresh] rebuilding @ http://localhost:3000/_next/static/chunks/node_modules_next_dist_1ybzpk2._.js:2489
[  626380ms] [LOG] [Fast Refresh] done in 109ms @ http://localhost:3000/_next/static/chunks/node_modules_next_dist_1ybzpk2._.js:2489
[  646680ms] [LOG] [Fast Refresh] rebuilding @ http://localhost:3000/_next/static/chunks/node_modules_next_dist_1ybzpk2._.js:2489
[  646990ms] [LOG] [Fast Refresh] done in 423ms @ http://localhost:3000/_next/static/chunks/node_modules_next_dist_1ybzpk2._.js:2489
[  647664ms] [LOG] [Fast Refresh] rebuilding @ http://localhost:3000/_next/static/chunks/node_modules_next_dist_1ybzpk2._.js:2489
[  647690ms] [LOG] [Fast Refresh] done in 134ms @ http://localhost:3000/_next/static/chunks/node_modules_next_dist_1ybzpk2._.js:2489
[  845642ms] [LOG] [Fast Refresh] rebuilding @ http://localhost:3000/_next/static/chunks/node_modules_next_dist_1ybzpk2._.js:2489
[  845835ms] [LOG] [Fast Refresh] done in 131ms @ http://localhost:3000/_next/static/chunks/node_modules_next_dist_1ybzpk2._.js:2489
[  845958ms] [LOG] [Fast Refresh] rebuilding @ http://localhost:3000/_next/static/chunks/node_modules_next_dist_1ybzpk2._.js:2489
[  846063ms] [LOG] [Fast Refresh] done in 218ms @ http://localhost:3000/_next/static/chunks/node_modules_next_dist_1ybzpk2._.js:2489
[  871299ms] [LOG] [Fast Refresh] rebuilding @ http://localhost:3000/_next/static/chunks/node_modules_next_dist_1ybzpk2._.js:2489
[  871478ms] [ERROR] ./src/app/blog/page.tsx
'styled-jsx' cannot be imported from a Server Component module
It only works in a Client Component but none of its parents are marked with 'use client', so they're Server Components by default. @ http://localhost:3000/_next/static/chunks/node_modules_next_dist_1ybzpk2._.js:3330
[  871616ms] [ERROR] ./src/app/blog/page.tsx
'styled-jsx' cannot be imported from a Server Component module
It only works in a Client Component but none of its parents are marked with 'use client', so they're Server Components by default. @ http://localhost:3000/_next/static/chunks/node_modules_next_dist_1ybzpk2._.js:3330
[  871621ms] [ERROR] Failed to load resource: the server responded with a status of 500 (Internal Server Error) @ http://localhost:3000/?_rsc=q3mOO9BClNZHexY7:0
[  871632ms] [ERROR] ./src/app/blog/page.tsx
'styled-jsx' cannot be imported from a Server Component module
It only works in a Client Component but none of its parents are marked with 'use client', so they're Server Components by default. @ http://localhost:3000/_next/static/chunks/node_modules_next_dist_1ybzpk2._.js:3330
[  871691ms] [ERROR] Failed to load resource: the server responded with a status of 500 (Internal Server Error) @ http://localhost:3000/?_rsc=q3mOO9BClNZHexY7:0
[  871734ms] [LOG] [Fast Refresh] rebuilding @ http://localhost:3000/_next/static/chunks/node_modules_next_dist_1ybzpk2._.js:2489
[  871829ms] [ERROR] Failed to load resource: the server responded with a status of 500 (Internal Server Error) @ http://localhost:3000/:0
[  874583ms] [INFO] %cDownload the React DevTools for a better development experience: https://react.dev/link/react-devtools font-weight:bold @ http://localhost:3000/_next/static/chunks/node_modules_react-dom_0kla17-._.js:15305
[  874678ms] Error: ./src/app/blog/page.tsx
'styled-jsx' cannot be imported from a Server Component module
It only works in a Client Component but none of its parents are marked with 'use client', so they're Server Components by default.


    at Object.getCompilationErrors (file://C:\reandy\easybites-app\node_modules\next\dist\server\dev\hot-reloader-turbopack.js:1186:59)
    at DevBundlerService.getCompilationError (file://C:\reandy\easybites-app\node_modules\next\dist\server\lib\dev-bundler-service.js:44:55)
    at DevServer.getCompilationError (file://C:\reandy\easybites-app\node_modules\next\dist\server\dev\next-dev-server.js:720:42)
    at DevServer.findPageComponents (file://C:\reandy\easybites-app\node_modules\next\dist\server\dev\next-dev-server.js:690:43)
    at async DevServer.renderErrorToResponseImpl (file://C:\reandy\easybites-app\node_modules\next\dist\server\base-server.js:1753:26)
[  874679ms] [LOG] [HMR] connected @ http://localhost:3000/_next/static/chunks/node_modules_next_dist_1gdrd03._.js:1226
[  874684ms] [ERROR] ./src/app/blog/page.tsx
'styled-jsx' cannot be imported from a Server Component module
It only works in a Client Component but none of its parents are marked with 'use client', so they're Server Components by default. @ http://localhost:3000/_next/static/chunks/node_modules_next_dist_1gdrd03._.js:1945
[  874771ms] [ERROR] ./src/app/blog/page.tsx
'styled-jsx' cannot be imported from a Server Component module
It only works in a Client Component but none of its parents are marked with 'use client', so they're Server Components by default. @ http://localhost:3000/_next/static/chunks/node_modules_next_dist_1gdrd03._.js:1945
[  874878ms] [ERROR] ./src/app/blog/page.tsx
'styled-jsx' cannot be imported from a Server Component module
It only works in a Client Component but none of its parents are marked with 'use client', so they're Server Components by default. @ http://localhost:3000/_next/static/chunks/node_modules_next_dist_1gdrd03._.js:1945
[  874898ms] [LOG] [Fast Refresh] rebuilding @ http://localhost:3000/_next/static/chunks/node_modules_next_dist_1gdrd03._.js:1226
[  874977ms] [ERROR] ./src/app/blog/page.tsx
'styled-jsx' cannot be imported from a Server Component module
It only works in a Client Component but none of its parents are marked with 'use client', so they're Server Components by default. @ http://localhost:3000/_next/static/chunks/node_modules_next_dist_1gdrd03._.js:1945
[  875040ms] [ERROR] ./src/app/blog/page.tsx
'styled-jsx' cannot be imported from a Server Component module
It only works in a Client Component but none of its parents are marked with 'use client', so they're Server Components by default. @ http://localhost:3000/_next/static/chunks/node_modules_next_dist_1gdrd03._.js:1945
[  875100ms] [ERROR] ./src/app/blog/page.tsx
'styled-jsx' cannot be imported from a Server Component module
It only works in a Client Component but none of its parents are marked with 'use client', so they're Server Components by default. @ http://localhost:3000/_next/static/chunks/node_modules_next_dist_1gdrd03._.js:1945
[  875161ms] [ERROR] ./src/app/blog/page.tsx
'styled-jsx' cannot be imported from a Server Component module
It only works in a Client Component but none of its parents are marked with 'use client', so they're Server Components by default. @ http://localhost:3000/_next/static/chunks/node_modules_next_dist_1gdrd03._.js:1945
[  875223ms] [ERROR] ./src/app/blog/page.tsx
'styled-jsx' cannot be imported from a Server Component module
It only works in a Client Component but none of its parents are marked with 'use client', so they're Server Components by default. @ http://localhost:3000/_next/static/chunks/node_modules_next_dist_1gdrd03._.js:1945
[  875286ms] [ERROR] ./src/app/blog/page.tsx
'styled-jsx' cannot be imported from a Server Component module
It only works in a Client Component but none of its parents are marked with 'use client', so they're Server Components by default. @ http://localhost:3000/_next/static/chunks/node_modules_next_dist_1gdrd03._.js:1945
[  875348ms] [ERROR] ./src/app/blog/page.tsx
'styled-jsx' cannot be imported from a Server Component module
It only works in a Client Component but none of its parents are marked with 'use client', so they're Server Components by default. @ http://localhost:3000/_next/static/chunks/node_modules_next_dist_1gdrd03._.js:1945
[  875409ms] [ERROR] ./src/app/blog/page.tsx
'styled-jsx' cannot be imported from a Server Component module
It only works in a Client Component but none of its parents are marked with 'use client', so they're Server Components by default. @ http://localhost:3000/_next/static/chunks/node_modules_next_dist_1gdrd03._.js:1945
[  875472ms] [ERROR] ./src/app/blog/page.tsx
'styled-jsx' cannot be imported from a Server Component module
It only works in a Client Component but none of its parents are marked with 'use client', so they're Server Components by default. @ http://localhost:3000/_next/static/chunks/node_modules_next_dist_1gdrd03._.js:1945
[  875534ms] [ERROR] ./src/app/blog/page.tsx
'styled-jsx' cannot be imported from a Server Component module
It only works in a Client Component but none of its parents are marked with 'use client', so they're Server Components by default. @ http://localhost:3000/_next/static/chunks/node_modules_next_dist_1gdrd03._.js:1945
[  875595ms] [ERROR] ./src/app/blog/page.tsx
'styled-jsx' cannot be imported from a Server Component module
It only works in a Client Component but none of its parents are marked with 'use client', so they're Server Components by default. @ http://localhost:3000/_next/static/chunks/node_modules_next_dist_1gdrd03._.js:1945
[  875657ms] [ERROR] ./src/app/blog/page.tsx
'styled-jsx' cannot be imported from a Server Component module
It only works in a Client Component but none of its parents are marked with 'use client', so they're Server Components by default. @ http://localhost:3000/_next/static/chunks/node_modules_next_dist_1gdrd03._.js:1945
[  875719ms] [ERROR] ./src/app/blog/page.tsx
'styled-jsx' cannot be imported from a Server Component module
It only works in a Client Component but none of its parents are marked with 'use client', so they're Server Components by default. @ http://localhost:3000/_next/static/chunks/node_modules_next_dist_1gdrd03._.js:1945
[  875782ms] [ERROR] ./src/app/blog/page.tsx
'styled-jsx' cannot be imported from a Server Component module
It only works in a Client Component but none of its parents are marked with 'use client', so they're Server Components by default. @ http://localhost:3000/_next/static/chunks/node_modules_next_dist_1gdrd03._.js:1945
[  875845ms] [ERROR] ./src/app/blog/page.tsx
'styled-jsx' cannot be imported from a Server Component module
It only works in a Client Component but none of its parents are marked with 'use client', so they're Server Components by default. @ http://localhost:3000/_next/static/chunks/node_modules_next_dist_1gdrd03._.js:1945
[  875905ms] [ERROR] ./src/app/blog/page.tsx
'styled-jsx' cannot be imported from a Server Component module
It only works in a Client Component but none of its parents are marked with 'use client', so they're Server Components by default. @ http://localhost:3000/_next/static/chunks/node_modules_next_dist_1gdrd03._.js:1945
[  875966ms] [ERROR] ./src/app/blog/page.tsx
'styled-jsx' cannot be imported from a Server Component module
It only works in a Client Component but none of its parents are marked with 'use client', so they're Server Components by default. @ http://localhost:3000/_next/static/chunks/node_modules_next_dist_1gdrd03._.js:1945
[  876028ms] [ERROR] ./src/app/blog/page.tsx
'styled-jsx' cannot be imported from a Server Component module
It only works in a Client Component but none of its parents are marked with 'use client', so they're Server Components by default. @ http://localhost:3000/_next/static/chunks/node_modules_next_dist_1gdrd03._.js:1945
[  876090ms] [ERROR] ./src/app/blog/page.tsx
'styled-jsx' cannot be imported from a Server Component module
It only works in a Client Component but none of its parents are marked with 'use client', so they're Server Components by default. @ http://localhost:3000/_next/static/chunks/node_modules_next_dist_1gdrd03._.js:1945
[  876153ms] [ERROR] ./src/app/blog/page.tsx
'styled-jsx' cannot be imported from a Server Component module
It only works in a Client Component but none of its parents are marked with 'use client', so they're Server Components by default. @ http://localhost:3000/_next/static/chunks/node_modules_next_dist_1gdrd03._.js:1945
[  876214ms] [ERROR] ./src/app/blog/page.tsx
'styled-jsx' cannot be imported from a Server Component module
It only works in a Client Component but none of its parents are marked with 'use client', so they're Server Components by default. @ http://localhost:3000/_next/static/chunks/node_modules_next_dist_1gdrd03._.js:1945
[  876275ms] [ERROR] ./src/app/blog/page.tsx
'styled-jsx' cannot be imported from a Server Component module
It only works in a Client Component but none of its parents are marked with 'use client', so they're Server Components by default. @ http://localhost:3000/_next/static/chunks/node_modules_next_dist_1gdrd03._.js:1945
[  876338ms] [ERROR] ./src/app/blog/page.tsx
'styled-jsx' cannot be imported from a Server Component module
It only works in a Client Component but none of its parents are marked with 'use client', so they're Server Components by default. @ http://localhost:3000/_next/static/chunks/node_modules_next_dist_1gdrd03._.js:1945
[  876401ms] [ERROR] ./src/app/blog/page.tsx
'styled-jsx' cannot be imported from a Server Component module
It only works in a Client Component but none of its parents are marked with 'use client', so they're Server Components by default. @ http://localhost:3000/_next/static/chunks/node_modules_next_dist_1gdrd03._.js:1945
[  876464ms] [ERROR] ./src/app/blog/page.tsx
'styled-jsx' cannot be imported from a Server Component module
It only works in a Client Component but none of its parents are marked with 'use client', so they're Server Components by default. @ http://localhost:3000/_next/static/chunks/node_modules_next_dist_1gdrd03._.js:1945
[  876526ms] [ERROR] ./src/app/blog/page.tsx
'styled-jsx' cannot be imported from a Server Component module
It only works in a Client Component but none of its parents are marked with 'use client', so they're Server Components by default. @ http://localhost:3000/_next/static/chunks/node_modules_next_dist_1gdrd03._.js:1945
[  876588ms] [ERROR] ./src/app/blog/page.tsx
'styled-jsx' cannot be imported from a Server Component module
It only works in a Client Component but none of its parents are marked with 'use client', so they're Server Components by default. @ http://localhost:3000/_next/static/chunks/node_modules_next_dist_1gdrd03._.js:1945
[  876649ms] [ERROR] ./src/app/blog/page.tsx
'styled-jsx' cannot be imported from a Server Component module
It only works in a Client Component but none of its parents are marked with 'use client', so they're Server Components by default. @ http://localhost:3000/_next/static/chunks/node_modules_next_dist_1gdrd03._.js:1945
[  876711ms] [ERROR] ./src/app/blog/page.tsx
'styled-jsx' cannot be imported from a Server Component module
It only works in a Client Component but none of its parents are marked with 'use client', so they're Server Components by default. @ http://localhost:3000/_next/static/chunks/node_modules_next_dist_1gdrd03._.js:1945
[  876774ms] [ERROR] ./src/app/blog/page.tsx
'styled-jsx' cannot be imported from a Server Component module
It only works in a Client Component but none of its parents are marked with 'use client', so they're Server Components by default. @ http://localhost:3000/_next/static/chunks/node_modules_next_dist_1gdrd03._.js:1945
[  876836ms] [ERROR] ./src/app/blog/page.tsx
'styled-jsx' cannot be imported from a Server Component module
It only works in a Client Component but none of its parents are marked with 'use client', so they're Server Components by default. @ http://localhost:3000/_next/static/chunks/node_modules_next_dist_1gdrd03._.js:1945
[  876897ms] [ERROR] ./src/app/blog/page.tsx
'styled-jsx' cannot be imported from a Server Component module
It only works in a Client Component but none of its parents are marked with 'use client', so they're Server Components by default. @ http://localhost:3000/_next/static/chunks/node_modules_next_dist_1gdrd03._.js:1945
[  876957ms] [ERROR] ./src/app/blog/page.tsx
'styled-jsx' cannot be imported from a Server Component module
It only works in a Client Component but none of its parents are marked with 'use client', so they're Server Components by default. @ http://localhost:3000/_next/static/chunks/node_modules_next_dist_1gdrd03._.js:1945
[  877021ms] [ERROR] ./src/app/blog/page.tsx
'styled-jsx' cannot be imported from a Server Component module
It only works in a Client Component but none of its parents are marked with 'use client', so they're Server Components by default. @ http://localhost:3000/_next/static/chunks/node_modules_next_dist_1gdrd03._.js:1945
[  877085ms] [ERROR] ./src/app/blog/page.tsx
'styled-jsx' cannot be imported from a Server Component module
It only works in a Client Component but none of its parents are marked with 'use client', so they're Server Components by default. @ http://localhost:3000/_next/static/chunks/node_modules_next_dist_1gdrd03._.js:1945
[  877147ms] [ERROR] ./src/app/blog/page.tsx
'styled-jsx' cannot be imported from a Server Component module
It only works in a Client Component but none of its parents are marked with 'use client', so they're Server Components by default. @ http://localhost:3000/_next/static/chunks/node_modules_next_dist_1gdrd03._.js:1945
[  877209ms] [ERROR] ./src/app/blog/page.tsx
'styled-jsx' cannot be imported from a Server Component module
It only works in a Client Component but none of its parents are marked with 'use client', so they're Server Components by default. @ http://localhost:3000/_next/static/chunks/node_modules_next_dist_1gdrd03._.js:1945
[  877269ms] [ERROR] ./src/app/blog/page.tsx
'styled-jsx' cannot be imported from a Server Component module
It only works in a Client Component but none of its parents are marked with 'use client', so they're Server Components by default. @ http://localhost:3000/_next/static/chunks/node_modules_next_dist_1gdrd03._.js:1945
[  877332ms] [ERROR] ./src/app/blog/page.tsx
'styled-jsx' cannot be imported from a Server Component module
It only works in a Client Component but none of its parents are marked with 'use client', so they're Server Components by default. @ http://localhost:3000/_next/static/chunks/node_modules_next_dist_1gdrd03._.js:1945
[  877395ms] [ERROR] ./src/app/blog/page.tsx
'styled-jsx' cannot be imported from a Server Component module
It only works in a Client Component but none of its parents are marked with 'use client', so they're Server Components by default. @ http://localhost:3000/_next/static/chunks/node_modules_next_dist_1gdrd03._.js:1945
[  877458ms] [ERROR] ./src/app/blog/page.tsx
'styled-jsx' cannot be imported from a Server Component module
It only works in a Client Component but none of its parents are marked with 'use client', so they're Server Components by default. @ http://localhost:3000/_next/static/chunks/node_modules_next_dist_1gdrd03._.js:1945
[  877520ms] [ERROR] ./src/app/blog/page.tsx
'styled-jsx' cannot be imported from a Server Component module
It only works in a Client Component but none of its parents are marked with 'use client', so they're Server Components by default. @ http://localhost:3000/_next/static/chunks/node_modules_next_dist_1gdrd03._.js:1945
[  877583ms] [ERROR] ./src/app/blog/page.tsx
'styled-jsx' cannot be imported from a Server Component module
It only works in a Client Component but none of its parents are marked with 'use client', so they're Server Components by default. @ http://localhost:3000/_next/static/chunks/node_modules_next_dist_1gdrd03._.js:1945
[  877643ms] [ERROR] ./src/app/blog/page.tsx
'styled-jsx' cannot be imported from a Server Component module
It only works in a Client Component but none of its parents are marked with 'use client', so they're Server Components by default. @ http://localhost:3000/_next/static/chunks/node_modules_next_dist_1gdrd03._.js:1945
[  877704ms] [ERROR] ./src/app/blog/page.tsx
'styled-jsx' cannot be imported from a Server Component module
It only works in a Client Component but none of its parents are marked with 'use client', so they're Server Components by default. @ http://localhost:3000/_next/static/chunks/node_modules_next_dist_1gdrd03._.js:1945
[  877765ms] [ERROR] ./src/app/blog/page.tsx
'styled-jsx' cannot be imported from a Server Component module
It only works in a Client Component but none of its parents are marked with 'use client', so they're Server Components by default. @ http://localhost:3000/_next/static/chunks/node_modules_next_dist_1gdrd03._.js:1945
[  877827ms] [ERROR] ./src/app/blog/page.tsx
'styled-jsx' cannot be imported from a Server Component module
It only works in a Client Component but none of its parents are marked with 'use client', so they're Server Components by default. @ http://localhost:3000/_next/static/chunks/node_modules_next_dist_1gdrd03._.js:1945
[  877889ms] [ERROR] ./src/app/blog/page.tsx
'styled-jsx' cannot be imported from a Server Component module
It only works in a Client Component but none of its parents are marked with 'use client', so they're Server Components by default. @ http://localhost:3000/_next/static/chunks/node_modules_next_dist_1gdrd03._.js:1945
[  877952ms] [ERROR] ./src/app/blog/page.tsx
'styled-jsx' cannot be imported from a Server Component module
It only works in a Client Component but none of its parents are marked with 'use client', so they're Server Components by default. @ http://localhost:3000/_next/static/chunks/node_modules_next_dist_1gdrd03._.js:1945
[  878015ms] [ERROR] ./src/app/blog/page.tsx
'styled-jsx' cannot be imported from a Server Component module
It only works in a Client Component but none of its parents are marked with 'use client', so they're Server Components by default. @ http://localhost:3000/_next/static/chunks/node_modules_next_dist_1gdrd03._.js:1945
[  878077ms] [ERROR] ./src/app/blog/page.tsx
'styled-jsx' cannot be imported from a Server Component module
It only works in a Client Component but none of its parents are marked with 'use client', so they're Server Components by default. @ http://localhost:3000/_next/static/chunks/node_modules_next_dist_1gdrd03._.js:1945
[  878140ms] [ERROR] ./src/app/blog/page.tsx
'styled-jsx' cannot be imported from a Server Component module
It only works in a Client Component but none of its parents are marked with 'use client', so they're Server Components by default. @ http://localhost:3000/_next/static/chunks/node_modules_next_dist_1gdrd03._.js:1945
[  878204ms] [ERROR] ./src/app/blog/page.tsx
'styled-jsx' cannot be imported from a Server Component module
It only works in a Client Component but none of its parents are marked with 'use client', so they're Server Components by default. @ http://localhost:3000/_next/static/chunks/node_modules_next_dist_1gdrd03._.js:1945
[  878264ms] [ERROR] ./src/app/blog/page.tsx
'styled-jsx' cannot be imported from a Server Component module
It only works in a Client Component but none of its parents are marked with 'use client', so they're Server Components by default. @ http://localhost:3000/_next/static/chunks/node_modules_next_dist_1gdrd03._.js:1945
[  878325ms] [ERROR] ./src/app/blog/page.tsx
'styled-jsx' cannot be imported from a Server Component module
It only works in a Client Component but none of its parents are marked with 'use client', so they're Server Components by default. @ http://localhost:3000/_next/static/chunks/node_modules_next_dist_1gdrd03._.js:1945
[  878388ms] [ERROR] ./src/app/blog/page.tsx
'styled-jsx' cannot be imported from a Server Component module
It only works in a Client Component but none of its parents are marked with 'use client', so they're Server Components by default. @ http://localhost:3000/_next/static/chunks/node_modules_next_dist_1gdrd03._.js:1945
[  878450ms] [ERROR] ./src/app/blog/page.tsx
'styled-jsx' cannot be imported from a Server Component module
It only works in a Client Component but none of its parents are marked with 'use client', so they're Server Components by default. @ http://localhost:3000/_next/static/chunks/node_modules_next_dist_1gdrd03._.js:1945
[  878512ms] [ERROR] ./src/app/blog/page.tsx
'styled-jsx' cannot be imported from a Server Component module
It only works in a Client Component but none of its parents are marked with 'use client', so they're Server Components by default. @ http://localhost:3000/_next/static/chunks/node_modules_next_dist_1gdrd03._.js:1945
[  878573ms] [ERROR] ./src/app/blog/page.tsx
'styled-jsx' cannot be imported from a Server Component module
It only works in a Client Component but none of its parents are marked with 'use client', so they're Server Components by default. @ http://localhost:3000/_next/static/chunks/node_modules_next_dist_1gdrd03._.js:1945
[  878635ms] [ERROR] ./src/app/blog/page.tsx
'styled-jsx' cannot be imported from a Server Component module
It only works in a Client Component but none of its parents are marked with 'use client', so they're Server Components by default. @ http://localhost:3000/_next/static/chunks/node_modules_next_dist_1gdrd03._.js:1945
[  878697ms] [ERROR] ./src/app/blog/page.tsx
'styled-jsx' cannot be imported from a Server Component module
It only works in a Client Component but none of its parents are marked with 'use client', so they're Server Components by default. @ http://localhost:3000/_next/static/chunks/node_modules_next_dist_1gdrd03._.js:1945
[  878759ms] [ERROR] ./src/app/blog/page.tsx
'styled-jsx' cannot be imported from a Server Component module
It only works in a Client Component but none of its parents are marked with 'use client', so they're Server Components by default. @ http://localhost:3000/_next/static/chunks/node_modules_next_dist_1gdrd03._.js:1945
[  878822ms] [ERROR] ./src/app/blog/page.tsx
'styled-jsx' cannot be imported from a Server Component module
It only works in a Client Component but none of its parents are marked with 'use client', so they're Server Components by default. @ http://localhost:3000/_next/static/chunks/node_modules_next_dist_1gdrd03._.js:1945
[  878884ms] [ERROR] ./src/app/blog/page.tsx
'styled-jsx' cannot be imported from a Server Component module
It only works in a Client Component but none of its parents are marked with 'use client', so they're Server Components by default. @ http://localhost:3000/_next/static/chunks/node_modules_next_dist_1gdrd03._.js:1945
[  878946ms] [ERROR] ./src/app/blog/page.tsx
'styled-jsx' cannot be imported from a Server Component module
It only works in a Client Component but none of its parents are marked with 'use client', so they're Server Components by default. @ http://localhost:3000/_next/static/chunks/node_modules_next_dist_1gdrd03._.js:1945
[  879008ms] [ERROR] ./src/app/blog/page.tsx
'styled-jsx' cannot be imported from a Server Component module
It only works in a Client Component but none of its parents are marked with 'use client', so they're Server Components by default. @ http://localhost:3000/_next/static/chunks/node_modules_next_dist_1gdrd03._.js:1945
[  879070ms] [ERROR] ./src/app/blog/page.tsx
'styled-jsx' cannot be imported from a Server Component module
It only works in a Client Component but none of its parents are marked with 'use client', so they're Server Components by default. @ http://localhost:3000/_next/static/chunks/node_modules_next_dist_1gdrd03._.js:1945
[  879131ms] [ERROR] ./src/app/blog/page.tsx
'styled-jsx' cannot be imported from a Server Component module
It only works in a Client Component but none of its parents are marked with 'use client', so they're Server Components by default. @ http://localhost:3000/_next/static/chunks/node_modules_next_dist_1gdrd03._.js:1945
[  879194ms] [ERROR] ./src/app/blog/page.tsx
'styled-jsx' cannot be imported from a Server Component module
It only works in a Client Component but none of its parents are marked with 'use client', so they're Server Components by default. @ http://localhost:3000/_next/static/chunks/node_modules_next_dist_1gdrd03._.js:1945
[  879257ms] [ERROR] ./src/app/blog/page.tsx
'styled-jsx' cannot be imported from a Server Component module
It only works in a Client Component but none of its parents are marked with 'use client', so they're Server Components by default. @ http://localhost:3000/_next/static/chunks/node_modules_next_dist_1gdrd03._.js:1945
[  879321ms] [ERROR] ./src/app/blog/page.tsx
'styled-jsx' cannot be imported from a Server Component module
It only works in a Client Component but none of its parents are marked with 'use client', so they're Server Components by default. @ http://localhost:3000/_next/static/chunks/node_modules_next_dist_1gdrd03._.js:1945
[  879383ms] [ERROR] ./src/app/blog/page.tsx
'styled-jsx' cannot be imported from a Server Component module
It only works in a Client Component but none of its parents are marked with 'use client', so they're Server Components by default. @ http://localhost:3000/_next/static/chunks/node_modules_next_dist_1gdrd03._.js:1945
[  879445ms] [ERROR] ./src/app/blog/page.tsx
'styled-jsx' cannot be imported from a Server Component module
It only works in a Client Component but none of its parents are marked with 'use client', so they're Server Components by default. @ http://localhost:3000/_next/static/chunks/node_modules_next_dist_1gdrd03._.js:1945
[  879508ms] [ERROR] ./src/app/blog/page.tsx
'styled-jsx' cannot be imported from a Server Component module
It only works in a Client Component but none of its parents are marked with 'use client', so they're Server Components by default. @ http://localhost:3000/_next/static/chunks/node_modules_next_dist_1gdrd03._.js:1945
[  879570ms] [ERROR] ./src/app/blog/page.tsx
'styled-jsx' cannot be imported from a Server Component module
It only works in a Client Component but none of its parents are marked with 'use client', so they're Server Components by default. @ http://localhost:3000/_next/static/chunks/node_modules_next_dist_1gdrd03._.js:1945
[  879634ms] [ERROR] ./src/app/blog/page.tsx
'styled-jsx' cannot be imported from a Server Component module
It only works in a Client Component but none of its parents are marked with 'use client', so they're Server Components by default. @ http://localhost:3000/_next/static/chunks/node_modules_next_dist_1gdrd03._.js:1945
[  879696ms] [ERROR] ./src/app/blog/page.tsx
'styled-jsx' cannot be imported from a Server Component module
It only works in a Client Component but none of its parents are marked with 'use client', so they're Server Components by default. @ http://localhost:3000/_next/static/chunks/node_modules_next_dist_1gdrd03._.js:1945
[  879758ms] [ERROR] ./src/app/blog/page.tsx
'styled-jsx' cannot be imported from a Server Component module
It only works in a Client Component but none of its parents are marked with 'use client', so they're Server Components by default. @ http://localhost:3000/_next/static/chunks/node_modules_next_dist_1gdrd03._.js:1945
[  879820ms] [ERROR] ./src/app/blog/page.tsx
'styled-jsx' cannot be imported from a Server Component module
It only works in a Client Component but none of its parents are marked with 'use client', so they're Server Components by default. @ http://localhost:3000/_next/static/chunks/node_modules_next_dist_1gdrd03._.js:1945
[  879880ms] [ERROR] ./src/app/blog/page.tsx
'styled-jsx' cannot be imported from a Server Component module
It only works in a Client Component but none of its parents are marked with 'use client', so they're Server Components by default. @ http://localhost:3000/_next/static/chunks/node_modules_next_dist_1gdrd03._.js:1945
[  879941ms] [ERROR] ./src/app/blog/page.tsx
'styled-jsx' cannot be imported from a Server Component module
It only works in a Client Component but none of its parents are marked with 'use client', so they're Server Components by default. @ http://localhost:3000/_next/static/chunks/node_modules_next_dist_1gdrd03._.js:1945
[  880003ms] [ERROR] ./src/app/blog/page.tsx
'styled-jsx' cannot be imported from a Server Component module
It only works in a Client Component but none of its parents are marked with 'use client', so they're Server Components by default. @ http://localhost:3000/_next/static/chunks/node_modules_next_dist_1gdrd03._.js:1945
[  880066ms] [ERROR] ./src/app/blog/page.tsx
'styled-jsx' cannot be imported from a Server Component module
It only works in a Client Component but none of its parents are marked with 'use client', so they're Server Components by default. @ http://localhost:3000/_next/static/chunks/node_modules_next_dist_1gdrd03._.js:1945
[  880127ms] [ERROR] ./src/app/blog/page.tsx
'styled-jsx' cannot be imported from a Server Component module
It only works in a Client Component but none of its parents are marked with 'use client', so they're Server Components by default. @ http://localhost:3000/_next/static/chunks/node_modules_next_dist_1gdrd03._.js:1945
[  880189ms] [ERROR] ./src/app/blog/page.tsx
'styled-jsx' cannot be imported from a Server Component module
It only works in a Client Component but none of its parents are marked with 'use client', so they're Server Components by default. @ http://localhost:3000/_next/static/chunks/node_modules_next_dist_1gdrd03._.js:1945
[  880274ms] [ERROR] ./src/app/blog/page.tsx
'styled-jsx' cannot be imported from a Server Component module
It only works in a Client Component but none of its parents are marked with 'use client', so they're Server Components by default. @ http://localhost:3000/_next/static/chunks/node_modules_next_dist_1gdrd03._.js:1945
[  880343ms] [ERROR] ./src/app/blog/page.tsx
'styled-jsx' cannot be imported from a Server Component module
It only works in a Client Component but none of its parents are marked with 'use client', so they're Server Components by default. @ http://localhost:3000/_next/static/chunks/node_modules_next_dist_1gdrd03._.js:1945
[  880407ms] [ERROR] ./src/app/blog/page.tsx
'styled-jsx' cannot be imported from a Server Component module
It only works in a Client Component but none of its parents are marked with 'use client', so they're Server Components by default. @ http://localhost:3000/_next/static/chunks/node_modules_next_dist_1gdrd03._.js:1945
[  880470ms] [ERROR] ./src/app/blog/page.tsx
'styled-jsx' cannot be imported from a Server Component module
It only works in a Client Component but none of its parents are marked with 'use client', so they're Server Components by default. @ http://localhost:3000/_next/static/chunks/node_modules_next_dist_1gdrd03._.js:1945
[  880532ms] [ERROR] ./src/app/blog/page.tsx
'styled-jsx' cannot be imported from a Server Component module
It only works in a Client Component but none of its parents are marked with 'use client', so they're Server Components by default. @ http://localhost:3000/_next/static/chunks/node_modules_next_dist_1gdrd03._.js:1945
[  880593ms] [ERROR] ./src/app/blog/page.tsx
'styled-jsx' cannot be imported from a Server Component module
It only works in a Client Component but none of its parents are marked with 'use client', so they're Server Components by default. @ http://localhost:3000/_next/static/chunks/node_modules_next_dist_1gdrd03._.js:1945
[  880656ms] [ERROR] ./src/app/blog/page.tsx
'styled-jsx' cannot be imported from a Server Component module
It only works in a Client Component but none of its parents are marked with 'use client', so they're Server Components by default. @ http://localhost:3000/_next/static/chunks/node_modules_next_dist_1gdrd03._.js:1945
[  880717ms] [ERROR] ./src/app/blog/page.tsx
'styled-jsx' cannot be imported from a Server Component module
It only works in a Client Component but none of its parents are marked with 'use client', so they're Server Components by default. @ http://localhost:3000/_next/static/chunks/node_modules_next_dist_1gdrd03._.js:1945
[  880780ms] [ERROR] ./src/app/blog/page.tsx
'styled-jsx' cannot be imported from a Server Component module
It only works in a Client Component but none of its parents are marked with 'use client', so they're Server Components by default. @ http://localhost:3000/_next/static/chunks/node_modules_next_dist_1gdrd03._.js:1945
[  880840ms] [ERROR] ./src/app/blog/page.tsx
'styled-jsx' cannot be imported from a Server Component module
It only works in a Client Component but none of its parents are marked with 'use client', so they're Server Components by default. @ http://localhost:3000/_next/static/chunks/node_modules_next_dist_1gdrd03._.js:1945
[  880903ms] [ERROR] ./src/app/blog/page.tsx
'styled-jsx' cannot be imported from a Server Component module
It only works in a Client Component but none of its parents are marked with 'use client', so they're Server Components by default. @ http://localhost:3000/_next/static/chunks/node_modules_next_dist_1gdrd03._.js:1945
[  880965ms] [ERROR] ./src/app/blog/page.tsx
'styled-jsx' cannot be imported from a Server Component module
It only works in a Client Component but none of its parents are marked with 'use client', so they're Server Components by default. @ http://localhost:3000/_next/static/chunks/node_modules_next_dist_1gdrd03._.js:1945
[  881028ms] [ERROR] ./src/app/blog/page.tsx
'styled-jsx' cannot be imported from a Server Component module
It only works in a Client Component but none of its parents are marked with 'use client', so they're Server Components by default. @ http://localhost:3000/_next/static/chunks/node_modules_next_dist_1gdrd03._.js:1945
[  881089ms] [ERROR] ./src/app/blog/page.tsx
'styled-jsx' cannot be imported from a Server Component module
It only works in a Client Component but none of its parents are marked with 'use client', so they're Server Components by default. @ http://localhost:3000/_next/static/chunks/node_modules_next_dist_1gdrd03._.js:1945
[  881152ms] [ERROR] ./src/app/blog/page.tsx
'styled-jsx' cannot be imported from a Server Component module
It only works in a Client Component but none of its parents are marked with 'use client', so they're Server Components by default. @ http://localhost:3000/_next/static/chunks/node_modules_next_dist_1gdrd03._.js:1945
[  881213ms] [ERROR] ./src/app/blog/page.tsx
'styled-jsx' cannot be imported from a Server Component module
It only works in a Client Component but none of its parents are marked with 'use client', so they're Server Components by default. @ http://localhost:3000/_next/static/chunks/node_modules_next_dist_1gdrd03._.js:1945
[  881276ms] [ERROR] ./src/app/blog/page.tsx
'styled-jsx' cannot be imported from a Server Component module
It only works in a Client Component but none of its parents are marked with 'use client', so they're Server Components by default. @ http://localhost:3000/_next/static/chunks/node_modules_next_dist_1gdrd03._.js:1945
[  881337ms] [ERROR] ./src/app/blog/page.tsx
'styled-jsx' cannot be imported from a Server Component module
It only works in a Client Component but none of its parents are marked with 'use client', so they're Server Components by default. @ http://localhost:3000/_next/static/chunks/node_modules_next_dist_1gdrd03._.js:1945
[  881399ms] [ERROR] ./src/app/blog/page.tsx
'styled-jsx' cannot be imported from a Server Component module
It only works in a Client Component but none of its parents are marked with 'use client', so they're Server Components by default. @ http://localhost:3000/_next/static/chunks/node_modules_next_dist_1gdrd03._.js:1945
[  881460ms] [ERROR] ./src/app/blog/page.tsx
'styled-jsx' cannot be imported from a Server Component module
It only works in a Client Component but none of its parents are marked with 'use client', so they're Server Components by default. @ http://localhost:3000/_next/static/chunks/node_modules_next_dist_1gdrd03._.js:1945
[  881523ms] [ERROR] ./src/app/blog/page.tsx
'styled-jsx' cannot be imported from a Server Component module
It only works in a Client Component but none of its parents are marked with 'use client', so they're Server Components by default. @ http://localhost:3000/_next/static/chunks/node_modules_next_dist_1gdrd03._.js:1945
[  881585ms] [ERROR] ./src/app/blog/page.tsx
'styled-jsx' cannot be imported from a Server Component module
It only works in a Client Component but none of its parents are marked with 'use client', so they're Server Components by default. @ http://localhost:3000/_next/static/chunks/node_modules_next_dist_1gdrd03._.js:1945
[  881648ms] [ERROR] ./src/app/blog/page.tsx
'styled-jsx' cannot be imported from a Server Component module
It only works in a Client Component but none of its parents are marked with 'use client', so they're Server Components by default. @ http://localhost:3000/_next/static/chunks/node_modules_next_dist_1gdrd03._.js:1945
[  881710ms] [ERROR] ./src/app/blog/page.tsx
'styled-jsx' cannot be imported from a Server Component module
It only works in a Client Component but none of its parents are marked with 'use client', so they're Server Components by default. @ http://localhost:3000/_next/static/chunks/node_modules_next_dist_1gdrd03._.js:1945
[  881772ms] [ERROR] ./src/app/blog/page.tsx
'styled-jsx' cannot be imported from a Server Component module
It only works in a Client Component but none of its parents are marked with 'use client', so they're Server Components by default. @ http://localhost:3000/_next/static/chunks/node_modules_next_dist_1gdrd03._.js:1945
[  881835ms] [ERROR] ./src/app/blog/page.tsx
'styled-jsx' cannot be imported from a Server Component module
It only works in a Client Component but none of its parents are marked with 'use client', so they're Server Components by default. @ http://localhost:3000/_next/static/chunks/node_modules_next_dist_1gdrd03._.js:1945
[  881897ms] [ERROR] ./src/app/blog/page.tsx
'styled-jsx' cannot be imported from a Server Component module
It only works in a Client Component but none of its parents are marked with 'use client', so they're Server Components by default. @ http://localhost:3000/_next/static/chunks/node_modules_next_dist_1gdrd03._.js:1945
[  881959ms] [ERROR] ./src/app/blog/page.tsx
'styled-jsx' cannot be imported from a Server Component module
It only works in a Client Component but none of its parents are marked with 'use client', so they're Server Components by default. @ http://localhost:3000/_next/static/chunks/node_modules_next_dist_1gdrd03._.js:1945
[  882022ms] [ERROR] ./src/app/blog/page.tsx
'styled-jsx' cannot be imported from a Server Component module
It only works in a Client Component but none of its parents are marked with 'use client', so they're Server Components by default. @ http://localhost:3000/_next/static/chunks/node_modules_next_dist_1gdrd03._.js:1945
[  882084ms] [ERROR] ./src/app/blog/page.tsx
'styled-jsx' cannot be imported from a Server Component module
It only works in a Client Component but none of its parents are marked with 'use client', so they're Server Components by default. @ http://localhost:3000/_next/static/chunks/node_modules_next_dist_1gdrd03._.js:1945
[  882146ms] [ERROR] ./src/app/blog/page.tsx
'styled-jsx' cannot be imported from a Server Component module
It only works in a Client Component but none of its parents are marked with 'use client', so they're Server Components by default. @ http://localhost:3000/_next/static/chunks/node_modules_next_dist_1gdrd03._.js:1945
[  882208ms] [ERROR] ./src/app/blog/page.tsx
'styled-jsx' cannot be imported from a Server Component module
It only works in a Client Component but none of its parents are marked with 'use client', so they're Server Components by default. @ http://localhost:3000/_next/static/chunks/node_modules_next_dist_1gdrd03._.js:1945
[  882271ms] [ERROR] ./src/app/blog/page.tsx
'styled-jsx' cannot be imported from a Server Component module
It only works in a Client Component but none of its parents are marked with 'use client', so they're Server Components by default. @ http://localhost:3000/_next/static/chunks/node_modules_next_dist_1gdrd03._.js:1945
[  882333ms] [ERROR] ./src/app/blog/page.tsx
'styled-jsx' cannot be imported from a Server Component module
It only works in a Client Component but none of its parents are marked with 'use client', so they're Server Components by default. @ http://localhost:3000/_next/static/chunks/node_modules_next_dist_1gdrd03._.js:1945
[  882396ms] [ERROR] ./src/app/blog/page.tsx
'styled-jsx' cannot be imported from a Server Component module
It only works in a Client Component but none of its parents are marked with 'use client', so they're Server Components by default. @ http://localhost:3000/_next/static/chunks/node_modules_next_dist_1gdrd03._.js:1945
[  882457ms] [ERROR] ./src/app/blog/page.tsx
'styled-jsx' cannot be imported from a Server Component module
It only works in a Client Component but none of its parents are marked with 'use client', so they're Server Components by default. @ http://localhost:3000/_next/static/chunks/node_modules_next_dist_1gdrd03._.js:1945
[  882520ms] [ERROR] ./src/app/blog/page.tsx
'styled-jsx' cannot be imported from a Server Component module
It only works in a Client Component but none of its parents are marked with 'use client', so they're Server Components by default. @ http://localhost:3000/_next/static/chunks/node_modules_next_dist_1gdrd03._.js:1945
[  882582ms] [ERROR] ./src/app/blog/page.tsx
'styled-jsx' cannot be imported from a Server Component module
It only works in a Client Component but none of its parents are marked with 'use client', so they're Server Components by default. @ http://localhost:3000/_next/static/chunks/node_modules_next_dist_1gdrd03._.js:1945
[  882643ms] [ERROR] ./src/app/blog/page.tsx
'styled-jsx' cannot be imported from a Server Component module
It only works in a Client Component but none of its parents are marked with 'use client', so they're Server Components by default. @ http://localhost:3000/_next/static/chunks/node_modules_next_dist_1gdrd03._.js:1945
[  882706ms] [ERROR] ./src/app/blog/page.tsx
'styled-jsx' cannot be imported from a Server Component module
It only works in a Client Component but none of its parents are marked with 'use client', so they're Server Components by default. @ http://localhost:3000/_next/static/chunks/node_modules_next_dist_1gdrd03._.js:1945
[  882769ms] [ERROR] ./src/app/blog/page.tsx
'styled-jsx' cannot be imported from a Server Component module
It only works in a Client Component but none of its parents are marked with 'use client', so they're Server Components by default. @ http://localhost:3000/_next/static/chunks/node_modules_next_dist_1gdrd03._.js:1945
[  882831ms] [ERROR] ./src/app/blog/page.tsx
'styled-jsx' cannot be imported from a Server Component module
It only works in a Client Component but none of its parents are marked with 'use client', so they're Server Components by default. @ http://localhost:3000/_next/static/chunks/node_modules_next_dist_1gdrd03._.js:1945
[  882891ms] [ERROR] ./src/app/blog/page.tsx
'styled-jsx' cannot be imported from a Server Component module
It only works in a Client Component but none of its parents are marked with 'use client', so they're Server Components by default. @ http://localhost:3000/_next/static/chunks/node_modules_next_dist_1gdrd03._.js:1945
[  882954ms] [ERROR] ./src/app/blog/page.tsx
'styled-jsx' cannot be imported from a Server Component module
It only works in a Client Component but none of its parents are marked with 'use client', so they're Server Components by default. @ http://localhost:3000/_next/static/chunks/node_modules_next_dist_1gdrd03._.js:1945
[  883017ms] [ERROR] ./src/app/blog/page.tsx
'styled-jsx' cannot be imported from a Server Component module
It only works in a Client Component but none of its parents are marked with 'use client', so they're Server Components by default. @ http://localhost:3000/_next/static/chunks/node_modules_next_dist_1gdrd03._.js:1945
[  883078ms] [ERROR] ./src/app/blog/page.tsx
'styled-jsx' cannot be imported from a Server Component module
It only works in a Client Component but none of its parents are marked with 'use client', so they're Server Components by default. @ http://localhost:3000/_next/static/chunks/node_modules_next_dist_1gdrd03._.js:1945
[  883141ms] [ERROR] ./src/app/blog/page.tsx
'styled-jsx' cannot be imported from a Server Component module
It only works in a Client Component but none of its parents are marked with 'use client', so they're Server Components by default. @ http://localhost:3000/_next/static/chunks/node_modules_next_dist_1gdrd03._.js:1945
[  883202ms] [ERROR] ./src/app/blog/page.tsx
'styled-jsx' cannot be imported from a Server Component module
It only works in a Client Component but none of its parents are marked with 'use client', so they're Server Components by default. @ http://localhost:3000/_next/static/chunks/node_modules_next_dist_1gdrd03._.js:1945
[  883264ms] [ERROR] ./src/app/blog/page.tsx
'styled-jsx' cannot be imported from a Server Component module
It only works in a Client Component but none of its parents are marked with 'use client', so they're Server Components by default. @ http://localhost:3000/_next/static/chunks/node_modules_next_dist_1gdrd03._.js:1945
[  883326ms] [ERROR] ./src/app/blog/page.tsx
'styled-jsx' cannot be imported from a Server Component module
It only works in a Client Component but none of its parents are marked with 'use client', so they're Server Components by default. @ http://localhost:3000/_next/static/chunks/node_modules_next_dist_1gdrd03._.js:1945
[  883388ms] [ERROR] ./src/app/blog/page.tsx
'styled-jsx' cannot be imported from a Server Component module
It only works in a Client Component but none of its parents are marked with 'use client', so they're Server Components by default. @ http://localhost:3000/_next/static/chunks/node_modules_next_dist_1gdrd03._.js:1945
[  883450ms] [ERROR] ./src/app/blog/page.tsx
'styled-jsx' cannot be imported from a Server Component module
It only works in a Client Component but none of its parents are marked with 'use client', so they're Server Components by default. @ http://localhost:3000/_next/static/chunks/node_modules_next_dist_1gdrd03._.js:1945
[  883511ms] [ERROR] ./src/app/blog/page.tsx
'styled-jsx' cannot be imported from a Server Component module
It only works in a Client Component but none of its parents are marked with 'use client', so they're Server Components by default. @ http://localhost:3000/_next/static/chunks/node_modules_next_dist_1gdrd03._.js:1945
[  883572ms] [ERROR] ./src/app/blog/page.tsx
'styled-jsx' cannot be imported from a Server Component module
It only works in a Client Component but none of its parents are marked with 'use client', so they're Server Components by default. @ http://localhost:3000/_next/static/chunks/node_modules_next_dist_1gdrd03._.js:1945
[  883635ms] [ERROR] ./src/app/blog/page.tsx
'styled-jsx' cannot be imported from a Server Component module
It only works in a Client Component but none of its parents are marked with 'use client', so they're Server Components by default. @ http://localhost:3000/_next/static/chunks/node_modules_next_dist_1gdrd03._.js:1945
[  883696ms] [ERROR] ./src/app/blog/page.tsx
'styled-jsx' cannot be imported from a Server Component module
It only works in a Client Component but none of its parents are marked with 'use client', so they're Server Components by default. @ http://localhost:3000/_next/static/chunks/node_modules_next_dist_1gdrd03._.js:1945
[  883759ms] [ERROR] ./src/app/blog/page.tsx
'styled-jsx' cannot be imported from a Server Component module
It only works in a Client Component but none of its parents are marked with 'use client', so they're Server Components by default. @ http://localhost:3000/_next/static/chunks/node_modules_next_dist_1gdrd03._.js:1945
[  883823ms] [ERROR] ./src/app/blog/page.tsx
'styled-jsx' cannot be imported from a Server Component module
It only works in a Client Component but none of its parents are marked with 'use client', so they're Server Components by default. @ http://localhost:3000/_next/static/chunks/node_modules_next_dist_1gdrd03._.js:1945
[  883887ms] [ERROR] ./src/app/blog/page.tsx
'styled-jsx' cannot be imported from a Server Component module
It only works in a Client Component but none of its parents are marked with 'use client', so they're Server Components by default. @ http://localhost:3000/_next/static/chunks/node_modules_next_dist_1gdrd03._.js:1945
[  883949ms] [ERROR] ./src/app/blog/page.tsx
'styled-jsx' cannot be imported from a Server Component module
It only works in a Client Component but none of its parents are marked with 'use client', so they're Server Components by default. @ http://localhost:3000/_next/static/chunks/node_modules_next_dist_1gdrd03._.js:1945
[  884010ms] [ERROR] ./src/app/blog/page.tsx
'styled-jsx' cannot be imported from a Server Component module
It only works in a Client Component but none of its parents are marked with 'use client', so they're Server Components by default. @ http://localhost:3000/_next/static/chunks/node_modules_next_dist_1gdrd03._.js:1945
[  884072ms] [ERROR] ./src/app/blog/page.tsx
'styled-jsx' cannot be imported from a Server Component module
It only works in a Client Component but none of its parents are marked with 'use client', so they're Server Components by default. @ http://localhost:3000/_next/static/chunks/node_modules_next_dist_1gdrd03._.js:1945
[  884133ms] [ERROR] ./src/app/blog/page.tsx
'styled-jsx' cannot be imported from a Server Component module
It only works in a Client Component but none of its parents are marked with 'use client', so they're Server Components by default. @ http://localhost:3000/_next/static/chunks/node_modules_next_dist_1gdrd03._.js:1945
[  884198ms] [ERROR] ./src/app/blog/page.tsx
'styled-jsx' cannot be imported from a Server Component module
It only works in a Client Component but none of its parents are marked with 'use client', so they're Server Components by default. @ http://localhost:3000/_next/static/chunks/node_modules_next_dist_1gdrd03._.js:1945
[  884288ms] [ERROR] ./src/app/blog/page.tsx
'styled-jsx' cannot be imported from a Server Component module
It only works in a Client Component but none of its parents are marked with 'use client', so they're Server Components by default. @ http://localhost:3000/_next/static/chunks/node_modules_next_dist_1gdrd03._.js:1945
[  884302ms] [LOG] [Fast Refresh] rebuilding @ http://localhost:3000/_next/static/chunks/node_modules_next_dist_1gdrd03._.js:1226
[  884365ms] [ERROR] ./src/app/blog/page.tsx
'styled-jsx' cannot be imported from a Server Component module
It only works in a Client Component but none of its parents are marked with 'use client', so they're Server Components by default. @ http://localhost:3000/_next/static/chunks/node_modules_next_dist_1gdrd03._.js:1945
[  884427ms] [ERROR] ./src/app/blog/page.tsx
'styled-jsx' cannot be imported from a Server Component module
It only works in a Client Component but none of its parents are marked with 'use client', so they're Server Components by default. @ http://localhost:3000/_next/static/chunks/node_modules_next_dist_1gdrd03._.js:1945
[  884488ms] [ERROR] ./src/app/blog/page.tsx
'styled-jsx' cannot be imported from a Server Component module
It only works in a Client Component but none of its parents are marked with 'use client', so they're Server Components by default. @ http://localhost:3000/_next/static/chunks/node_modules_next_dist_1gdrd03._.js:1945
[  884552ms] [ERROR] ./src/app/blog/page.tsx
'styled-jsx' cannot be imported from a Server Component module
It only works in a Client Component but none of its parents are marked with 'use client', so they're Server Components by default. @ http://localhost:3000/_next/static/chunks/node_modules_next_dist_1gdrd03._.js:1945
[  884613ms] [ERROR] ./src/app/blog/page.tsx
'styled-jsx' cannot be imported from a Server Component module
It only works in a Client Component but none of its parents are marked with 'use client', so they're Server Components by default. @ http://localhost:3000/_next/static/chunks/node_modules_next_dist_1gdrd03._.js:1945
[  884676ms] [ERROR] ./src/app/blog/page.tsx
'styled-jsx' cannot be imported from a Server Component module
It only works in a Client Component but none of its parents are marked with 'use client', so they're Server Components by default. @ http://localhost:3000/_next/static/chunks/node_modules_next_dist_1gdrd03._.js:1945
[  884738ms] [ERROR] ./src/app/blog/page.tsx
'styled-jsx' cannot be imported from a Server Component module
It only works in a Client Component but none of its parents are marked with 'use client', so they're Server Components by default. @ http://localhost:3000/_next/static/chunks/node_modules_next_dist_1gdrd03._.js:1945
[  884799ms] [ERROR] ./src/app/blog/page.tsx
'styled-jsx' cannot be imported from a Server Component module
It only works in a Client Component but none of its parents are marked with 'use client', so they're Server Components by default. @ http://localhost:3000/_next/static/chunks/node_modules_next_dist_1gdrd03._.js:1945
[  884861ms] [ERROR] ./src/app/blog/page.tsx
'styled-jsx' cannot be imported from a Server Component module
It only works in a Client Component but none of its parents are marked with 'use client', so they're Server Components by default. @ http://localhost:3000/_next/static/chunks/node_modules_next_dist_1gdrd03._.js:1945
[  884922ms] [ERROR] ./src/app/blog/page.tsx
'styled-jsx' cannot be imported from a Server Component module
It only works in a Client Component but none of its parents are marked with 'use client', so they're Server Components by default. @ http://localhost:3000/_next/static/chunks/node_modules_next_dist_1gdrd03._.js:1945
[  884985ms] [ERROR] ./src/app/blog/page.tsx
'styled-jsx' cannot be imported from a Server Component module
It only works in a Client Component but none of its parents are marked with 'use client', so they're Server Components by default. @ http://localhost:3000/_next/static/chunks/node_modules_next_dist_1gdrd03._.js:1945
[  885047ms] [ERROR] ./src/app/blog/page.tsx
'styled-jsx' cannot be imported from a Server Component module
It only works in a Client Component but none of its parents are marked with 'use client', so they're Server Components by default. @ http://localhost:3000/_next/static/chunks/node_modules_next_dist_1gdrd03._.js:1945
[  885110ms] [ERROR] ./src/app/blog/page.tsx
'styled-jsx' cannot be imported from a Server Component module
It only works in a Client Component but none of its parents are marked with 'use client', so they're Server Components by default. @ http://localhost:3000/_next/static/chunks/node_modules_next_dist_1gdrd03._.js:1945
[  885172ms] [ERROR] ./src/app/blog/page.tsx
'styled-jsx' cannot be imported from a Server Component module
It only works in a Client Component but none of its parents are marked with 'use client', so they're Server Components by default. @ http://localhost:3000/_next/static/chunks/node_modules_next_dist_1gdrd03._.js:1945
[  885233ms] [ERROR] ./src/app/blog/page.tsx
'styled-jsx' cannot be imported from a Server Component module
It only works in a Client Component but none of its parents are marked with 'use client', so they're Server Components by default. @ http://localhost:3000/_next/static/chunks/node_modules_next_dist_1gdrd03._.js:1945
[  885296ms] [ERROR] ./src/app/blog/page.tsx
'styled-jsx' cannot be imported from a Server Component module
It only works in a Client Component but none of its parents are marked with 'use client', so they're Server Components by default. @ http://localhost:3000/_next/static/chunks/node_modules_next_dist_1gdrd03._.js:1945
[  885359ms] [ERROR] ./src/app/blog/page.tsx
'styled-jsx' cannot be imported from a Server Component module
It only works in a Client Component but none of its parents are marked with 'use client', so they're Server Components by default. @ http://localhost:3000/_next/static/chunks/node_modules_next_dist_1gdrd03._.js:1945
[  885421ms] [ERROR] ./src/app/blog/page.tsx
'styled-jsx' cannot be imported from a Server Component module
It only works in a Client Component but none of its parents are marked with 'use client', so they're Server Components by default. @ http://localhost:3000/_next/static/chunks/node_modules_next_dist_1gdrd03._.js:1945
[  885484ms] [ERROR] ./src/app/blog/page.tsx
'styled-jsx' cannot be imported from a Server Component module
It only works in a Client Component but none of its parents are marked with 'use client', so they're Server Components by default. @ http://localhost:3000/_next/static/chunks/node_modules_next_dist_1gdrd03._.js:1945
[  885544ms] [ERROR] ./src/app/blog/page.tsx
'styled-jsx' cannot be imported from a Server Component module
It only works in a Client Component but none of its parents are marked with 'use client', so they're Server Components by default. @ http://localhost:3000/_next/static/chunks/node_modules_next_dist_1gdrd03._.js:1945
[  885608ms] [ERROR] ./src/app/blog/page.tsx
'styled-jsx' cannot be imported from a Server Component module
It only works in a Client Component but none of its parents are marked with 'use client', so they're Server Components by default. @ http://localhost:3000/_next/static/chunks/node_modules_next_dist_1gdrd03._.js:1945
[  885669ms] [ERROR] ./src/app/blog/page.tsx
'styled-jsx' cannot be imported from a Server Component module
It only works in a Client Component but none of its parents are marked with 'use client', so they're Server Components by default. @ http://localhost:3000/_next/static/chunks/node_modules_next_dist_1gdrd03._.js:1945
[  885730ms] [ERROR] ./src/app/blog/page.tsx
'styled-jsx' cannot be imported from a Server Component module
It only works in a Client Component but none of its parents are marked with 'use client', so they're Server Components by default. @ http://localhost:3000/_next/static/chunks/node_modules_next_dist_1gdrd03._.js:1945
[  885793ms] [ERROR] ./src/app/blog/page.tsx
'styled-jsx' cannot be imported from a Server Component module
It only works in a Client Component but none of its parents are marked with 'use client', so they're Server Components by default. @ http://localhost:3000/_next/static/chunks/node_modules_next_dist_1gdrd03._.js:1945
[  885855ms] [ERROR] ./src/app/blog/page.tsx
'styled-jsx' cannot be imported from a Server Component module
It only works in a Client Component but none of its parents are marked with 'use client', so they're Server Components by default. @ http://localhost:3000/_next/static/chunks/node_modules_next_dist_1gdrd03._.js:1945
[  885915ms] [ERROR] ./src/app/blog/page.tsx
'styled-jsx' cannot be imported from a Server Component module
It only works in a Client Component but none of its parents are marked with 'use client', so they're Server Components by default. @ http://localhost:3000/_next/static/chunks/node_modules_next_dist_1gdrd03._.js:1945
[  885977ms] [ERROR] ./src/app/blog/page.tsx
'styled-jsx' cannot be imported from a Server Component module
It only works in a Client Component but none of its parents are marked with 'use client', so they're Server Components by default. @ http://localhost:3000/_next/static/chunks/node_modules_next_dist_1gdrd03._.js:1945
[  886039ms] [ERROR] ./src/app/blog/page.tsx
'styled-jsx' cannot be imported from a Server Component module
It only works in a Client Component but none of its parents are marked with 'use client', so they're Server Components by default. @ http://localhost:3000/_next/static/chunks/node_modules_next_dist_1gdrd03._.js:1945
[  886102ms] [ERROR] ./src/app/blog/page.tsx
'styled-jsx' cannot be imported from a Server Component module
It only works in a Client Component but none of its parents are marked with 'use client', so they're Server Components by default. @ http://localhost:3000/_next/static/chunks/node_modules_next_dist_1gdrd03._.js:1945
[  886163ms] [ERROR] ./src/app/blog/page.tsx
'styled-jsx' cannot be imported from a Server Component module
It only works in a Client Component but none of its parents are marked with 'use client', so they're Server Components by default. @ http://localhost:3000/_next/static/chunks/node_modules_next_dist_1gdrd03._.js:1945
[  886226ms] [ERROR] ./src/app/blog/page.tsx
'styled-jsx' cannot be imported from a Server Component module
It only works in a Client Component but none of its parents are marked with 'use client', so they're Server Components by default. @ http://localhost:3000/_next/static/chunks/node_modules_next_dist_1gdrd03._.js:1945
[  886289ms] [ERROR] ./src/app/blog/page.tsx
'styled-jsx' cannot be imported from a Server Component module
It only works in a Client Component but none of its parents are marked with 'use client', so they're Server Components by default. @ http://localhost:3000/_next/static/chunks/node_modules_next_dist_1gdrd03._.js:1945
[  886349ms] [ERROR] ./src/app/blog/page.tsx
'styled-jsx' cannot be imported from a Server Component module
It only works in a Client Component but none of its parents are marked with 'use client', so they're Server Components by default. @ http://localhost:3000/_next/static/chunks/node_modules_next_dist_1gdrd03._.js:1945
[  886411ms] [ERROR] ./src/app/blog/page.tsx
'styled-jsx' cannot be imported from a Server Component module
It only works in a Client Component but none of its parents are marked with 'use client', so they're Server Components by default. @ http://localhost:3000/_next/static/chunks/node_modules_next_dist_1gdrd03._.js:1945
[  886474ms] [ERROR] ./src/app/blog/page.tsx
'styled-jsx' cannot be imported from a Server Component module
It only works in a Client Component but none of its parents are marked with 'use client', so they're Server Components by default. @ http://localhost:3000/_next/static/chunks/node_modules_next_dist_1gdrd03._.js:1945
[  886536ms] [ERROR] ./src/app/blog/page.tsx
'styled-jsx' cannot be imported from a Server Component module
It only works in a Client Component but none of its parents are marked with 'use client', so they're Server Components by default. @ http://localhost:3000/_next/static/chunks/node_modules_next_dist_1gdrd03._.js:1945
[  886597ms] [ERROR] ./src/app/blog/page.tsx
'styled-jsx' cannot be imported from a Server Component module
It only works in a Client Component but none of its parents are marked with 'use client', so they're Server Components by default. @ http://localhost:3000/_next/static/chunks/node_modules_next_dist_1gdrd03._.js:1945
[  886660ms] [ERROR] ./src/app/blog/page.tsx
'styled-jsx' cannot be imported from a Server Component module
It only works in a Client Component but none of its parents are marked with 'use client', so they're Server Components by default. @ http://localhost:3000/_next/static/chunks/node_modules_next_dist_1gdrd03._.js:1945
[  886722ms] [ERROR] ./src/app/blog/page.tsx
'styled-jsx' cannot be imported from a Server Component module
It only works in a Client Component but none of its parents are marked with 'use client', so they're Server Components by default. @ http://localhost:3000/_next/static/chunks/node_modules_next_dist_1gdrd03._.js:1945
[  886785ms] [ERROR] ./src/app/blog/page.tsx
'styled-jsx' cannot be imported from a Server Component module
It only works in a Client Component but none of its parents are marked with 'use client', so they're Server Components by default. @ http://localhost:3000/_next/static/chunks/node_modules_next_dist_1gdrd03._.js:1945
[  886847ms] [ERROR] ./src/app/blog/page.tsx
'styled-jsx' cannot be imported from a Server Component module
It only works in a Client Component but none of its parents are marked with 'use client', so they're Server Components by default. @ http://localhost:3000/_next/static/chunks/node_modules_next_dist_1gdrd03._.js:1945
[  886910ms] [ERROR] ./src/app/blog/page.tsx
'styled-jsx' cannot be imported from a Server Component module
It only works in a Client Component but none of its parents are marked with 'use client', so they're Server Components by default. @ http://localhost:3000/_next/static/chunks/node_modules_next_dist_1gdrd03._.js:1945
[  886973ms] [ERROR] ./src/app/blog/page.tsx
'styled-jsx' cannot be imported from a Server Component module
It only works in a Client Component but none of its parents are marked with 'use client', so they're Server Components by default. @ http://localhost:3000/_next/static/chunks/node_modules_next_dist_1gdrd03._.js:1945
[  887036ms] [ERROR] ./src/app/blog/page.tsx
'styled-jsx' cannot be imported from a Server Component module
It only works in a Client Component but none of its parents are marked with 'use client', so they're Server Components by default. @ http://localhost:3000/_next/static/chunks/node_modules_next_dist_1gdrd03._.js:1945
[  887098ms] [ERROR] ./src/app/blog/page.tsx
'styled-jsx' cannot be imported from a Server Component module
It only works in a Client Component but none of its parents are marked with 'use client', so they're Server Components by default. @ http://localhost:3000/_next/static/chunks/node_modules_next_dist_1gdrd03._.js:1945
[  887161ms] [ERROR] ./src/app/blog/page.tsx
'styled-jsx' cannot be imported from a Server Component module
It only works in a Client Component but none of its parents are marked with 'use client', so they're Server Components by default. @ http://localhost:3000/_next/static/chunks/node_modules_next_dist_1gdrd03._.js:1945
[  887224ms] [ERROR] ./src/app/blog/page.tsx
'styled-jsx' cannot be imported from a Server Component module
It only works in a Client Component but none of its parents are marked with 'use client', so they're Server Components by default. @ http://localhost:3000/_next/static/chunks/node_modules_next_dist_1gdrd03._.js:1945
[  887284ms] [ERROR] ./src/app/blog/page.tsx
'styled-jsx' cannot be imported from a Server Component module
It only works in a Client Component but none of its parents are marked with 'use client', so they're Server Components by default. @ http://localhost:3000/_next/static/chunks/node_modules_next_dist_1gdrd03._.js:1945
[  887347ms] [ERROR] ./src/app/blog/page.tsx
'styled-jsx' cannot be imported from a Server Component module
It only works in a Client Component but none of its parents are marked with 'use client', so they're Server Components by default. @ http://localhost:3000/_next/static/chunks/node_modules_next_dist_1gdrd03._.js:1945
[  887408ms] [ERROR] ./src/app/blog/page.tsx
'styled-jsx' cannot be imported from a Server Component module
It only works in a Client Component but none of its parents are marked with 'use client', so they're Server Components by default. @ http://localhost:3000/_next/static/chunks/node_modules_next_dist_1gdrd03._.js:1945
[  887471ms] [ERROR] ./src/app/blog/page.tsx
'styled-jsx' cannot be imported from a Server Component module
It only works in a Client Component but none of its parents are marked with 'use client', so they're Server Components by default. @ http://localhost:3000/_next/static/chunks/node_modules_next_dist_1gdrd03._.js:1945
[  887533ms] [ERROR] ./src/app/blog/page.tsx
'styled-jsx' cannot be imported from a Server Component module
It only works in a Client Component but none of its parents are marked with 'use client', so they're Server Components by default. @ http://localhost:3000/_next/static/chunks/node_modules_next_dist_1gdrd03._.js:1945
[  887594ms] [ERROR] ./src/app/blog/page.tsx
'styled-jsx' cannot be imported from a Server Component module
It only works in a Client Component but none of its parents are marked with 'use client', so they're Server Components by default. @ http://localhost:3000/_next/static/chunks/node_modules_next_dist_1gdrd03._.js:1945
[  887656ms] [ERROR] ./src/app/blog/page.tsx
'styled-jsx' cannot be imported from a Server Component module
It only works in a Client Component but none of its parents are marked with 'use client', so they're Server Components by default. @ http://localhost:3000/_next/static/chunks/node_modules_next_dist_1gdrd03._.js:1945
[  887718ms] [ERROR] ./src/app/blog/page.tsx
'styled-jsx' cannot be imported from a Server Component module
It only works in a Client Component but none of its parents are marked with 'use client', so they're Server Components by default. @ http://localhost:3000/_next/static/chunks/node_modules_next_dist_1gdrd03._.js:1945
[  887781ms] [ERROR] ./src/app/blog/page.tsx
'styled-jsx' cannot be imported from a Server Component module
It only works in a Client Component but none of its parents are marked with 'use client', so they're Server Components by default. @ http://localhost:3000/_next/static/chunks/node_modules_next_dist_1gdrd03._.js:1945
[  887843ms] [ERROR] ./src/app/blog/page.tsx
'styled-jsx' cannot be imported from a Server Component module
It only works in a Client Component but none of its parents are marked with 'use client', so they're Server Components by default. @ http://localhost:3000/_next/static/chunks/node_modules_next_dist_1gdrd03._.js:1945
[  887905ms] [ERROR] ./src/app/blog/page.tsx
'styled-jsx' cannot be imported from a Server Component module
It only works in a Client Component but none of its parents are marked with 'use client', so they're Server Components by default. @ http://localhost:3000/_next/static/chunks/node_modules_next_dist_1gdrd03._.js:1945
[  887966ms] [ERROR] ./src/app/blog/page.tsx
'styled-jsx' cannot be imported from a Server Component module
It only works in a Client Component but none of its parents are marked with 'use client', so they're Server Components by default. @ http://localhost:3000/_next/static/chunks/node_modules_next_dist_1gdrd03._.js:1945
[  888029ms] [ERROR] ./src/app/blog/page.tsx
'styled-jsx' cannot be imported from a Server Component module
It only works in a Client Component but none of its parents are marked with 'use client', so they're Server Components by default. @ http://localhost:3000/_next/static/chunks/node_modules_next_dist_1gdrd03._.js:1945
[  888091ms] [ERROR] ./src/app/blog/page.tsx
'styled-jsx' cannot be imported from a Server Component module
It only works in a Client Component but none of its parents are marked with 'use client', so they're Server Components by default. @ http://localhost:3000/_next/static/chunks/node_modules_next_dist_1gdrd03._.js:1945
[  888153ms] [ERROR] ./src/app/blog/page.tsx
'styled-jsx' cannot be imported from a Server Component module
It only works in a Client Component but none of its parents are marked with 'use client', so they're Server Components by default. @ http://localhost:3000/_next/static/chunks/node_modules_next_dist_1gdrd03._.js:1945
[  888214ms] [ERROR] ./src/app/blog/page.tsx
'styled-jsx' cannot be imported from a Server Component module
It only works in a Client Component but none of its parents are marked with 'use client', so they're Server Components by default. @ http://localhost:3000/_next/static/chunks/node_modules_next_dist_1gdrd03._.js:1945
[  888274ms] [ERROR] ./src/app/blog/page.tsx
'styled-jsx' cannot be imported from a Server Component module
It only works in a Client Component but none of its parents are marked with 'use client', so they're Server Components by default. @ http://localhost:3000/_next/static/chunks/node_modules_next_dist_1gdrd03._.js:1945
[  888337ms] [ERROR] ./src/app/blog/page.tsx
'styled-jsx' cannot be imported from a Server Component module
It only works in a Client Component but none of its parents are marked with 'use client', so they're Server Components by default. @ http://localhost:3000/_next/static/chunks/node_modules_next_dist_1gdrd03._.js:1945
[  888398ms] [ERROR] ./src/app/blog/page.tsx
'styled-jsx' cannot be imported from a Server Component module
It only works in a Client Component but none of its parents are marked with 'use client', so they're Server Components by default. @ http://localhost:3000/_next/static/chunks/node_modules_next_dist_1gdrd03._.js:1945
[  888459ms] [ERROR] ./src/app/blog/page.tsx
'styled-jsx' cannot be imported from a Server Component module
It only works in a Client Component but none of its parents are marked with 'use client', so they're Server Components by default. @ http://localhost:3000/_next/static/chunks/node_modules_next_dist_1gdrd03._.js:1945
[  888521ms] [ERROR] ./src/app/blog/page.tsx
'styled-jsx' cannot be imported from a Server Component module
It only works in a Client Component but none of its parents are marked with 'use client', so they're Server Components by default. @ http://localhost:3000/_next/static/chunks/node_modules_next_dist_1gdrd03._.js:1945
[  888582ms] [ERROR] ./src/app/blog/page.tsx
'styled-jsx' cannot be imported from a Server Component module
It only works in a Client Component but none of its parents are marked with 'use client', so they're Server Components by default. @ http://localhost:3000/_next/static/chunks/node_modules_next_dist_1gdrd03._.js:1945
[  888645ms] [ERROR] ./src/app/blog/page.tsx
'styled-jsx' cannot be imported from a Server Component module
It only works in a Client Component but none of its parents are marked with 'use client', so they're Server Components by default. @ http://localhost:3000/_next/static/chunks/node_modules_next_dist_1gdrd03._.js:1945
[  888706ms] [ERROR] ./src/app/blog/page.tsx
'styled-jsx' cannot be imported from a Server Component module
It only works in a Client Component but none of its parents are marked with 'use client', so they're Server Components by default. @ http://localhost:3000/_next/static/chunks/node_modules_next_dist_1gdrd03._.js:1945
[  888768ms] [ERROR] ./src/app/blog/page.tsx
'styled-jsx' cannot be imported from a Server Component module
It only works in a Client Component but none of its parents are marked with 'use client', so they're Server Components by default. @ http://localhost:3000/_next/static/chunks/node_modules_next_dist_1gdrd03._.js:1945
[  888829ms] [ERROR] ./src/app/blog/page.tsx
'styled-jsx' cannot be imported from a Server Component module
It only works in a Client Component but none of its parents are marked with 'use client', so they're Server Components by default. @ http://localhost:3000/_next/static/chunks/node_modules_next_dist_1gdrd03._.js:1945
[  888893ms] [ERROR] ./src/app/blog/page.tsx
'styled-jsx' cannot be imported from a Server Component module
It only works in a Client Component but none of its parents are marked with 'use client', so they're Server Components by default. @ http://localhost:3000/_next/static/chunks/node_modules_next_dist_1gdrd03._.js:1945
[  888954ms] [ERROR] ./src/app/blog/page.tsx
'styled-jsx' cannot be imported from a Server Component module
It only works in a Client Component but none of its parents are marked with 'use client', so they're Server Components by default. @ http://localhost:3000/_next/static/chunks/node_modules_next_dist_1gdrd03._.js:1945
[  889015ms] [ERROR] ./src/app/blog/page.tsx
'styled-jsx' cannot be imported from a Server Component module
It only works in a Client Component but none of its parents are marked with 'use client', so they're Server Components by default. @ http://localhost:3000/_next/static/chunks/node_modules_next_dist_1gdrd03._.js:1945
[  889078ms] [ERROR] ./src/app/blog/page.tsx
'styled-jsx' cannot be imported from a Server Component module
It only works in a Client Component but none of its parents are marked with 'use client', so they're Server Components by default. @ http://localhost:3000/_next/static/chunks/node_modules_next_dist_1gdrd03._.js:1945
[  889139ms] [ERROR] ./src/app/blog/page.tsx
'styled-jsx' cannot be imported from a Server Component module
It only works in a Client Component but none of its parents are marked with 'use client', so they're Server Components by default. @ http://localhost:3000/_next/static/chunks/node_modules_next_dist_1gdrd03._.js:1945
[  889201ms] [ERROR] ./src/app/blog/page.tsx
'styled-jsx' cannot be imported from a Server Component module
It only works in a Client Component but none of its parents are marked with 'use client', so they're Server Components by default. @ http://localhost:3000/_next/static/chunks/node_modules_next_dist_1gdrd03._.js:1945
[  889263ms] [ERROR] ./src/app/blog/page.tsx
'styled-jsx' cannot be imported from a Server Component module
It only works in a Client Component but none of its parents are marked with 'use client', so they're Server Components by default. @ http://localhost:3000/_next/static/chunks/node_modules_next_dist_1gdrd03._.js:1945
[  889324ms] [ERROR] ./src/app/blog/page.tsx
'styled-jsx' cannot be imported from a Server Component module
It only works in a Client Component but none of its parents are marked with 'use client', so they're Server Components by default. @ http://localhost:3000/_next/static/chunks/node_modules_next_dist_1gdrd03._.js:1945
[  889387ms] [ERROR] ./src/app/blog/page.tsx
'styled-jsx' cannot be imported from a Server Component module
It only works in a Client Component but none of its parents are marked with 'use client', so they're Server Components by default. @ http://localhost:3000/_next/static/chunks/node_modules_next_dist_1gdrd03._.js:1945
[  889450ms] [ERROR] ./src/app/blog/page.tsx
'styled-jsx' cannot be imported from a Server Component module
It only works in a Client Component but none of its parents are marked with 'use client', so they're Server Components by default. @ http://localhost:3000/_next/static/chunks/node_modules_next_dist_1gdrd03._.js:1945
[  889512ms] [ERROR] ./src/app/blog/page.tsx
'styled-jsx' cannot be imported from a Server Component module
It only works in a Client Component but none of its parents are marked with 'use client', so they're Server Components by default. @ http://localhost:3000/_next/static/chunks/node_modules_next_dist_1gdrd03._.js:1945
[  889574ms] [ERROR] ./src/app/blog/page.tsx
'styled-jsx' cannot be imported from a Server Component module
It only works in a Client Component but none of its parents are marked with 'use client', so they're Server Components by default. @ http://localhost:3000/_next/static/chunks/node_modules_next_dist_1gdrd03._.js:1945
[  889637ms] [ERROR] ./src/app/blog/page.tsx
'styled-jsx' cannot be imported from a Server Component module
It only works in a Client Component but none of its parents are marked with 'use client', so they're Server Components by default. @ http://localhost:3000/_next/static/chunks/node_modules_next_dist_1gdrd03._.js:1945
[  889699ms] [ERROR] ./src/app/blog/page.tsx
'styled-jsx' cannot be imported from a Server Component module
It only works in a Client Component but none of its parents are marked with 'use client', so they're Server Components by default. @ http://localhost:3000/_next/static/chunks/node_modules_next_dist_1gdrd03._.js:1945
[  889762ms] [ERROR] ./src/app/blog/page.tsx
'styled-jsx' cannot be imported from a Server Component module
It only works in a Client Component but none of its parents are marked with 'use client', so they're Server Components by default. @ http://localhost:3000/_next/static/chunks/node_modules_next_dist_1gdrd03._.js:1945
[  889825ms] [ERROR] ./src/app/blog/page.tsx
'styled-jsx' cannot be imported from a Server Component module
It only works in a Client Component but none of its parents are marked with 'use client', so they're Server Components by default. @ http://localhost:3000/_next/static/chunks/node_modules_next_dist_1gdrd03._.js:1945
[  889889ms] [ERROR] ./src/app/blog/page.tsx
'styled-jsx' cannot be imported from a Server Component module
It only works in a Client Component but none of its parents are marked with 'use client', so they're Server Components by default. @ http://localhost:3000/_next/static/chunks/node_modules_next_dist_1gdrd03._.js:1945
[  889952ms] [ERROR] ./src/app/blog/page.tsx
'styled-jsx' cannot be imported from a Server Component module
It only works in a Client Component but none of its parents are marked with 'use client', so they're Server Components by default. @ http://localhost:3000/_next/static/chunks/node_modules_next_dist_1gdrd03._.js:1945
[  890013ms] [ERROR] ./src/app/blog/page.tsx
'styled-jsx' cannot be imported from a Server Component module
It only works in a Client Component but none of its parents are marked with 'use client', so they're Server Components by default. @ http://localhost:3000/_next/static/chunks/node_modules_next_dist_1gdrd03._.js:1945
[  890076ms] [ERROR] ./src/app/blog/page.tsx
'styled-jsx' cannot be imported from a Server Component module
It only works in a Client Component but none of its parents are marked with 'use client', so they're Server Components by default. @ http://localhost:3000/_next/static/chunks/node_modules_next_dist_1gdrd03._.js:1945
[  890137ms] [ERROR] ./src/app/blog/page.tsx
'styled-jsx' cannot be imported from a Server Component module
It only works in a Client Component but none of its parents are marked with 'use client', so they're Server Components by default. @ http://localhost:3000/_next/static/chunks/node_modules_next_dist_1gdrd03._.js:1945
[  890201ms] [ERROR] ./src/app/blog/page.tsx
'styled-jsx' cannot be imported from a Server Component module
It only works in a Client Component but none of its parents are marked with 'use client', so they're Server Components by default. @ http://localhost:3000/_next/static/chunks/node_modules_next_dist_1gdrd03._.js:1945
[  890261ms] [ERROR] ./src/app/blog/page.tsx
'styled-jsx' cannot be imported from a Server Component module
It only works in a Client Component but none of its parents are marked with 'use client', so they're Server Components by default. @ http://localhost:3000/_next/static/chunks/node_modules_next_dist_1gdrd03._.js:1945
[  890323ms] [ERROR] ./src/app/blog/page.tsx
'styled-jsx' cannot be imported from a Server Component module
It only works in a Client Component but none of its parents are marked with 'use client', so they're Server Components by default. @ http://localhost:3000/_next/static/chunks/node_modules_next_dist_1gdrd03._.js:1945
[  890386ms] [ERROR] ./src/app/blog/page.tsx
'styled-jsx' cannot be imported from a Server Component module
It only works in a Client Component but none of its parents are marked with 'use client', so they're Server Components by default. @ http://localhost:3000/_next/static/chunks/node_modules_next_dist_1gdrd03._.js:1945
[  890447ms] [ERROR] ./src/app/blog/page.tsx
'styled-jsx' cannot be imported from a Server Component module
It only works in a Client Component but none of its parents are marked with 'use client', so they're Server Components by default. @ http://localhost:3000/_next/static/chunks/node_modules_next_dist_1gdrd03._.js:1945
[  890508ms] [ERROR] ./src/app/blog/page.tsx
'styled-jsx' cannot be imported from a Server Component module
It only works in a Client Component but none of its parents are marked with 'use client', so they're Server Components by default. @ http://localhost:3000/_next/static/chunks/node_modules_next_dist_1gdrd03._.js:1945
[  890570ms] [ERROR] ./src/app/blog/page.tsx
'styled-jsx' cannot be imported from a Server Component module
It only works in a Client Component but none of its parents are marked with 'use client', so they're Server Components by default. @ http://localhost:3000/_next/static/chunks/node_modules_next_dist_1gdrd03._.js:1945
[  890631ms] [ERROR] ./src/app/blog/page.tsx
'styled-jsx' cannot be imported from a Server Component module
It only works in a Client Component but none of its parents are marked with 'use client', so they're Server Components by default. @ http://localhost:3000/_next/static/chunks/node_modules_next_dist_1gdrd03._.js:1945
[  890692ms] [ERROR] ./src/app/blog/page.tsx
'styled-jsx' cannot be imported from a Server Component module
It only works in a Client Component but none of its parents are marked with 'use client', so they're Server Components by default. @ http://localhost:3000/_next/static/chunks/node_modules_next_dist_1gdrd03._.js:1945
[  890756ms] [ERROR] ./src/app/blog/page.tsx
'styled-jsx' cannot be imported from a Server Component module
It only works in a Client Component but none of its parents are marked with 'use client', so they're Server Components by default. @ http://localhost:3000/_next/static/chunks/node_modules_next_dist_1gdrd03._.js:1945
[  890819ms] [ERROR] ./src/app/blog/page.tsx
'styled-jsx' cannot be imported from a Server Component module
It only works in a Client Component but none of its parents are marked with 'use client', so they're Server Components by default. @ http://localhost:3000/_next/static/chunks/node_modules_next_dist_1gdrd03._.js:1945
[  890881ms] [ERROR] ./src/app/blog/page.tsx
'styled-jsx' cannot be imported from a Server Component module
It only works in a Client Component but none of its parents are marked with 'use client', so they're Server Components by default. @ http://localhost:3000/_next/static/chunks/node_modules_next_dist_1gdrd03._.js:1945
[  890943ms] [ERROR] ./src/app/blog/page.tsx
'styled-jsx' cannot be imported from a Server Component module
It only works in a Client Component but none of its parents are marked with 'use client', so they're Server Components by default. @ http://localhost:3000/_next/static/chunks/node_modules_next_dist_1gdrd03._.js:1945
[  891004ms] [ERROR] ./src/app/blog/page.tsx
'styled-jsx' cannot be imported from a Server Component module
It only works in a Client Component but none of its parents are marked with 'use client', so they're Server Components by default. @ http://localhost:3000/_next/static/chunks/node_modules_next_dist_1gdrd03._.js:1945
[  891065ms] [ERROR] ./src/app/blog/page.tsx
'styled-jsx' cannot be imported from a Server Component module
It only works in a Client Component but none of its parents are marked with 'use client', so they're Server Components by default. @ http://localhost:3000/_next/static/chunks/node_modules_next_dist_1gdrd03._.js:1945
[  891127ms] [ERROR] ./src/app/blog/page.tsx
'styled-jsx' cannot be imported from a Server Component module
It only works in a Client Component but none of its parents are marked with 'use client', so they're Server Components by default. @ http://localhost:3000/_next/static/chunks/node_modules_next_dist_1gdrd03._.js:1945
[  891189ms] [ERROR] ./src/app/blog/page.tsx
'styled-jsx' cannot be imported from a Server Component module
It only works in a Client Component but none of its parents are marked with 'use client', so they're Server Components by default. @ http://localhost:3000/_next/static/chunks/node_modules_next_dist_1gdrd03._.js:1945
[  891250ms] [ERROR] ./src/app/blog/page.tsx
'styled-jsx' cannot be imported from a Server Component module
It only works in a Client Component but none of its parents are marked with 'use client', so they're Server Components by default. @ http://localhost:3000/_next/static/chunks/node_modules_next_dist_1gdrd03._.js:1945
[  891314ms] [ERROR] ./src/app/blog/page.tsx
'styled-jsx' cannot be imported from a Server Component module
It only works in a Client Component but none of its parents are marked with 'use client', so they're Server Components by default. @ http://localhost:3000/_next/static/chunks/node_modules_next_dist_1gdrd03._.js:1945
[  891377ms] [ERROR] ./src/app/blog/page.tsx
'styled-jsx' cannot be imported from a Server Component module
It only works in a Client Component but none of its parents are marked with 'use client', so they're Server Components by default. @ http://localhost:3000/_next/static/chunks/node_modules_next_dist_1gdrd03._.js:1945
[  891439ms] [ERROR] ./src/app/blog/page.tsx
'styled-jsx' cannot be imported from a Server Component module
It only works in a Client Component but none of its parents are marked with 'use client', so they're Server Components by default. @ http://localhost:3000/_next/static/chunks/node_modules_next_dist_1gdrd03._.js:1945
[  891503ms] [ERROR] ./src/app/blog/page.tsx
'styled-jsx' cannot be imported from a Server Component module
It only works in a Client Component but none of its parents are marked with 'use client', so they're Server Components by default. @ http://localhost:3000/_next/static/chunks/node_modules_next_dist_1gdrd03._.js:1945
[  891565ms] [ERROR] ./src/app/blog/page.tsx
'styled-jsx' cannot be imported from a Server Component module
It only works in a Client Component but none of its parents are marked with 'use client', so they're Server Components by default. @ http://localhost:3000/_next/static/chunks/node_modules_next_dist_1gdrd03._.js:1945
[  891626ms] [ERROR] ./src/app/blog/page.tsx
'styled-jsx' cannot be imported from a Server Component module
It only works in a Client Component but none of its parents are marked with 'use client', so they're Server Components by default. @ http://localhost:3000/_next/static/chunks/node_modules_next_dist_1gdrd03._.js:1945
[  891719ms] [ERROR] ./src/app/blog/page.tsx
'styled-jsx' cannot be imported from a Server Component module
It only works in a Client Component but none of its parents are marked with 'use client', so they're Server Components by default. @ http://localhost:3000/_next/static/chunks/node_modules_next_dist_1gdrd03._.js:1945
[  891781ms] [ERROR] ./src/app/blog/page.tsx
'styled-jsx' cannot be imported from a Server Component module
It only works in a Client Component but none of its parents are marked with 'use client', so they're Server Components by default. @ http://localhost:3000/_next/static/chunks/node_modules_next_dist_1gdrd03._.js:1945
[  891844ms] [ERROR] ./src/app/blog/page.tsx
'styled-jsx' cannot be imported from a Server Component module
It only works in a Client Component but none of its parents are marked with 'use client', so they're Server Components by default. @ http://localhost:3000/_next/static/chunks/node_modules_next_dist_1gdrd03._.js:1945
[  891907ms] [ERROR] ./src/app/blog/page.tsx
'styled-jsx' cannot be imported from a Server Component module
It only works in a Client Component but none of its parents are marked with 'use client', so they're Server Components by default. @ http://localhost:3000/_next/static/chunks/node_modules_next_dist_1gdrd03._.js:1945
[  891968ms] [ERROR] ./src/app/blog/page.tsx
'styled-jsx' cannot be imported from a Server Component module
It only works in a Client Component but none of its parents are marked with 'use client', so they're Server Components by default. @ http://localhost:3000/_next/static/chunks/node_modules_next_dist_1gdrd03._.js:1945
[  892030ms] [ERROR] ./src/app/blog/page.tsx
'styled-jsx' cannot be imported from a Server Component module
It only works in a Client Component but none of its parents are marked with 'use client', so they're Server Components by default. @ http://localhost:3000/_next/static/chunks/node_modules_next_dist_1gdrd03._.js:1945
[  892090ms] [ERROR] ./src/app/blog/page.tsx
'styled-jsx' cannot be imported from a Server Component module
It only works in a Client Component but none of its parents are marked with 'use client', so they're Server Components by default. @ http://localhost:3000/_next/static/chunks/node_modules_next_dist_1gdrd03._.js:1945
[  892152ms] [ERROR] ./src/app/blog/page.tsx
'styled-jsx' cannot be imported from a Server Component module
It only works in a Client Component but none of its parents are marked with 'use client', so they're Server Components by default. @ http://localhost:3000/_next/static/chunks/node_modules_next_dist_1gdrd03._.js:1945
[  892215ms] [ERROR] ./src/app/blog/page.tsx
'styled-jsx' cannot be imported from a Server Component module
It only works in a Client Component but none of its parents are marked with 'use client', so they're Server Components by default. @ http://localhost:3000/_next/static/chunks/node_modules_next_dist_1gdrd03._.js:1945
[  892279ms] [ERROR] ./src/app/blog/page.tsx
'styled-jsx' cannot be imported from a Server Component module
It only works in a Client Component but none of its parents are marked with 'use client', so they're Server Components by default. @ http://localhost:3000/_next/static/chunks/node_modules_next_dist_1gdrd03._.js:1945
[  892342ms] [ERROR] ./src/app/blog/page.tsx
'styled-jsx' cannot be imported from a Server Component module
It only works in a Client Component but none of its parents are marked with 'use client', so they're Server Components by default. @ http://localhost:3000/_next/static/chunks/node_modules_next_dist_1gdrd03._.js:1945
[  892405ms] [ERROR] ./src/app/blog/page.tsx
'styled-jsx' cannot be imported from a Server Component module
It only works in a Client Component but none of its parents are marked with 'use client', so they're Server Components by default. @ http://localhost:3000/_next/static/chunks/node_modules_next_dist_1gdrd03._.js:1945
[  892465ms] [ERROR] ./src/app/blog/page.tsx
'styled-jsx' cannot be imported from a Server Component module
It only works in a Client Component but none of its parents are marked with 'use client', so they're Server Components by default. @ http://localhost:3000/_next/static/chunks/node_modules_next_dist_1gdrd03._.js:1945
[  892528ms] [ERROR] ./src/app/blog/page.tsx
'styled-jsx' cannot be imported from a Server Component module
It only works in a Client Component but none of its parents are marked with 'use client', so they're Server Components by default. @ http://localhost:3000/_next/static/chunks/node_modules_next_dist_1gdrd03._.js:1945
[  892589ms] [ERROR] ./src/app/blog/page.tsx
'styled-jsx' cannot be imported from a Server Component module
It only works in a Client Component but none of its parents are marked with 'use client', so they're Server Components by default. @ http://localhost:3000/_next/static/chunks/node_modules_next_dist_1gdrd03._.js:1945
[  892651ms] [ERROR] ./src/app/blog/page.tsx
'styled-jsx' cannot be imported from a Server Component module
It only works in a Client Component but none of its parents are marked with 'use client', so they're Server Components by default. @ http://localhost:3000/_next/static/chunks/node_modules_next_dist_1gdrd03._.js:1945
[  892714ms] [ERROR] ./src/app/blog/page.tsx
'styled-jsx' cannot be imported from a Server Component module
It only works in a Client Component but none of its parents are marked with 'use client', so they're Server Components by default. @ http://localhost:3000/_next/static/chunks/node_modules_next_dist_1gdrd03._.js:1945
[  892777ms] [ERROR] ./src/app/blog/page.tsx
'styled-jsx' cannot be imported from a Server Component module
It only works in a Client Component but none of its parents are marked with 'use client', so they're Server Components by default. @ http://localhost:3000/_next/static/chunks/node_modules_next_dist_1gdrd03._.js:1945
[  892840ms] [ERROR] ./src/app/blog/page.tsx
'styled-jsx' cannot be imported from a Server Component module
It only works in a Client Component but none of its parents are marked with 'use client', so they're Server Components by default. @ http://localhost:3000/_next/static/chunks/node_modules_next_dist_1gdrd03._.js:1945
[  892902ms] [ERROR] ./src/app/blog/page.tsx
'styled-jsx' cannot be imported from a Server Component module
It only works in a Client Component but none of its parents are marked with 'use client', so they're Server Components by default. @ http://localhost:3000/_next/static/chunks/node_modules_next_dist_1gdrd03._.js:1945
[  892964ms] [ERROR] ./src/app/blog/page.tsx
'styled-jsx' cannot be imported from a Server Component module
It only works in a Client Component but none of its parents are marked with 'use client', so they're Server Components by default. @ http://localhost:3000/_next/static/chunks/node_modules_next_dist_1gdrd03._.js:1945
[  893025ms] [ERROR] ./src/app/blog/page.tsx
'styled-jsx' cannot be imported from a Server Component module
It only works in a Client Component but none of its parents are marked with 'use client', so they're Server Components by default. @ http://localhost:3000/_next/static/chunks/node_modules_next_dist_1gdrd03._.js:1945
[  893090ms] [ERROR] ./src/app/blog/page.tsx
'styled-jsx' cannot be imported from a Server Component module
It only works in a Client Component but none of its parents are marked with 'use client', so they're Server Components by default. @ http://localhost:3000/_next/static/chunks/node_modules_next_dist_1gdrd03._.js:1945
[  893151ms] [ERROR] ./src/app/blog/page.tsx
'styled-jsx' cannot be imported from a Server Component module
It only works in a Client Component but none of its parents are marked with 'use client', so they're Server Components by default. @ http://localhost:3000/_next/static/chunks/node_modules_next_dist_1gdrd03._.js:1945
[  893214ms] [ERROR] ./src/app/blog/page.tsx
'styled-jsx' cannot be imported from a Server Component module
It only works in a Client Component but none of its parents are marked with 'use client', so they're Server Components by default. @ http://localhost:3000/_next/static/chunks/node_modules_next_dist_1gdrd03._.js:1945
[  893277ms] [ERROR] ./src/app/blog/page.tsx
'styled-jsx' cannot be imported from a Server Component module
It only works in a Client Component but none of its parents are marked with 'use client', so they're Server Components by default. @ http://localhost:3000/_next/static/chunks/node_modules_next_dist_1gdrd03._.js:1945
[  893340ms] [ERROR] ./src/app/blog/page.tsx
'styled-jsx' cannot be imported from a Server Component module
It only works in a Client Component but none of its parents are marked with 'use client', so they're Server Components by default. @ http://localhost:3000/_next/static/chunks/node_modules_next_dist_1gdrd03._.js:1945
[  893402ms] [ERROR] ./src/app/blog/page.tsx
'styled-jsx' cannot be imported from a Server Component module
It only works in a Client Component but none of its parents are marked with 'use client', so they're Server Components by default. @ http://localhost:3000/_next/static/chunks/node_modules_next_dist_1gdrd03._.js:1945
[  893464ms] [ERROR] ./src/app/blog/page.tsx
'styled-jsx' cannot be imported from a Server Component module
It only works in a Client Component but none of its parents are marked with 'use client', so they're Server Components by default. @ http://localhost:3000/_next/static/chunks/node_modules_next_dist_1gdrd03._.js:1945
[  893526ms] [ERROR] ./src/app/blog/page.tsx
'styled-jsx' cannot be imported from a Server Component module
It only works in a Client Component but none of its parents are marked with 'use client', so they're Server Components by default. @ http://localhost:3000/_next/static/chunks/node_modules_next_dist_1gdrd03._.js:1945
[  893589ms] [ERROR] ./src/app/blog/page.tsx
'styled-jsx' cannot be imported from a Server Component module
It only works in a Client Component but none of its parents are marked with 'use client', so they're Server Components by default. @ http://localhost:3000/_next/static/chunks/node_modules_next_dist_1gdrd03._.js:1945
[  893651ms] [ERROR] ./src/app/blog/page.tsx
'styled-jsx' cannot be imported from a Server Component module
It only works in a Client Component but none of its parents are marked with 'use client', so they're Server Components by default. @ http://localhost:3000/_next/static/chunks/node_modules_next_dist_1gdrd03._.js:1945
[  893713ms] [ERROR] ./src/app/blog/page.tsx
'styled-jsx' cannot be imported from a Server Component module
It only works in a Client Component but none of its parents are marked with 'use client', so they're Server Components by default. @ http://localhost:3000/_next/static/chunks/node_modules_next_dist_1gdrd03._.js:1945
[  893775ms] [ERROR] ./src/app/blog/page.tsx
'styled-jsx' cannot be imported from a Server Component module
It only works in a Client Component but none of its parents are marked with 'use client', so they're Server Components by default. @ http://localhost:3000/_next/static/chunks/node_modules_next_dist_1gdrd03._.js:1945
[  893837ms] [ERROR] ./src/app/blog/page.tsx
'styled-jsx' cannot be imported from a Server Component module
It only works in a Client Component but none of its parents are marked with 'use client', so they're Server Components by default. @ http://localhost:3000/_next/static/chunks/node_modules_next_dist_1gdrd03._.js:1945
[  893899ms] [ERROR] ./src/app/blog/page.tsx
'styled-jsx' cannot be imported from a Server Component module
It only works in a Client Component but none of its parents are marked with 'use client', so they're Server Components by default. @ http://localhost:3000/_next/static/chunks/node_modules_next_dist_1gdrd03._.js:1945
[  893960ms] [ERROR] ./src/app/blog/page.tsx
'styled-jsx' cannot be imported from a Server Component module
It only works in a Client Component but none of its parents are marked with 'use client', so they're Server Components by default. @ http://localhost:3000/_next/static/chunks/node_modules_next_dist_1gdrd03._.js:1945
[  894023ms] [ERROR] ./src/app/blog/page.tsx
'styled-jsx' cannot be imported from a Server Component module
It only works in a Client Component but none of its parents are marked with 'use client', so they're Server Components by default. @ http://localhost:3000/_next/static/chunks/node_modules_next_dist_1gdrd03._.js:1945
[  894085ms] [ERROR] ./src/app/blog/page.tsx
'styled-jsx' cannot be imported from a Server Component module
It only works in a Client Component but none of its parents are marked with 'use client', so they're Server Components by default. @ http://localhost:3000/_next/static/chunks/node_modules_next_dist_1gdrd03._.js:1945
[  894149ms] [ERROR] ./src/app/blog/page.tsx
'styled-jsx' cannot be imported from a Server Component module
It only works in a Client Component but none of its parents are marked with 'use client', so they're Server Components by default. @ http://localhost:3000/_next/static/chunks/node_modules_next_dist_1gdrd03._.js:1945
[  894211ms] [ERROR] ./src/app/blog/page.tsx
'styled-jsx' cannot be imported from a Server Component module
It only works in a Client Component but none of its parents are marked with 'use client', so they're Server Components by default. @ http://localhost:3000/_next/static/chunks/node_modules_next_dist_1gdrd03._.js:1945
[  894273ms] [ERROR] ./src/app/blog/page.tsx
'styled-jsx' cannot be imported from a Server Component module
It only works in a Client Component but none of its parents are marked with 'use client', so they're Server Components by default. @ http://localhost:3000/_next/static/chunks/node_modules_next_dist_1gdrd03._.js:1945
[  894335ms] [ERROR] ./src/app/blog/page.tsx
'styled-jsx' cannot be imported from a Server Component module
It only works in a Client Component but none of its parents are marked with 'use client', so they're Server Components by default. @ http://localhost:3000/_next/static/chunks/node_modules_next_dist_1gdrd03._.js:1945
[  894398ms] [ERROR] ./src/app/blog/page.tsx
'styled-jsx' cannot be imported from a Server Component module
It only works in a Client Component but none of its parents are marked with 'use client', so they're Server Components by default. @ http://localhost:3000/_next/static/chunks/node_modules_next_dist_1gdrd03._.js:1945
[  894461ms] [ERROR] ./src/app/blog/page.tsx
'styled-jsx' cannot be imported from a Server Component module
It only works in a Client Component but none of its parents are marked with 'use client', so they're Server Components by default. @ http://localhost:3000/_next/static/chunks/node_modules_next_dist_1gdrd03._.js:1945
[  894522ms] [ERROR] ./src/app/blog/page.tsx
'styled-jsx' cannot be imported from a Server Component module
It only works in a Client Component but none of its parents are marked with 'use client', so they're Server Components by default. @ http://localhost:3000/_next/static/chunks/node_modules_next_dist_1gdrd03._.js:1945
[  894586ms] [ERROR] ./src/app/blog/page.tsx
'styled-jsx' cannot be imported from a Server Component module
It only works in a Client Component but none of its parents are marked with 'use client', so they're Server Components by default. @ http://localhost:3000/_next/static/chunks/node_modules_next_dist_1gdrd03._.js:1945
[  894650ms] [ERROR] ./src/app/blog/page.tsx
'styled-jsx' cannot be imported from a Server Component module
It only works in a Client Component but none of its parents are marked with 'use client', so they're Server Components by default. @ http://localhost:3000/_next/static/chunks/node_modules_next_dist_1gdrd03._.js:1945
[  894712ms] [ERROR] ./src/app/blog/page.tsx
'styled-jsx' cannot be imported from a Server Component module
It only works in a Client Component but none of its parents are marked with 'use client', so they're Server Components by default. @ http://localhost:3000/_next/static/chunks/node_modules_next_dist_1gdrd03._.js:1945
[  894773ms] [ERROR] ./src/app/blog/page.tsx
'styled-jsx' cannot be imported from a Server Component module
It only works in a Client Component but none of its parents are marked with 'use client', so they're Server Components by default. @ http://localhost:3000/_next/static/chunks/node_modules_next_dist_1gdrd03._.js:1945
[  894834ms] [ERROR] ./src/app/blog/page.tsx
'styled-jsx' cannot be imported from a Server Component module
It only works in a Client Component but none of its parents are marked with 'use client', so they're Server Components by default. @ http://localhost:3000/_next/static/chunks/node_modules_next_dist_1gdrd03._.js:1945
[  894896ms] [ERROR] ./src/app/blog/page.tsx
'styled-jsx' cannot be imported from a Server Component module
It only works in a Client Component but none of its parents are marked with 'use client', so they're Server Components by default. @ http://localhost:3000/_next/static/chunks/node_modules_next_dist_1gdrd03._.js:1945
[  894959ms] [ERROR] ./src/app/blog/page.tsx
'styled-jsx' cannot be imported from a Server Component module
It only works in a Client Component but none of its parents are marked with 'use client', so they're Server Components by default. @ http://localhost:3000/_next/static/chunks/node_modules_next_dist_1gdrd03._.js:1945
[  895020ms] [ERROR] ./src/app/blog/page.tsx
'styled-jsx' cannot be imported from a Server Component module
It only works in a Client Component but none of its parents are marked with 'use client', so they're Server Components by default. @ http://localhost:3000/_next/static/chunks/node_modules_next_dist_1gdrd03._.js:1945
[  895083ms] [ERROR] ./src/app/blog/page.tsx
'styled-jsx' cannot be imported from a Server Component module
It only works in a Client Component but none of its parents are marked with 'use client', so they're Server Components by default. @ http://localhost:3000/_next/static/chunks/node_modules_next_dist_1gdrd03._.js:1945
[  895144ms] [ERROR] ./src/app/blog/page.tsx
'styled-jsx' cannot be imported from a Server Component module
It only works in a Client Component but none of its parents are marked with 'use client', so they're Server Components by default. @ http://localhost:3000/_next/static/chunks/node_modules_next_dist_1gdrd03._.js:1945
[  895208ms] [ERROR] ./src/app/blog/page.tsx
'styled-jsx' cannot be imported from a Server Component module
It only works in a Client Component but none of its parents are marked with 'use client', so they're Server Components by default. @ http://localhost:3000/_next/static/chunks/node_modules_next_dist_1gdrd03._.js:1945
[  895272ms] [ERROR] ./src/app/blog/page.tsx
'styled-jsx' cannot be imported from a Server Component module
It only works in a Client Component but none of its parents are marked with 'use client', so they're Server Components by default. @ http://localhost:3000/_next/static/chunks/node_modules_next_dist_1gdrd03._.js:1945
[  895333ms] [ERROR] ./src/app/blog/page.tsx
'styled-jsx' cannot be imported from a Server Component module
It only works in a Client Component but none of its parents are marked with 'use client', so they're Server Components by default. @ http://localhost:3000/_next/static/chunks/node_modules_next_dist_1gdrd03._.js:1945
[  895396ms] [ERROR] ./src/app/blog/page.tsx
'styled-jsx' cannot be imported from a Server Component module
It only works in a Client Component but none of its parents are marked with 'use client', so they're Server Components by default. @ http://localhost:3000/_next/static/chunks/node_modules_next_dist_1gdrd03._.js:1945
[  895459ms] [ERROR] ./src/app/blog/page.tsx
'styled-jsx' cannot be imported from a Server Component module
It only works in a Client Component but none of its parents are marked with 'use client', so they're Server Components by default. @ http://localhost:3000/_next/static/chunks/node_modules_next_dist_1gdrd03._.js:1945
[  895521ms] [ERROR] ./src/app/blog/page.tsx
'styled-jsx' cannot be imported from a Server Component module
It only works in a Client Component but none of its parents are marked with 'use client', so they're Server Components by default. @ http://localhost:3000/_next/static/chunks/node_modules_next_dist_1gdrd03._.js:1945
[  895583ms] [ERROR] ./src/app/blog/page.tsx
'styled-jsx' cannot be imported from a Server Component module
It only works in a Client Component but none of its parents are marked with 'use client', so they're Server Components by default. @ http://localhost:3000/_next/static/chunks/node_modules_next_dist_1gdrd03._.js:1945
[  895645ms] [ERROR] ./src/app/blog/page.tsx
'styled-jsx' cannot be imported from a Server Component module
It only works in a Client Component but none of its parents are marked with 'use client', so they're Server Components by default. @ http://localhost:3000/_next/static/chunks/node_modules_next_dist_1gdrd03._.js:1945
[  895707ms] [ERROR] ./src/app/blog/page.tsx
'styled-jsx' cannot be imported from a Server Component module
It only works in a Client Component but none of its parents are marked with 'use client', so they're Server Components by default. @ http://localhost:3000/_next/static/chunks/node_modules_next_dist_1gdrd03._.js:1945
[  895768ms] [ERROR] ./src/app/blog/page.tsx
'styled-jsx' cannot be imported from a Server Component module
It only works in a Client Component but none of its parents are marked with 'use client', so they're Server Components by default. @ http://localhost:3000/_next/static/chunks/node_modules_next_dist_1gdrd03._.js:1945
[  895829ms] [ERROR] ./src/app/blog/page.tsx
'styled-jsx' cannot be imported from a Server Component module
It only works in a Client Component but none of its parents are marked with 'use client', so they're Server Components by default. @ http://localhost:3000/_next/static/chunks/node_modules_next_dist_1gdrd03._.js:1945
[  895891ms] [ERROR] ./src/app/blog/page.tsx
'styled-jsx' cannot be imported from a Server Component module
It only works in a Client Component but none of its parents are marked with 'use client', so they're Server Components by default. @ http://localhost:3000/_next/static/chunks/node_modules_next_dist_1gdrd03._.js:1945
[  895953ms] [ERROR] ./src/app/blog/page.tsx
'styled-jsx' cannot be imported from a Server Component module
It only works in a Client Component but none of its parents are marked with 'use client', so they're Server Components by default. @ http://localhost:3000/_next/static/chunks/node_modules_next_dist_1gdrd03._.js:1945
[  896013ms] [ERROR] ./src/app/blog/page.tsx
'styled-jsx' cannot be imported from a Server Component module
It only works in a Client Component but none of its parents are marked with 'use client', so they're Server Components by default. @ http://localhost:3000/_next/static/chunks/node_modules_next_dist_1gdrd03._.js:1945
[  896076ms] [ERROR] ./src/app/blog/page.tsx
'styled-jsx' cannot be imported from a Server Component module
It only works in a Client Component but none of its parents are marked with 'use client', so they're Server Components by default. @ http://localhost:3000/_next/static/chunks/node_modules_next_dist_1gdrd03._.js:1945
[  896137ms] [ERROR] ./src/app/blog/page.tsx
'styled-jsx' cannot be imported from a Server Component module
It only works in a Client Component but none of its parents are marked with 'use client', so they're Server Components by default. @ http://localhost:3000/_next/static/chunks/node_modules_next_dist_1gdrd03._.js:1945
[  896199ms] [ERROR] ./src/app/blog/page.tsx
'styled-jsx' cannot be imported from a Server Component module
It only works in a Client Component but none of its parents are marked with 'use client', so they're Server Components by default. @ http://localhost:3000/_next/static/chunks/node_modules_next_dist_1gdrd03._.js:1945
[  896261ms] [ERROR] ./src/app/blog/page.tsx
'styled-jsx' cannot be imported from a Server Component module
It only works in a Client Component but none of its parents are marked with 'use client', so they're Server Components by default. @ http://localhost:3000/_next/static/chunks/node_modules_next_dist_1gdrd03._.js:1945
[  896323ms] [ERROR] ./src/app/blog/page.tsx
'styled-jsx' cannot be imported from a Server Component module
It only works in a Client Component but none of its parents are marked with 'use client', so they're Server Components by default. @ http://localhost:3000/_next/static/chunks/node_modules_next_dist_1gdrd03._.js:1945
[  896385ms] [ERROR] ./src/app/blog/page.tsx
'styled-jsx' cannot be imported from a Server Component module
It only works in a Client Component but none of its parents are marked with 'use client', so they're Server Components by default. @ http://localhost:3000/_next/static/chunks/node_modules_next_dist_1gdrd03._.js:1945
[  896449ms] [ERROR] ./src/app/blog/page.tsx
'styled-jsx' cannot be imported from a Server Component module
It only works in a Client Component but none of its parents are marked with 'use client', so they're Server Components by default. @ http://localhost:3000/_next/static/chunks/node_modules_next_dist_1gdrd03._.js:1945
[  896510ms] [ERROR] ./src/app/blog/page.tsx
'styled-jsx' cannot be imported from a Server Component module
It only works in a Client Component but none of its parents are marked with 'use client', so they're Server Components by default. @ http://localhost:3000/_next/static/chunks/node_modules_next_dist_1gdrd03._.js:1945
[  896571ms] [ERROR] ./src/app/blog/page.tsx
'styled-jsx' cannot be imported from a Server Component module
It only works in a Client Component but none of its parents are marked with 'use client', so they're Server Components by default. @ http://localhost:3000/_next/static/chunks/node_modules_next_dist_1gdrd03._.js:1945
[  896633ms] [ERROR] ./src/app/blog/page.tsx
'styled-jsx' cannot be imported from a Server Component module
It only works in a Client Component but none of its parents are marked with 'use client', so they're Server Components by default. @ http://localhost:3000/_next/static/chunks/node_modules_next_dist_1gdrd03._.js:1945
[  896697ms] [ERROR] ./src/app/blog/page.tsx
'styled-jsx' cannot be imported from a Server Component module
It only works in a Client Component but none of its parents are marked with 'use client', so they're Server Components by default. @ http://localhost:3000/_next/static/chunks/node_modules_next_dist_1gdrd03._.js:1945
[  896761ms] [ERROR] ./src/app/blog/page.tsx
'styled-jsx' cannot be imported from a Server Component module
It only works in a Client Component but none of its parents are marked with 'use client', so they're Server Components by default. @ http://localhost:3000/_next/static/chunks/node_modules_next_dist_1gdrd03._.js:1945
[  896823ms] [ERROR] ./src/app/blog/page.tsx
'styled-jsx' cannot be imported from a Server Component module
It only works in a Client Component but none of its parents are marked with 'use client', so they're Server Components by default. @ http://localhost:3000/_next/static/chunks/node_modules_next_dist_1gdrd03._.js:1945
[  896886ms] [ERROR] ./src/app/blog/page.tsx
'styled-jsx' cannot be imported from a Server Component module
It only works in a Client Component but none of its parents are marked with 'use client', so they're Server Components by default. @ http://localhost:3000/_next/static/chunks/node_modules_next_dist_1gdrd03._.js:1945
[  896948ms] [ERROR] ./src/app/blog/page.tsx
'styled-jsx' cannot be imported from a Server Component module
It only works in a Client Component but none of its parents are marked with 'use client', so they're Server Components by default. @ http://localhost:3000/_next/static/chunks/node_modules_next_dist_1gdrd03._.js:1945
[  897008ms] [ERROR] ./src/app/blog/page.tsx
'styled-jsx' cannot be imported from a Server Component module
It only works in a Client Component but none of its parents are marked with 'use client', so they're Server Components by default. @ http://localhost:3000/_next/static/chunks/node_modules_next_dist_1gdrd03._.js:1945
[  897070ms] [ERROR] ./src/app/blog/page.tsx
'styled-jsx' cannot be imported from a Server Component module
It only works in a Client Component but none of its parents are marked with 'use client', so they're Server Components by default. @ http://localhost:3000/_next/static/chunks/node_modules_next_dist_1gdrd03._.js:1945
[  897132ms] [ERROR] ./src/app/blog/page.tsx
'styled-jsx' cannot be imported from a Server Component module
It only works in a Client Component but none of its parents are marked with 'use client', so they're Server Components by default. @ http://localhost:3000/_next/static/chunks/node_modules_next_dist_1gdrd03._.js:1945
[  897194ms] [ERROR] ./src/app/blog/page.tsx
'styled-jsx' cannot be imported from a Server Component module
It only works in a Client Component but none of its parents are marked with 'use client', so they're Server Components by default. @ http://localhost:3000/_next/static/chunks/node_modules_next_dist_1gdrd03._.js:1945
[  897257ms] [ERROR] ./src/app/blog/page.tsx
'styled-jsx' cannot be imported from a Server Component module
It only works in a Client Component but none of its parents are marked with 'use client', so they're Server Components by default. @ http://localhost:3000/_next/static/chunks/node_modules_next_dist_1gdrd03._.js:1945
[  897320ms] [ERROR] ./src/app/blog/page.tsx
'styled-jsx' cannot be imported from a Server Component module
It only works in a Client Component but none of its parents are marked with 'use client', so they're Server Components by default. @ http://localhost:3000/_next/static/chunks/node_modules_next_dist_1gdrd03._.js:1945
[  897382ms] [ERROR] ./src/app/blog/page.tsx
'styled-jsx' cannot be imported from a Server Component module
It only works in a Client Component but none of its parents are marked with 'use client', so they're Server Components by default. @ http://localhost:3000/_next/static/chunks/node_modules_next_dist_1gdrd03._.js:1945
[  897443ms] [ERROR] ./src/app/blog/page.tsx
'styled-jsx' cannot be imported from a Server Component module
It only works in a Client Component but none of its parents are marked with 'use client', so they're Server Components by default. @ http://localhost:3000/_next/static/chunks/node_modules_next_dist_1gdrd03._.js:1945
[  897506ms] [ERROR] ./src/app/blog/page.tsx
'styled-jsx' cannot be imported from a Server Component module
It only works in a Client Component but none of its parents are marked with 'use client', so they're Server Components by default. @ http://localhost:3000/_next/static/chunks/node_modules_next_dist_1gdrd03._.js:1945
[  897567ms] [ERROR] ./src/app/blog/page.tsx
'styled-jsx' cannot be imported from a Server Component module
It only works in a Client Component but none of its parents are marked with 'use client', so they're Server Components by default. @ http://localhost:3000/_next/static/chunks/node_modules_next_dist_1gdrd03._.js:1945
[  897630ms] [ERROR] ./src/app/blog/page.tsx
'styled-jsx' cannot be imported from a Server Component module
It only works in a Client Component but none of its parents are marked with 'use client', so they're Server Components by default. @ http://localhost:3000/_next/static/chunks/node_modules_next_dist_1gdrd03._.js:1945
[  897690ms] [ERROR] ./src/app/blog/page.tsx
'styled-jsx' cannot be imported from a Server Component module
It only works in a Client Component but none of its parents are marked with 'use client', so they're Server Components by default. @ http://localhost:3000/_next/static/chunks/node_modules_next_dist_1gdrd03._.js:1945
[  897752ms] [ERROR] ./src/app/blog/page.tsx
'styled-jsx' cannot be imported from a Server Component module
It only works in a Client Component but none of its parents are marked with 'use client', so they're Server Components by default. @ http://localhost:3000/_next/static/chunks/node_modules_next_dist_1gdrd03._.js:1945
[  897815ms] [ERROR] ./src/app/blog/page.tsx
'styled-jsx' cannot be imported from a Server Component module
It only works in a Client Component but none of its parents are marked with 'use client', so they're Server Components by default. @ http://localhost:3000/_next/static/chunks/node_modules_next_dist_1gdrd03._.js:1945
[  897876ms] [ERROR] ./src/app/blog/page.tsx
'styled-jsx' cannot be imported from a Server Component module
It only works in a Client Component but none of its parents are marked with 'use client', so they're Server Components by default. @ http://localhost:3000/_next/static/chunks/node_modules_next_dist_1gdrd03._.js:1945
[  897939ms] [ERROR] ./src/app/blog/page.tsx
'styled-jsx' cannot be imported from a Server Component module
It only works in a Client Component but none of its parents are marked with 'use client', so they're Server Components by default. @ http://localhost:3000/_next/static/chunks/node_modules_next_dist_1gdrd03._.js:1945
[  898000ms] [ERROR] ./src/app/blog/page.tsx
'styled-jsx' cannot be imported from a Server Component module
It only works in a Client Component but none of its parents are marked with 'use client', so they're Server Components by default. @ http://localhost:3000/_next/static/chunks/node_modules_next_dist_1gdrd03._.js:1945
[  898061ms] [ERROR] ./src/app/blog/page.tsx
'styled-jsx' cannot be imported from a Server Component module
It only works in a Client Component but none of its parents are marked with 'use client', so they're Server Components by default. @ http://localhost:3000/_next/static/chunks/node_modules_next_dist_1gdrd03._.js:1945
[  898122ms] [ERROR] ./src/app/blog/page.tsx
'styled-jsx' cannot be imported from a Server Component module
It only works in a Client Component but none of its parents are marked with 'use client', so they're Server Components by default. @ http://localhost:3000/_next/static/chunks/node_modules_next_dist_1gdrd03._.js:1945
[  898185ms] [ERROR] ./src/app/blog/page.tsx
'styled-jsx' cannot be imported from a Server Component module
It only works in a Client Component but none of its parents are marked with 'use client', so they're Server Components by default. @ http://localhost:3000/_next/static/chunks/node_modules_next_dist_1gdrd03._.js:1945
[  898245ms] [ERROR] ./src/app/blog/page.tsx
'styled-jsx' cannot be imported from a Server Component module
It only works in a Client Component but none of its parents are marked with 'use client', so they're Server Components by default. @ http://localhost:3000/_next/static/chunks/node_modules_next_dist_1gdrd03._.js:1945
[  898308ms] [ERROR] ./src/app/blog/page.tsx
'styled-jsx' cannot be imported from a Server Component module
It only works in a Client Component but none of its parents are marked with 'use client', so they're Server Components by default. @ http://localhost:3000/_next/static/chunks/node_modules_next_dist_1gdrd03._.js:1945
[  898370ms] [ERROR] ./src/app/blog/page.tsx
'styled-jsx' cannot be imported from a Server Component module
It only works in a Client Component but none of its parents are marked with 'use client', so they're Server Components by default. @ http://localhost:3000/_next/static/chunks/node_modules_next_dist_1gdrd03._.js:1945
[  898421ms] [ERROR] ./src/app/blog/page.tsx
'styled-jsx' cannot be imported from a Server Component module
It only works in a Client Component but none of its parents are marked with 'use client', so they're Server Components by default. @ http://localhost:3000/_next/static/chunks/node_modules_next_dist_1gdrd03._.js:1945
[  898526ms] [LOG] [Fast Refresh] rebuilding @ http://localhost:3000/_next/static/chunks/node_modules_next_dist_1gdrd03._.js:1226
[  899306ms] [ERROR] ./src/app/blog/page.tsx
'styled-jsx' cannot be imported from a Server Component module
It only works in a Client Component but none of its parents are marked with 'use client', so they're Server Components by default. @ http://localhost:3000/_next/static/chunks/node_modules_next_dist_1gdrd03._.js:1945
[  899362ms] [ERROR] Failed to load resource: the server responded with a status of 500 (Internal Server Error) @ http://localhost:3000/:0
[  899455ms] [INFO] %cDownload the React DevTools for a better development experience: https://react.dev/link/react-devtools font-weight:bold @ http://localhost:3000/_next/static/chunks/node_modules_react-dom_0kla17-._.js:15305
[  899483ms] Error: ./src/app/blog/page.tsx
'styled-jsx' cannot be imported from a Server Component module
It only works in a Client Component but none of its parents are marked with 'use client', so they're Server Components by default.


    at Object.getCompilationErrors (file://C:\reandy\easybites-app\node_modules\next\dist\server\dev\hot-reloader-turbopack.js:1186:59)
    at DevBundlerService.getCompilationError (file://C:\reandy\easybites-app\node_modules\next\dist\server\lib\dev-bundler-service.js:44:55)
    at DevServer.getCompilationError (file://C:\reandy\easybites-app\node_modules\next\dist\server\dev\next-dev-server.js:720:42)
    at DevServer.findPageComponents (file://C:\reandy\easybites-app\node_modules\next\dist\server\dev\next-dev-server.js:690:43)
    at async DevServer.renderErrorToResponseImpl (file://C:\reandy\easybites-app\node_modules\next\dist\server\base-server.js:1753:26)
[  899480ms] [LOG] [HMR] connected @ http://localhost:3000/_next/static/chunks/node_modules_next_dist_1gdrd03._.js:1226
[  899483ms] [ERROR] ./src/app/blog/page.tsx
'styled-jsx' cannot be imported from a Server Component module
It only works in a Client Component but none of its parents are marked with 'use client', so they're Server Components by default. @ http://localhost:3000/_next/static/chunks/node_modules_next_dist_1gdrd03._.js:1945
[  899551ms] [ERROR] ./src/app/blog/page.tsx
'styled-jsx' cannot be imported from a Server Component module
It only works in a Client Component but none of its parents are marked with 'use client', so they're Server Components by default. @ http://localhost:3000/_next/static/chunks/node_modules_next_dist_1gdrd03._.js:1945
[  899611ms] [ERROR] ./src/app/blog/page.tsx
'styled-jsx' cannot be imported from a Server Component module
It only works in a Client Component but none of its parents are marked with 'use client', so they're Server Components by default. @ http://localhost:3000/_next/static/chunks/node_modules_next_dist_1gdrd03._.js:1945
[  899671ms] [ERROR] ./src/app/blog/page.tsx
'styled-jsx' cannot be imported from a Server Component module
It only works in a Client Component but none of its parents are marked with 'use client', so they're Server Components by default. @ http://localhost:3000/_next/static/chunks/node_modules_next_dist_1gdrd03._.js:1945
[  899733ms] [ERROR] ./src/app/blog/page.tsx
'styled-jsx' cannot be imported from a Server Component module
It only works in a Client Component but none of its parents are marked with 'use client', so they're Server Components by default. @ http://localhost:3000/_next/static/chunks/node_modules_next_dist_1gdrd03._.js:1945
[  899795ms] [ERROR] ./src/app/blog/page.tsx
'styled-jsx' cannot be imported from a Server Component module
It only works in a Client Component but none of its parents are marked with 'use client', so they're Server Components by default. @ http://localhost:3000/_next/static/chunks/node_modules_next_dist_1gdrd03._.js:1945
[  899857ms] [ERROR] ./src/app/blog/page.tsx
'styled-jsx' cannot be imported from a Server Component module
It only works in a Client Component but none of its parents are marked with 'use client', so they're Server Components by default. @ http://localhost:3000/_next/static/chunks/node_modules_next_dist_1gdrd03._.js:1945
[  899969ms] [ERROR] ./src/app/blog/page.tsx
'styled-jsx' cannot be imported from a Server Component module
It only works in a Client Component but none of its parents are marked with 'use client', so they're Server Components by default. @ http://localhost:3000/_next/static/chunks/node_modules_next_dist_1gdrd03._.js:1945
[  900013ms] [LOG] [Fast Refresh] rebuilding @ http://localhost:3000/_next/static/chunks/node_modules_next_dist_1gdrd03._.js:1226
[  900173ms] [ERROR] ./src/app/blog/page.tsx
'styled-jsx' cannot be imported from a Server Component module
It only works in a Client Component but none of its parents are marked with 'use client', so they're Server Components by default. @ http://localhost:3000/_next/static/chunks/node_modules_next_dist_1gdrd03._.js:1945
[  900177ms] [LOG] [Fast Refresh] rebuilding @ http://localhost:3000/_next/static/chunks/node_modules_next_dist_1gdrd03._.js:1226
[  900602ms] [ERROR] ./src/app/blog/page.tsx
'styled-jsx' cannot be imported from a Server Component module
It only works in a Client Component but none of its parents are marked with 'use client', so they're Server Components by default. @ http://localhost:3000/_next/static/chunks/node_modules_next_dist_1gdrd03._.js:1945
[  900671ms] [LOG] [Fast Refresh] rebuilding @ http://localhost:3000/_next/static/chunks/node_modules_next_dist_1gdrd03._.js:1226
[  900746ms] [ERROR] ./src/app/blog/page.tsx
'styled-jsx' cannot be imported from a Server Component module
It only works in a Client Component but none of its parents are marked with 'use client', so they're Server Components by default. @ http://localhost:3000/_next/static/chunks/node_modules_next_dist_1gdrd03._.js:1945
[  900858ms] [LOG] [Fast Refresh] rebuilding @ http://localhost:3000/_next/static/chunks/node_modules_next_dist_1gdrd03._.js:1226
[  900890ms] [ERROR] ./src/app/blog/page.tsx
'styled-jsx' cannot be imported from a Server Component module
It only works in a Client Component but none of its parents are marked with 'use client', so they're Server Components by default. @ http://localhost:3000/_next/static/chunks/node_modules_next_dist_1gdrd03._.js:1945
[  900948ms] [ERROR] ./src/app/blog/page.tsx
'styled-jsx' cannot be imported from a Server Component module
It only works in a Client Component but none of its parents are marked with 'use client', so they're Server Components by default. @ http://localhost:3000/_next/static/chunks/node_modules_next_dist_1gdrd03._.js:1945
[  901040ms] [ERROR] ./src/app/blog/page.tsx
'styled-jsx' cannot be imported from a Server Component module
It only works in a Client Component but none of its parents are marked with 'use client', so they're Server Components by default. @ http://localhost:3000/_next/static/chunks/node_modules_next_dist_1gdrd03._.js:1945
[  901077ms] [LOG] [Fast Refresh] rebuilding @ http://localhost:3000/_next/static/chunks/node_modules_next_dist_1gdrd03._.js:1226
[  901284ms] [LOG] [Fast Refresh] rebuilding @ http://localhost:3000/_next/static/chunks/node_modules_next_dist_1gdrd03._.js:1226
[  901325ms] [ERROR] ./src/app/blog/page.tsx
'styled-jsx' cannot be imported from a Server Component module
It only works in a Client Component but none of its parents are marked with 'use client', so they're Server Components by default. @ http://localhost:3000/_next/static/chunks/node_modules_next_dist_1gdrd03._.js:1945
[  901486ms] [ERROR] ./src/app/blog/page.tsx
'styled-jsx' cannot be imported from a Server Component module
It only works in a Client Component but none of its parents are marked with 'use client', so they're Server Components by default. @ http://localhost:3000/_next/static/chunks/node_modules_next_dist_1gdrd03._.js:1945
[  901490ms] [LOG] [Fast Refresh] rebuilding @ http://localhost:3000/_next/static/chunks/node_modules_next_dist_1gdrd03._.js:1226
[  901608ms] [ERROR] ./src/app/blog/page.tsx
'styled-jsx' cannot be imported from a Server Component module
It only works in a Client Component but none of its parents are marked with 'use client', so they're Server Components by default. @ http://localhost:3000/_next/static/chunks/node_modules_next_dist_1gdrd03._.js:1945
[  901670ms] [ERROR] ./src/app/blog/page.tsx
'styled-jsx' cannot be imported from a Server Component module
It only works in a Client Component but none of its parents are marked with 'use client', so they're Server Components by default. @ http://localhost:3000/_next/static/chunks/node_modules_next_dist_1gdrd03._.js:1945
[  901732ms] [ERROR] ./src/app/blog/page.tsx
'styled-jsx' cannot be imported from a Server Component module
It only works in a Client Component but none of its parents are marked with 'use client', so they're Server Components by default. @ http://localhost:3000/_next/static/chunks/node_modules_next_dist_1gdrd03._.js:1945
[  901794ms] [ERROR] ./src/app/blog/page.tsx
'styled-jsx' cannot be imported from a Server Component module
It only works in a Client Component but none of its parents are marked with 'use client', so they're Server Components by default. @ http://localhost:3000/_next/static/chunks/node_modules_next_dist_1gdrd03._.js:1945
[  901856ms] [ERROR] ./src/app/blog/page.tsx
'styled-jsx' cannot be imported from a Server Component module
It only works in a Client Component but none of its parents are marked with 'use client', so they're Server Components by default. @ http://localhost:3000/_next/static/chunks/node_modules_next_dist_1gdrd03._.js:1945
[  901918ms] [ERROR] ./src/app/blog/page.tsx
'styled-jsx' cannot be imported from a Server Component module
It only works in a Client Component but none of its parents are marked with 'use client', so they're Server Components by default. @ http://localhost:3000/_next/static/chunks/node_modules_next_dist_1gdrd03._.js:1945
[  901980ms] [ERROR] ./src/app/blog/page.tsx
'styled-jsx' cannot be imported from a Server Component module
It only works in a Client Component but none of its parents are marked with 'use client', so they're Server Components by default. @ http://localhost:3000/_next/static/chunks/node_modules_next_dist_1gdrd03._.js:1945
[  902043ms] [ERROR] ./src/app/blog/page.tsx
'styled-jsx' cannot be imported from a Server Component module
It only works in a Client Component but none of its parents are marked with 'use client', so they're Server Components by default. @ http://localhost:3000/_next/static/chunks/node_modules_next_dist_1gdrd03._.js:1945
[  902104ms] [ERROR] ./src/app/blog/page.tsx
'styled-jsx' cannot be imported from a Server Component module
It only works in a Client Component but none of its parents are marked with 'use client', so they're Server Components by default. @ http://localhost:3000/_next/static/chunks/node_modules_next_dist_1gdrd03._.js:1945
[  902165ms] [ERROR] ./src/app/blog/page.tsx
'styled-jsx' cannot be imported from a Server Component module
It only works in a Client Component but none of its parents are marked with 'use client', so they're Server Components by default. @ http://localhost:3000/_next/static/chunks/node_modules_next_dist_1gdrd03._.js:1945
[  902227ms] [ERROR] ./src/app/blog/page.tsx
'styled-jsx' cannot be imported from a Server Component module
It only works in a Client Component but none of its parents are marked with 'use client', so they're Server Components by default. @ http://localhost:3000/_next/static/chunks/node_modules_next_dist_1gdrd03._.js:1945
[  902290ms] [ERROR] ./src/app/blog/page.tsx
'styled-jsx' cannot be imported from a Server Component module
It only works in a Client Component but none of its parents are marked with 'use client', so they're Server Components by default. @ http://localhost:3000/_next/static/chunks/node_modules_next_dist_1gdrd03._.js:1945
[  902352ms] [ERROR] ./src/app/blog/page.tsx
'styled-jsx' cannot be imported from a Server Component module
It only works in a Client Component but none of its parents are marked with 'use client', so they're Server Components by default. @ http://localhost:3000/_next/static/chunks/node_modules_next_dist_1gdrd03._.js:1945
[  902415ms] [ERROR] ./src/app/blog/page.tsx
'styled-jsx' cannot be imported from a Server Component module
It only works in a Client Component but none of its parents are marked with 'use client', so they're Server Components by default. @ http://localhost:3000/_next/static/chunks/node_modules_next_dist_1gdrd03._.js:1945
[  902477ms] [ERROR] ./src/app/blog/page.tsx
'styled-jsx' cannot be imported from a Server Component module
It only works in a Client Component but none of its parents are marked with 'use client', so they're Server Components by default. @ http://localhost:3000/_next/static/chunks/node_modules_next_dist_1gdrd03._.js:1945
[  902539ms] [ERROR] ./src/app/blog/page.tsx
'styled-jsx' cannot be imported from a Server Component module
It only works in a Client Component but none of its parents are marked with 'use client', so they're Server Components by default. @ http://localhost:3000/_next/static/chunks/node_modules_next_dist_1gdrd03._.js:1945
[  902603ms] [ERROR] ./src/app/blog/page.tsx
'styled-jsx' cannot be imported from a Server Component module
It only works in a Client Component but none of its parents are marked with 'use client', so they're Server Components by default. @ http://localhost:3000/_next/static/chunks/node_modules_next_dist_1gdrd03._.js:1945
[  902665ms] [ERROR] ./src/app/blog/page.tsx
'styled-jsx' cannot be imported from a Server Component module
It only works in a Client Component but none of its parents are marked with 'use client', so they're Server Components by default. @ http://localhost:3000/_next/static/chunks/node_modules_next_dist_1gdrd03._.js:1945
[  902726ms] [ERROR] ./src/app/blog/page.tsx
'styled-jsx' cannot be imported from a Server Component module
It only works in a Client Component but none of its parents are marked with 'use client', so they're Server Components by default. @ http://localhost:3000/_next/static/chunks/node_modules_next_dist_1gdrd03._.js:1945
[  902787ms] [ERROR] ./src/app/blog/page.tsx
'styled-jsx' cannot be imported from a Server Component module
It only works in a Client Component but none of its parents are marked with 'use client', so they're Server Components by default. @ http://localhost:3000/_next/static/chunks/node_modules_next_dist_1gdrd03._.js:1945
[  902848ms] [ERROR] ./src/app/blog/page.tsx
'styled-jsx' cannot be imported from a Server Component module
It only works in a Client Component but none of its parents are marked with 'use client', so they're Server Components by default. @ http://localhost:3000/_next/static/chunks/node_modules_next_dist_1gdrd03._.js:1945
[  902910ms] [ERROR] ./src/app/blog/page.tsx
'styled-jsx' cannot be imported from a Server Component module
It only works in a Client Component but none of its parents are marked with 'use client', so they're Server Components by default. @ http://localhost:3000/_next/static/chunks/node_modules_next_dist_1gdrd03._.js:1945
[  902972ms] [ERROR] ./src/app/blog/page.tsx
'styled-jsx' cannot be imported from a Server Component module
It only works in a Client Component but none of its parents are marked with 'use client', so they're Server Components by default. @ http://localhost:3000/_next/static/chunks/node_modules_next_dist_1gdrd03._.js:1945
[  903033ms] [ERROR] ./src/app/blog/page.tsx
'styled-jsx' cannot be imported from a Server Component module
It only works in a Client Component but none of its parents are marked with 'use client', so they're Server Components by default. @ http://localhost:3000/_next/static/chunks/node_modules_next_dist_1gdrd03._.js:1945
[  903096ms] [ERROR] ./src/app/blog/page.tsx
'styled-jsx' cannot be imported from a Server Component module
It only works in a Client Component but none of its parents are marked with 'use client', so they're Server Components by default. @ http://localhost:3000/_next/static/chunks/node_modules_next_dist_1gdrd03._.js:1945
[  903158ms] [ERROR] ./src/app/blog/page.tsx
'styled-jsx' cannot be imported from a Server Component module
It only works in a Client Component but none of its parents are marked with 'use client', so they're Server Components by default. @ http://localhost:3000/_next/static/chunks/node_modules_next_dist_1gdrd03._.js:1945
[  903219ms] [ERROR] ./src/app/blog/page.tsx
'styled-jsx' cannot be imported from a Server Component module
It only works in a Client Component but none of its parents are marked with 'use client', so they're Server Components by default. @ http://localhost:3000/_next/static/chunks/node_modules_next_dist_1gdrd03._.js:1945
[  903280ms] [ERROR] ./src/app/blog/page.tsx
'styled-jsx' cannot be imported from a Server Component module
It only works in a Client Component but none of its parents are marked with 'use client', so they're Server Components by default. @ http://localhost:3000/_next/static/chunks/node_modules_next_dist_1gdrd03._.js:1945
[  903343ms] [ERROR] ./src/app/blog/page.tsx
'styled-jsx' cannot be imported from a Server Component module
It only works in a Client Component but none of its parents are marked with 'use client', so they're Server Components by default. @ http://localhost:3000/_next/static/chunks/node_modules_next_dist_1gdrd03._.js:1945
[  903406ms] [ERROR] ./src/app/blog/page.tsx
'styled-jsx' cannot be imported from a Server Component module
It only works in a Client Component but none of its parents are marked with 'use client', so they're Server Components by default. @ http://localhost:3000/_next/static/chunks/node_modules_next_dist_1gdrd03._.js:1945
[  903468ms] [ERROR] ./src/app/blog/page.tsx
'styled-jsx' cannot be imported from a Server Component module
It only works in a Client Component but none of its parents are marked with 'use client', so they're Server Components by default. @ http://localhost:3000/_next/static/chunks/node_modules_next_dist_1gdrd03._.js:1945
[  903529ms] [ERROR] ./src/app/blog/page.tsx
'styled-jsx' cannot be imported from a Server Component module
It only works in a Client Component but none of its parents are marked with 'use client', so they're Server Components by default. @ http://localhost:3000/_next/static/chunks/node_modules_next_dist_1gdrd03._.js:1945
[  903591ms] [ERROR] ./src/app/blog/page.tsx
'styled-jsx' cannot be imported from a Server Component module
It only works in a Client Component but none of its parents are marked with 'use client', so they're Server Components by default. @ http://localhost:3000/_next/static/chunks/node_modules_next_dist_1gdrd03._.js:1945
[  903653ms] [ERROR] ./src/app/blog/page.tsx
'styled-jsx' cannot be imported from a Server Component module
It only works in a Client Component but none of its parents are marked with 'use client', so they're Server Components by default. @ http://localhost:3000/_next/static/chunks/node_modules_next_dist_1gdrd03._.js:1945
[  903716ms] [ERROR] ./src/app/blog/page.tsx
'styled-jsx' cannot be imported from a Server Component module
It only works in a Client Component but none of its parents are marked with 'use client', so they're Server Components by default. @ http://localhost:3000/_next/static/chunks/node_modules_next_dist_1gdrd03._.js:1945
[  903778ms] [ERROR] ./src/app/blog/page.tsx
'styled-jsx' cannot be imported from a Server Component module
It only works in a Client Component but none of its parents are marked with 'use client', so they're Server Components by default. @ http://localhost:3000/_next/static/chunks/node_modules_next_dist_1gdrd03._.js:1945
[  903841ms] [ERROR] ./src/app/blog/page.tsx
'styled-jsx' cannot be imported from a Server Component module
It only works in a Client Component but none of its parents are marked with 'use client', so they're Server Components by default. @ http://localhost:3000/_next/static/chunks/node_modules_next_dist_1gdrd03._.js:1945
[  903904ms] [ERROR] ./src/app/blog/page.tsx
'styled-jsx' cannot be imported from a Server Component module
It only works in a Client Component but none of its parents are marked with 'use client', so they're Server Components by default. @ http://localhost:3000/_next/static/chunks/node_modules_next_dist_1gdrd03._.js:1945
[  903967ms] [ERROR] ./src/app/blog/page.tsx
'styled-jsx' cannot be imported from a Server Component module
It only works in a Client Component but none of its parents are marked with 'use client', so they're Server Components by default. @ http://localhost:3000/_next/static/chunks/node_modules_next_dist_1gdrd03._.js:1945
[  904029ms] [ERROR] ./src/app/blog/page.tsx
'styled-jsx' cannot be imported from a Server Component module
It only works in a Client Component but none of its parents are marked with 'use client', so they're Server Components by default. @ http://localhost:3000/_next/static/chunks/node_modules_next_dist_1gdrd03._.js:1945
[  904090ms] [ERROR] ./src/app/blog/page.tsx
'styled-jsx' cannot be imported from a Server Component module
It only works in a Client Component but none of its parents are marked with 'use client', so they're Server Components by default. @ http://localhost:3000/_next/static/chunks/node_modules_next_dist_1gdrd03._.js:1945
[  904154ms] [ERROR] ./src/app/blog/page.tsx
'styled-jsx' cannot be imported from a Server Component module
It only works in a Client Component but none of its parents are marked with 'use client', so they're Server Components by default. @ http://localhost:3000/_next/static/chunks/node_modules_next_dist_1gdrd03._.js:1945
[  904216ms] [ERROR] ./src/app/blog/page.tsx
'styled-jsx' cannot be imported from a Server Component module
It only works in a Client Component but none of its parents are marked with 'use client', so they're Server Components by default. @ http://localhost:3000/_next/static/chunks/node_modules_next_dist_1gdrd03._.js:1945
[  904303ms] [ERROR] ./src/app/blog/page.tsx
'styled-jsx' cannot be imported from a Server Component module
It only works in a Client Component but none of its parents are marked with 'use client', so they're Server Components by default. @ http://localhost:3000/_next/static/chunks/node_modules_next_dist_1gdrd03._.js:1945
[  904372ms] [ERROR] ./src/app/blog/page.tsx
'styled-jsx' cannot be imported from a Server Component module
It only works in a Client Component but none of its parents are marked with 'use client', so they're Server Components by default. @ http://localhost:3000/_next/static/chunks/node_modules_next_dist_1gdrd03._.js:1945
[  904435ms] [ERROR] ./src/app/blog/page.tsx
'styled-jsx' cannot be imported from a Server Component module
It only works in a Client Component but none of its parents are marked with 'use client', so they're Server Components by default. @ http://localhost:3000/_next/static/chunks/node_modules_next_dist_1gdrd03._.js:1945
[  904495ms] [ERROR] ./src/app/blog/page.tsx
'styled-jsx' cannot be imported from a Server Component module
It only works in a Client Component but none of its parents are marked with 'use client', so they're Server Components by default. @ http://localhost:3000/_next/static/chunks/node_modules_next_dist_1gdrd03._.js:1945
[  904557ms] [ERROR] ./src/app/blog/page.tsx
'styled-jsx' cannot be imported from a Server Component module
It only works in a Client Component but none of its parents are marked with 'use client', so they're Server Components by default. @ http://localhost:3000/_next/static/chunks/node_modules_next_dist_1gdrd03._.js:1945
[  904618ms] [ERROR] ./src/app/blog/page.tsx
'styled-jsx' cannot be imported from a Server Component module
It only works in a Client Component but none of its parents are marked with 'use client', so they're Server Components by default. @ http://localhost:3000/_next/static/chunks/node_modules_next_dist_1gdrd03._.js:1945
[  904681ms] [ERROR] ./src/app/blog/page.tsx
'styled-jsx' cannot be imported from a Server Component module
It only works in a Client Component but none of its parents are marked with 'use client', so they're Server Components by default. @ http://localhost:3000/_next/static/chunks/node_modules_next_dist_1gdrd03._.js:1945
[  904743ms] [ERROR] ./src/app/blog/page.tsx
'styled-jsx' cannot be imported from a Server Component module
It only works in a Client Component but none of its parents are marked with 'use client', so they're Server Components by default. @ http://localhost:3000/_next/static/chunks/node_modules_next_dist_1gdrd03._.js:1945
[  904806ms] [ERROR] ./src/app/blog/page.tsx
'styled-jsx' cannot be imported from a Server Component module
It only works in a Client Component but none of its parents are marked with 'use client', so they're Server Components by default. @ http://localhost:3000/_next/static/chunks/node_modules_next_dist_1gdrd03._.js:1945
[  904868ms] [ERROR] ./src/app/blog/page.tsx
'styled-jsx' cannot be imported from a Server Component module
It only works in a Client Component but none of its parents are marked with 'use client', so they're Server Components by default. @ http://localhost:3000/_next/static/chunks/node_modules_next_dist_1gdrd03._.js:1945
[  904929ms] [ERROR] ./src/app/blog/page.tsx
'styled-jsx' cannot be imported from a Server Component module
It only works in a Client Component but none of its parents are marked with 'use client', so they're Server Components by default. @ http://localhost:3000/_next/static/chunks/node_modules_next_dist_1gdrd03._.js:1945
[  904991ms] [ERROR] ./src/app/blog/page.tsx
'styled-jsx' cannot be imported from a Server Component module
It only works in a Client Component but none of its parents are marked with 'use client', so they're Server Components by default. @ http://localhost:3000/_next/static/chunks/node_modules_next_dist_1gdrd03._.js:1945
[  905053ms] [ERROR] ./src/app/blog/page.tsx
'styled-jsx' cannot be imported from a Server Component module
It only works in a Client Component but none of its parents are marked with 'use client', so they're Server Components by default. @ http://localhost:3000/_next/static/chunks/node_modules_next_dist_1gdrd03._.js:1945
[  905116ms] [ERROR] ./src/app/blog/page.tsx
'styled-jsx' cannot be imported from a Server Component module
It only works in a Client Component but none of its parents are marked with 'use client', so they're Server Components by default. @ http://localhost:3000/_next/static/chunks/node_modules_next_dist_1gdrd03._.js:1945
[  905179ms] [ERROR] ./src/app/blog/page.tsx
'styled-jsx' cannot be imported from a Server Component module
It only works in a Client Component but none of its parents are marked with 'use client', so they're Server Components by default. @ http://localhost:3000/_next/static/chunks/node_modules_next_dist_1gdrd03._.js:1945
[  905241ms] [ERROR] ./src/app/blog/page.tsx
'styled-jsx' cannot be imported from a Server Component module
It only works in a Client Component but none of its parents are marked with 'use client', so they're Server Components by default. @ http://localhost:3000/_next/static/chunks/node_modules_next_dist_1gdrd03._.js:1945
[  905304ms] [ERROR] ./src/app/blog/page.tsx
'styled-jsx' cannot be imported from a Server Component module
It only works in a Client Component but none of its parents are marked with 'use client', so they're Server Components by default. @ http://localhost:3000/_next/static/chunks/node_modules_next_dist_1gdrd03._.js:1945
[  905367ms] [ERROR] ./src/app/blog/page.tsx
'styled-jsx' cannot be imported from a Server Component module
It only works in a Client Component but none of its parents are marked with 'use client', so they're Server Components by default. @ http://localhost:3000/_next/static/chunks/node_modules_next_dist_1gdrd03._.js:1945
[  905429ms] [ERROR] ./src/app/blog/page.tsx
'styled-jsx' cannot be imported from a Server Component module
It only works in a Client Component but none of its parents are marked with 'use client', so they're Server Components by default. @ http://localhost:3000/_next/static/chunks/node_modules_next_dist_1gdrd03._.js:1945
[  905491ms] [ERROR] ./src/app/blog/page.tsx
'styled-jsx' cannot be imported from a Server Component module
It only works in a Client Component but none of its parents are marked with 'use client', so they're Server Components by default. @ http://localhost:3000/_next/static/chunks/node_modules_next_dist_1gdrd03._.js:1945
[  905551ms] [ERROR] ./src/app/blog/page.tsx
'styled-jsx' cannot be imported from a Server Component module
It only works in a Client Component but none of its parents are marked with 'use client', so they're Server Components by default. @ http://localhost:3000/_next/static/chunks/node_modules_next_dist_1gdrd03._.js:1945
[  905615ms] [ERROR] ./src/app/blog/page.tsx
'styled-jsx' cannot be imported from a Server Component module
It only works in a Client Component but none of its parents are marked with 'use client', so they're Server Components by default. @ http://localhost:3000/_next/static/chunks/node_modules_next_dist_1gdrd03._.js:1945
[  905676ms] [ERROR] ./src/app/blog/page.tsx
'styled-jsx' cannot be imported from a Server Component module
It only works in a Client Component but none of its parents are marked with 'use client', so they're Server Components by default. @ http://localhost:3000/_next/static/chunks/node_modules_next_dist_1gdrd03._.js:1945
[  905738ms] [ERROR] ./src/app/blog/page.tsx
'styled-jsx' cannot be imported from a Server Component module
It only works in a Client Component but none of its parents are marked with 'use client', so they're Server Components by default. @ http://localhost:3000/_next/static/chunks/node_modules_next_dist_1gdrd03._.js:1945
[  905800ms] [ERROR] ./src/app/blog/page.tsx
'styled-jsx' cannot be imported from a Server Component module
It only works in a Client Component but none of its parents are marked with 'use client', so they're Server Components by default. @ http://localhost:3000/_next/static/chunks/node_modules_next_dist_1gdrd03._.js:1945
[  905863ms] [ERROR] ./src/app/blog/page.tsx
'styled-jsx' cannot be imported from a Server Component module
It only works in a Client Component but none of its parents are marked with 'use client', so they're Server Components by default. @ http://localhost:3000/_next/static/chunks/node_modules_next_dist_1gdrd03._.js:1945
[  905925ms] [ERROR] ./src/app/blog/page.tsx
'styled-jsx' cannot be imported from a Server Component module
It only works in a Client Component but none of its parents are marked with 'use client', so they're Server Components by default. @ http://localhost:3000/_next/static/chunks/node_modules_next_dist_1gdrd03._.js:1945
[  905987ms] [ERROR] ./src/app/blog/page.tsx
'styled-jsx' cannot be imported from a Server Component module
It only works in a Client Component but none of its parents are marked with 'use client', so they're Server Components by default. @ http://localhost:3000/_next/static/chunks/node_modules_next_dist_1gdrd03._.js:1945
[  906051ms] [ERROR] ./src/app/blog/page.tsx
'styled-jsx' cannot be imported from a Server Component module
It only works in a Client Component but none of its parents are marked with 'use client', so they're Server Components by default. @ http://localhost:3000/_next/static/chunks/node_modules_next_dist_1gdrd03._.js:1945
[  906112ms] [ERROR] ./src/app/blog/page.tsx
'styled-jsx' cannot be imported from a Server Component module
It only works in a Client Component but none of its parents are marked with 'use client', so they're Server Components by default. @ http://localhost:3000/_next/static/chunks/node_modules_next_dist_1gdrd03._.js:1945
[  906175ms] [ERROR] ./src/app/blog/page.tsx
'styled-jsx' cannot be imported from a Server Component module
It only works in a Client Component but none of its parents are marked with 'use client', so they're Server Components by default. @ http://localhost:3000/_next/static/chunks/node_modules_next_dist_1gdrd03._.js:1945
[  906236ms] [ERROR] ./src/app/blog/page.tsx
'styled-jsx' cannot be imported from a Server Component module
It only works in a Client Component but none of its parents are marked with 'use client', so they're Server Components by default. @ http://localhost:3000/_next/static/chunks/node_modules_next_dist_1gdrd03._.js:1945
[  906300ms] [ERROR] ./src/app/blog/page.tsx
'styled-jsx' cannot be imported from a Server Component module
It only works in a Client Component but none of its parents are marked with 'use client', so they're Server Components by default. @ http://localhost:3000/_next/static/chunks/node_modules_next_dist_1gdrd03._.js:1945
[  906363ms] [ERROR] ./src/app/blog/page.tsx
'styled-jsx' cannot be imported from a Server Component module
It only works in a Client Component but none of its parents are marked with 'use client', so they're Server Components by default. @ http://localhost:3000/_next/static/chunks/node_modules_next_dist_1gdrd03._.js:1945
[  906425ms] [ERROR] ./src/app/blog/page.tsx
'styled-jsx' cannot be imported from a Server Component module
It only works in a Client Component but none of its parents are marked with 'use client', so they're Server Components by default. @ http://localhost:3000/_next/static/chunks/node_modules_next_dist_1gdrd03._.js:1945
[  906487ms] [ERROR] ./src/app/blog/page.tsx
'styled-jsx' cannot be imported from a Server Component module
It only works in a Client Component but none of its parents are marked with 'use client', so they're Server Components by default. @ http://localhost:3000/_next/static/chunks/node_modules_next_dist_1gdrd03._.js:1945
[  906548ms] [ERROR] ./src/app/blog/page.tsx
'styled-jsx' cannot be imported from a Server Component module
It only works in a Client Component but none of its parents are marked with 'use client', so they're Server Components by default. @ http://localhost:3000/_next/static/chunks/node_modules_next_dist_1gdrd03._.js:1945
[  906610ms] [ERROR] ./src/app/blog/page.tsx
'styled-jsx' cannot be imported from a Server Component module
It only works in a Client Component but none of its parents are marked with 'use client', so they're Server Components by default. @ http://localhost:3000/_next/static/chunks/node_modules_next_dist_1gdrd03._.js:1945
[  906673ms] [ERROR] ./src/app/blog/page.tsx
'styled-jsx' cannot be imported from a Server Component module
It only works in a Client Component but none of its parents are marked with 'use client', so they're Server Components by default. @ http://localhost:3000/_next/static/chunks/node_modules_next_dist_1gdrd03._.js:1945
[  906735ms] [ERROR] ./src/app/blog/page.tsx
'styled-jsx' cannot be imported from a Server Component module
It only works in a Client Component but none of its parents are marked with 'use client', so they're Server Components by default. @ http://localhost:3000/_next/static/chunks/node_modules_next_dist_1gdrd03._.js:1945
[  906796ms] [ERROR] ./src/app/blog/page.tsx
'styled-jsx' cannot be imported from a Server Component module
It only works in a Client Component but none of its parents are marked with 'use client', so they're Server Components by default. @ http://localhost:3000/_next/static/chunks/node_modules_next_dist_1gdrd03._.js:1945
[  906859ms] [ERROR] ./src/app/blog/page.tsx
'styled-jsx' cannot be imported from a Server Component module
It only works in a Client Component but none of its parents are marked with 'use client', so they're Server Components by default. @ http://localhost:3000/_next/static/chunks/node_modules_next_dist_1gdrd03._.js:1945
[  906921ms] [ERROR] ./src/app/blog/page.tsx
'styled-jsx' cannot be imported from a Server Component module
It only works in a Client Component but none of its parents are marked with 'use client', so they're Server Components by default. @ http://localhost:3000/_next/static/chunks/node_modules_next_dist_1gdrd03._.js:1945
[  906981ms] [ERROR] ./src/app/blog/page.tsx
'styled-jsx' cannot be imported from a Server Component module
It only works in a Client Component but none of its parents are marked with 'use client', so they're Server Components by default. @ http://localhost:3000/_next/static/chunks/node_modules_next_dist_1gdrd03._.js:1945
[  907044ms] [ERROR] ./src/app/blog/page.tsx
'styled-jsx' cannot be imported from a Server Component module
It only works in a Client Component but none of its parents are marked with 'use client', so they're Server Components by default. @ http://localhost:3000/_next/static/chunks/node_modules_next_dist_1gdrd03._.js:1945
[  907105ms] [ERROR] ./src/app/blog/page.tsx
'styled-jsx' cannot be imported from a Server Component module
It only works in a Client Component but none of its parents are marked with 'use client', so they're Server Components by default. @ http://localhost:3000/_next/static/chunks/node_modules_next_dist_1gdrd03._.js:1945
[  907168ms] [ERROR] ./src/app/blog/page.tsx
'styled-jsx' cannot be imported from a Server Component module
It only works in a Client Component but none of its parents are marked with 'use client', so they're Server Components by default. @ http://localhost:3000/_next/static/chunks/node_modules_next_dist_1gdrd03._.js:1945
[  907229ms] [ERROR] ./src/app/blog/page.tsx
'styled-jsx' cannot be imported from a Server Component module
It only works in a Client Component but none of its parents are marked with 'use client', so they're Server Components by default. @ http://localhost:3000/_next/static/chunks/node_modules_next_dist_1gdrd03._.js:1945
[  907289ms] [ERROR] ./src/app/blog/page.tsx
'styled-jsx' cannot be imported from a Server Component module
It only works in a Client Component but none of its parents are marked with 'use client', so they're Server Components by default. @ http://localhost:3000/_next/static/chunks/node_modules_next_dist_1gdrd03._.js:1945
[  907353ms] [ERROR] ./src/app/blog/page.tsx
'styled-jsx' cannot be imported from a Server Component module
It only works in a Client Component but none of its parents are marked with 'use client', so they're Server Components by default. @ http://localhost:3000/_next/static/chunks/node_modules_next_dist_1gdrd03._.js:1945
[  907415ms] [ERROR] ./src/app/blog/page.tsx
'styled-jsx' cannot be imported from a Server Component module
It only works in a Client Component but none of its parents are marked with 'use client', so they're Server Components by default. @ http://localhost:3000/_next/static/chunks/node_modules_next_dist_1gdrd03._.js:1945
[  907477ms] [ERROR] ./src/app/blog/page.tsx
'styled-jsx' cannot be imported from a Server Component module
It only works in a Client Component but none of its parents are marked with 'use client', so they're Server Components by default. @ http://localhost:3000/_next/static/chunks/node_modules_next_dist_1gdrd03._.js:1945
[  907539ms] [ERROR] ./src/app/blog/page.tsx
'styled-jsx' cannot be imported from a Server Component module
It only works in a Client Component but none of its parents are marked with 'use client', so they're Server Components by default. @ http://localhost:3000/_next/static/chunks/node_modules_next_dist_1gdrd03._.js:1945
[  907602ms] [ERROR] ./src/app/blog/page.tsx
'styled-jsx' cannot be imported from a Server Component module
It only works in a Client Component but none of its parents are marked with 'use client', so they're Server Components by default. @ http://localhost:3000/_next/static/chunks/node_modules_next_dist_1gdrd03._.js:1945
[  907663ms] [ERROR] ./src/app/blog/page.tsx
'styled-jsx' cannot be imported from a Server Component module
It only works in a Client Component but none of its parents are marked with 'use client', so they're Server Components by default. @ http://localhost:3000/_next/static/chunks/node_modules_next_dist_1gdrd03._.js:1945
[  907725ms] [ERROR] ./src/app/blog/page.tsx
'styled-jsx' cannot be imported from a Server Component module
It only works in a Client Component but none of its parents are marked with 'use client', so they're Server Components by default. @ http://localhost:3000/_next/static/chunks/node_modules_next_dist_1gdrd03._.js:1945
[  907788ms] [ERROR] ./src/app/blog/page.tsx
'styled-jsx' cannot be imported from a Server Component module
It only works in a Client Component but none of its parents are marked with 'use client', so they're Server Components by default. @ http://localhost:3000/_next/static/chunks/node_modules_next_dist_1gdrd03._.js:1945
[  907852ms] [ERROR] ./src/app/blog/page.tsx
'styled-jsx' cannot be imported from a Server Component module
It only works in a Client Component but none of its parents are marked with 'use client', so they're Server Components by default. @ http://localhost:3000/_next/static/chunks/node_modules_next_dist_1gdrd03._.js:1945
[  907914ms] [ERROR] ./src/app/blog/page.tsx
'styled-jsx' cannot be imported from a Server Component module
It only works in a Client Component but none of its parents are marked with 'use client', so they're Server Components by default. @ http://localhost:3000/_next/static/chunks/node_modules_next_dist_1gdrd03._.js:1945
[  907975ms] [ERROR] ./src/app/blog/page.tsx
'styled-jsx' cannot be imported from a Server Component module
It only works in a Client Component but none of its parents are marked with 'use client', so they're Server Components by default. @ http://localhost:3000/_next/static/chunks/node_modules_next_dist_1gdrd03._.js:1945
[  908037ms] [ERROR] ./src/app/blog/page.tsx
'styled-jsx' cannot be imported from a Server Component module
It only works in a Client Component but none of its parents are marked with 'use client', so they're Server Components by default. @ http://localhost:3000/_next/static/chunks/node_modules_next_dist_1gdrd03._.js:1945
[  908100ms] [ERROR] ./src/app/blog/page.tsx
'styled-jsx' cannot be imported from a Server Component module
It only works in a Client Component but none of its parents are marked with 'use client', so they're Server Components by default. @ http://localhost:3000/_next/static/chunks/node_modules_next_dist_1gdrd03._.js:1945
[  908163ms] [ERROR] ./src/app/blog/page.tsx
'styled-jsx' cannot be imported from a Server Component module
It only works in a Client Component but none of its parents are marked with 'use client', so they're Server Components by default. @ http://localhost:3000/_next/static/chunks/node_modules_next_dist_1gdrd03._.js:1945
[  908226ms] [ERROR] ./src/app/blog/page.tsx
'styled-jsx' cannot be imported from a Server Component module
It only works in a Client Component but none of its parents are marked with 'use client', so they're Server Components by default. @ http://localhost:3000/_next/static/chunks/node_modules_next_dist_1gdrd03._.js:1945
[  908289ms] [ERROR] ./src/app/blog/page.tsx
'styled-jsx' cannot be imported from a Server Component module
It only works in a Client Component but none of its parents are marked with 'use client', so they're Server Components by default. @ http://localhost:3000/_next/static/chunks/node_modules_next_dist_1gdrd03._.js:1945
[  908352ms] [ERROR] ./src/app/blog/page.tsx
'styled-jsx' cannot be imported from a Server Component module
It only works in a Client Component but none of its parents are marked with 'use client', so they're Server Components by default. @ http://localhost:3000/_next/static/chunks/node_modules_next_dist_1gdrd03._.js:1945
[  908413ms] [ERROR] ./src/app/blog/page.tsx
'styled-jsx' cannot be imported from a Server Component module
It only works in a Client Component but none of its parents are marked with 'use client', so they're Server Components by default. @ http://localhost:3000/_next/static/chunks/node_modules_next_dist_1gdrd03._.js:1945
[  908477ms] [ERROR] ./src/app/blog/page.tsx
'styled-jsx' cannot be imported from a Server Component module
It only works in a Client Component but none of its parents are marked with 'use client', so they're Server Components by default. @ http://localhost:3000/_next/static/chunks/node_modules_next_dist_1gdrd03._.js:1945
[  908537ms] [ERROR] ./src/app/blog/page.tsx
'styled-jsx' cannot be imported from a Server Component module
It only works in a Client Component but none of its parents are marked with 'use client', so they're Server Components by default. @ http://localhost:3000/_next/static/chunks/node_modules_next_dist_1gdrd03._.js:1945
[  908600ms] [ERROR] ./src/app/blog/page.tsx
'styled-jsx' cannot be imported from a Server Component module
It only works in a Client Component but none of its parents are marked with 'use client', so they're Server Components by default. @ http://localhost:3000/_next/static/chunks/node_modules_next_dist_1gdrd03._.js:1945
[  908662ms] [ERROR] ./src/app/blog/page.tsx
'styled-jsx' cannot be imported from a Server Component module
It only works in a Client Component but none of its parents are marked with 'use client', so they're Server Components by default. @ http://localhost:3000/_next/static/chunks/node_modules_next_dist_1gdrd03._.js:1945
[  908726ms] [ERROR] ./src/app/blog/page.tsx
'styled-jsx' cannot be imported from a Server Component module
It only works in a Client Component but none of its parents are marked with 'use client', so they're Server Components by default. @ http://localhost:3000/_next/static/chunks/node_modules_next_dist_1gdrd03._.js:1945
[  908789ms] [ERROR] ./src/app/blog/page.tsx
'styled-jsx' cannot be imported from a Server Component module
It only works in a Client Component but none of its parents are marked with 'use client', so they're Server Components by default. @ http://localhost:3000/_next/static/chunks/node_modules_next_dist_1gdrd03._.js:1945
[  908851ms] [ERROR] ./src/app/blog/page.tsx
'styled-jsx' cannot be imported from a Server Component module
It only works in a Client Component but none of its parents are marked with 'use client', so they're Server Components by default. @ http://localhost:3000/_next/static/chunks/node_modules_next_dist_1gdrd03._.js:1945
[  908912ms] [ERROR] ./src/app/blog/page.tsx
'styled-jsx' cannot be imported from a Server Component module
It only works in a Client Component but none of its parents are marked with 'use client', so they're Server Components by default. @ http://localhost:3000/_next/static/chunks/node_modules_next_dist_1gdrd03._.js:1945
[  908975ms] [ERROR] ./src/app/blog/page.tsx
'styled-jsx' cannot be imported from a Server Component module
It only works in a Client Component but none of its parents are marked with 'use client', so they're Server Components by default. @ http://localhost:3000/_next/static/chunks/node_modules_next_dist_1gdrd03._.js:1945
[  909037ms] [ERROR] ./src/app/blog/page.tsx
'styled-jsx' cannot be imported from a Server Component module
It only works in a Client Component but none of its parents are marked with 'use client', so they're Server Components by default. @ http://localhost:3000/_next/static/chunks/node_modules_next_dist_1gdrd03._.js:1945
[  909098ms] [ERROR] ./src/app/blog/page.tsx
'styled-jsx' cannot be imported from a Server Component module
It only works in a Client Component but none of its parents are marked with 'use client', so they're Server Components by default. @ http://localhost:3000/_next/static/chunks/node_modules_next_dist_1gdrd03._.js:1945
[  909160ms] [ERROR] ./src/app/blog/page.tsx
'styled-jsx' cannot be imported from a Server Component module
It only works in a Client Component but none of its parents are marked with 'use client', so they're Server Components by default. @ http://localhost:3000/_next/static/chunks/node_modules_next_dist_1gdrd03._.js:1945
[  909223ms] [ERROR] ./src/app/blog/page.tsx
'styled-jsx' cannot be imported from a Server Component module
It only works in a Client Component but none of its parents are marked with 'use client', so they're Server Components by default. @ http://localhost:3000/_next/static/chunks/node_modules_next_dist_1gdrd03._.js:1945
[  909286ms] [ERROR] ./src/app/blog/page.tsx
'styled-jsx' cannot be imported from a Server Component module
It only works in a Client Component but none of its parents are marked with 'use client', so they're Server Components by default. @ http://localhost:3000/_next/static/chunks/node_modules_next_dist_1gdrd03._.js:1945
[  909348ms] [ERROR] ./src/app/blog/page.tsx
'styled-jsx' cannot be imported from a Server Component module
It only works in a Client Component but none of its parents are marked with 'use client', so they're Server Components by default. @ http://localhost:3000/_next/static/chunks/node_modules_next_dist_1gdrd03._.js:1945
[  909409ms] [ERROR] ./src/app/blog/page.tsx
'styled-jsx' cannot be imported from a Server Component module
It only works in a Client Component but none of its parents are marked with 'use client', so they're Server Components by default. @ http://localhost:3000/_next/static/chunks/node_modules_next_dist_1gdrd03._.js:1945
[  909471ms] [ERROR] ./src/app/blog/page.tsx
'styled-jsx' cannot be imported from a Server Component module
It only works in a Client Component but none of its parents are marked with 'use client', so they're Server Components by default. @ http://localhost:3000/_next/static/chunks/node_modules_next_dist_1gdrd03._.js:1945
[  909533ms] [ERROR] ./src/app/blog/page.tsx
'styled-jsx' cannot be imported from a Server Component module
It only works in a Client Component but none of its parents are marked with 'use client', so they're Server Components by default. @ http://localhost:3000/_next/static/chunks/node_modules_next_dist_1gdrd03._.js:1945
[  909593ms] [ERROR] ./src/app/blog/page.tsx
'styled-jsx' cannot be imported from a Server Component module
It only works in a Client Component but none of its parents are marked with 'use client', so they're Server Components by default. @ http://localhost:3000/_next/static/chunks/node_modules_next_dist_1gdrd03._.js:1945
[  909657ms] [ERROR] ./src/app/blog/page.tsx
'styled-jsx' cannot be imported from a Server Component module
It only works in a Client Component but none of its parents are marked with 'use client', so they're Server Components by default. @ http://localhost:3000/_next/static/chunks/node_modules_next_dist_1gdrd03._.js:1945
[  909719ms] [ERROR] ./src/app/blog/page.tsx
'styled-jsx' cannot be imported from a Server Component module
It only works in a Client Component but none of its parents are marked with 'use client', so they're Server Components by default. @ http://localhost:3000/_next/static/chunks/node_modules_next_dist_1gdrd03._.js:1945
[  909780ms] [ERROR] ./src/app/blog/page.tsx
'styled-jsx' cannot be imported from a Server Component module
It only works in a Client Component but none of its parents are marked with 'use client', so they're Server Components by default. @ http://localhost:3000/_next/static/chunks/node_modules_next_dist_1gdrd03._.js:1945
[  909842ms] [ERROR] ./src/app/blog/page.tsx
'styled-jsx' cannot be imported from a Server Component module
It only works in a Client Component but none of its parents are marked with 'use client', so they're Server Components by default. @ http://localhost:3000/_next/static/chunks/node_modules_next_dist_1gdrd03._.js:1945
[  909904ms] [ERROR] ./src/app/blog/page.tsx
'styled-jsx' cannot be imported from a Server Component module
It only works in a Client Component but none of its parents are marked with 'use client', so they're Server Components by default. @ http://localhost:3000/_next/static/chunks/node_modules_next_dist_1gdrd03._.js:1945
[  909966ms] [ERROR] ./src/app/blog/page.tsx
'styled-jsx' cannot be imported from a Server Component module
It only works in a Client Component but none of its parents are marked with 'use client', so they're Server Components by default. @ http://localhost:3000/_next/static/chunks/node_modules_next_dist_1gdrd03._.js:1945
[  910026ms] [ERROR] ./src/app/blog/page.tsx
'styled-jsx' cannot be imported from a Server Component module
It only works in a Client Component but none of its parents are marked with 'use client', so they're Server Components by default. @ http://localhost:3000/_next/static/chunks/node_modules_next_dist_1gdrd03._.js:1945
[  910089ms] [ERROR] ./src/app/blog/page.tsx
'styled-jsx' cannot be imported from a Server Component module
It only works in a Client Component but none of its parents are marked with 'use client', so they're Server Components by default. @ http://localhost:3000/_next/static/chunks/node_modules_next_dist_1gdrd03._.js:1945
[  910152ms] [ERROR] ./src/app/blog/page.tsx
'styled-jsx' cannot be imported from a Server Component module
It only works in a Client Component but none of its parents are marked with 'use client', so they're Server Components by default. @ http://localhost:3000/_next/static/chunks/node_modules_next_dist_1gdrd03._.js:1945
[  910214ms] [ERROR] ./src/app/blog/page.tsx
'styled-jsx' cannot be imported from a Server Component module
It only works in a Client Component but none of its parents are marked with 'use client', so they're Server Components by default. @ http://localhost:3000/_next/static/chunks/node_modules_next_dist_1gdrd03._.js:1945
[  910276ms] [ERROR] ./src/app/blog/page.tsx
'styled-jsx' cannot be imported from a Server Component module
It only works in a Client Component but none of its parents are marked with 'use client', so they're Server Components by default. @ http://localhost:3000/_next/static/chunks/node_modules_next_dist_1gdrd03._.js:1945
[  910338ms] [ERROR] ./src/app/blog/page.tsx
'styled-jsx' cannot be imported from a Server Component module
It only works in a Client Component but none of its parents are marked with 'use client', so they're Server Components by default. @ http://localhost:3000/_next/static/chunks/node_modules_next_dist_1gdrd03._.js:1945
[  910401ms] [ERROR] ./src/app/blog/page.tsx
'styled-jsx' cannot be imported from a Server Component module
It only works in a Client Component but none of its parents are marked with 'use client', so they're Server Components by default. @ http://localhost:3000/_next/static/chunks/node_modules_next_dist_1gdrd03._.js:1945
[  910478ms] [ERROR] ./src/app/blog/page.tsx
'styled-jsx' cannot be imported from a Server Component module
It only works in a Client Component but none of its parents are marked with 'use client', so they're Server Components by default. @ http://localhost:3000/_next/static/chunks/node_modules_next_dist_1gdrd03._.js:1945
[  910540ms] [ERROR] ./src/app/blog/page.tsx
'styled-jsx' cannot be imported from a Server Component module
It only works in a Client Component but none of its parents are marked with 'use client', so they're Server Components by default. @ http://localhost:3000/_next/static/chunks/node_modules_next_dist_1gdrd03._.js:1945
[  910602ms] [ERROR] ./src/app/blog/page.tsx
'styled-jsx' cannot be imported from a Server Component module
It only works in a Client Component but none of its parents are marked with 'use client', so they're Server Components by default. @ http://localhost:3000/_next/static/chunks/node_modules_next_dist_1gdrd03._.js:1945
[  910665ms] [ERROR] ./src/app/blog/page.tsx
'styled-jsx' cannot be imported from a Server Component module
It only works in a Client Component but none of its parents are marked with 'use client', so they're Server Components by default. @ http://localhost:3000/_next/static/chunks/node_modules_next_dist_1gdrd03._.js:1945
[  910726ms] [ERROR] ./src/app/blog/page.tsx
'styled-jsx' cannot be imported from a Server Component module
It only works in a Client Component but none of its parents are marked with 'use client', so they're Server Components by default. @ http://localhost:3000/_next/static/chunks/node_modules_next_dist_1gdrd03._.js:1945
[  910787ms] [ERROR] ./src/app/blog/page.tsx
'styled-jsx' cannot be imported from a Server Component module
It only works in a Client Component but none of its parents are marked with 'use client', so they're Server Components by default. @ http://localhost:3000/_next/static/chunks/node_modules_next_dist_1gdrd03._.js:1945
[  910848ms] [ERROR] ./src/app/blog/page.tsx
'styled-jsx' cannot be imported from a Server Component module
It only works in a Client Component but none of its parents are marked with 'use client', so they're Server Components by default. @ http://localhost:3000/_next/static/chunks/node_modules_next_dist_1gdrd03._.js:1945
[  910911ms] [ERROR] ./src/app/blog/page.tsx
'styled-jsx' cannot be imported from a Server Component module
It only works in a Client Component but none of its parents are marked with 'use client', so they're Server Components by default. @ http://localhost:3000/_next/static/chunks/node_modules_next_dist_1gdrd03._.js:1945
[  910973ms] [ERROR] ./src/app/blog/page.tsx
'styled-jsx' cannot be imported from a Server Component module
It only works in a Client Component but none of its parents are marked with 'use client', so they're Server Components by default. @ http://localhost:3000/_next/static/chunks/node_modules_next_dist_1gdrd03._.js:1945
[  911037ms] [ERROR] ./src/app/blog/page.tsx
'styled-jsx' cannot be imported from a Server Component module
It only works in a Client Component but none of its parents are marked with 'use client', so they're Server Components by default. @ http://localhost:3000/_next/static/chunks/node_modules_next_dist_1gdrd03._.js:1945
[  911099ms] [ERROR] ./src/app/blog/page.tsx
'styled-jsx' cannot be imported from a Server Component module
It only works in a Client Component but none of its parents are marked with 'use client', so they're Server Components by default. @ http://localhost:3000/_next/static/chunks/node_modules_next_dist_1gdrd03._.js:1945
[  911159ms] [ERROR] ./src/app/blog/page.tsx
'styled-jsx' cannot be imported from a Server Component module
It only works in a Client Component but none of its parents are marked with 'use client', so they're Server Components by default. @ http://localhost:3000/_next/static/chunks/node_modules_next_dist_1gdrd03._.js:1945
[  911220ms] [ERROR] ./src/app/blog/page.tsx
'styled-jsx' cannot be imported from a Server Component module
It only works in a Client Component but none of its parents are marked with 'use client', so they're Server Components by default. @ http://localhost:3000/_next/static/chunks/node_modules_next_dist_1gdrd03._.js:1945
[  911283ms] [ERROR] ./src/app/blog/page.tsx
'styled-jsx' cannot be imported from a Server Component module
It only works in a Client Component but none of its parents are marked with 'use client', so they're Server Components by default. @ http://localhost:3000/_next/static/chunks/node_modules_next_dist_1gdrd03._.js:1945
[  911346ms] [ERROR] ./src/app/blog/page.tsx
'styled-jsx' cannot be imported from a Server Component module
It only works in a Client Component but none of its parents are marked with 'use client', so they're Server Components by default. @ http://localhost:3000/_next/static/chunks/node_modules_next_dist_1gdrd03._.js:1945
[  911409ms] [ERROR] ./src/app/blog/page.tsx
'styled-jsx' cannot be imported from a Server Component module
It only works in a Client Component but none of its parents are marked with 'use client', so they're Server Components by default. @ http://localhost:3000/_next/static/chunks/node_modules_next_dist_1gdrd03._.js:1945
[  911471ms] [ERROR] ./src/app/blog/page.tsx
'styled-jsx' cannot be imported from a Server Component module
It only works in a Client Component but none of its parents are marked with 'use client', so they're Server Components by default. @ http://localhost:3000/_next/static/chunks/node_modules_next_dist_1gdrd03._.js:1945
[  911532ms] [ERROR] ./src/app/blog/page.tsx
'styled-jsx' cannot be imported from a Server Component module
It only works in a Client Component but none of its parents are marked with 'use client', so they're Server Components by default. @ http://localhost:3000/_next/static/chunks/node_modules_next_dist_1gdrd03._.js:1945
[  911595ms] [ERROR] ./src/app/blog/page.tsx
'styled-jsx' cannot be imported from a Server Component module
It only works in a Client Component but none of its parents are marked with 'use client', so they're Server Components by default. @ http://localhost:3000/_next/static/chunks/node_modules_next_dist_1gdrd03._.js:1945
[  911658ms] [ERROR] ./src/app/blog/page.tsx
'styled-jsx' cannot be imported from a Server Component module
It only works in a Client Component but none of its parents are marked with 'use client', so they're Server Components by default. @ http://localhost:3000/_next/static/chunks/node_modules_next_dist_1gdrd03._.js:1945
[  911719ms] [ERROR] ./src/app/blog/page.tsx
'styled-jsx' cannot be imported from a Server Component module
It only works in a Client Component but none of its parents are marked with 'use client', so they're Server Components by default. @ http://localhost:3000/_next/static/chunks/node_modules_next_dist_1gdrd03._.js:1945
[  911782ms] [ERROR] ./src/app/blog/page.tsx
'styled-jsx' cannot be imported from a Server Component module
It only works in a Client Component but none of its parents are marked with 'use client', so they're Server Components by default. @ http://localhost:3000/_next/static/chunks/node_modules_next_dist_1gdrd03._.js:1945
[  911843ms] [ERROR] ./src/app/blog/page.tsx
'styled-jsx' cannot be imported from a Server Component module
It only works in a Client Component but none of its parents are marked with 'use client', so they're Server Components by default. @ http://localhost:3000/_next/static/chunks/node_modules_next_dist_1gdrd03._.js:1945
[  911905ms] [ERROR] ./src/app/blog/page.tsx
'styled-jsx' cannot be imported from a Server Component module
It only works in a Client Component but none of its parents are marked with 'use client', so they're Server Components by default. @ http://localhost:3000/_next/static/chunks/node_modules_next_dist_1gdrd03._.js:1945
[  911967ms] [ERROR] ./src/app/blog/page.tsx
'styled-jsx' cannot be imported from a Server Component module
It only works in a Client Component but none of its parents are marked with 'use client', so they're Server Components by default. @ http://localhost:3000/_next/static/chunks/node_modules_next_dist_1gdrd03._.js:1945
[  912028ms] [ERROR] ./src/app/blog/page.tsx
'styled-jsx' cannot be imported from a Server Component module
It only works in a Client Component but none of its parents are marked with 'use client', so they're Server Components by default. @ http://localhost:3000/_next/static/chunks/node_modules_next_dist_1gdrd03._.js:1945
[  912089ms] [ERROR] ./src/app/blog/page.tsx
'styled-jsx' cannot be imported from a Server Component module
It only works in a Client Component but none of its parents are marked with 'use client', so they're Server Components by default. @ http://localhost:3000/_next/static/chunks/node_modules_next_dist_1gdrd03._.js:1945
[  912152ms] [ERROR] ./src/app/blog/page.tsx
'styled-jsx' cannot be imported from a Server Component module
It only works in a Client Component but none of its parents are marked with 'use client', so they're Server Components by default. @ http://localhost:3000/_next/static/chunks/node_modules_next_dist_1gdrd03._.js:1945
[  912213ms] [ERROR] ./src/app/blog/page.tsx
'styled-jsx' cannot be imported from a Server Component module
It only works in a Client Component but none of its parents are marked with 'use client', so they're Server Components by default. @ http://localhost:3000/_next/static/chunks/node_modules_next_dist_1gdrd03._.js:1945
[  912275ms] [ERROR] ./src/app/blog/page.tsx
'styled-jsx' cannot be imported from a Server Component module
It only works in a Client Component but none of its parents are marked with 'use client', so they're Server Components by default. @ http://localhost:3000/_next/static/chunks/node_modules_next_dist_1gdrd03._.js:1945
[  912338ms] [ERROR] ./src/app/blog/page.tsx
'styled-jsx' cannot be imported from a Server Component module
It only works in a Client Component but none of its parents are marked with 'use client', so they're Server Components by default. @ http://localhost:3000/_next/static/chunks/node_modules_next_dist_1gdrd03._.js:1945
[  912401ms] [ERROR] ./src/app/blog/page.tsx
'styled-jsx' cannot be imported from a Server Component module
It only works in a Client Component but none of its parents are marked with 'use client', so they're Server Components by default. @ http://localhost:3000/_next/static/chunks/node_modules_next_dist_1gdrd03._.js:1945
[  912464ms] [ERROR] ./src/app/blog/page.tsx
'styled-jsx' cannot be imported from a Server Component module
It only works in a Client Component but none of its parents are marked with 'use client', so they're Server Components by default. @ http://localhost:3000/_next/static/chunks/node_modules_next_dist_1gdrd03._.js:1945
[  912527ms] [ERROR] ./src/app/blog/page.tsx
'styled-jsx' cannot be imported from a Server Component module
It only works in a Client Component but none of its parents are marked with 'use client', so they're Server Components by default. @ http://localhost:3000/_next/static/chunks/node_modules_next_dist_1gdrd03._.js:1945
[  912589ms] [ERROR] ./src/app/blog/page.tsx
'styled-jsx' cannot be imported from a Server Component module
It only works in a Client Component but none of its parents are marked with 'use client', so they're Server Components by default. @ http://localhost:3000/_next/static/chunks/node_modules_next_dist_1gdrd03._.js:1945
[  912650ms] [ERROR] ./src/app/blog/page.tsx
'styled-jsx' cannot be imported from a Server Component module
It only works in a Client Component but none of its parents are marked with 'use client', so they're Server Components by default. @ http://localhost:3000/_next/static/chunks/node_modules_next_dist_1gdrd03._.js:1945
[  912714ms] [ERROR] ./src/app/blog/page.tsx
'styled-jsx' cannot be imported from a Server Component module
It only works in a Client Component but none of its parents are marked with 'use client', so they're Server Components by default. @ http://localhost:3000/_next/static/chunks/node_modules_next_dist_1gdrd03._.js:1945
[  912775ms] [ERROR] ./src/app/blog/page.tsx
'styled-jsx' cannot be imported from a Server Component module
It only works in a Client Component but none of its parents are marked with 'use client', so they're Server Components by default. @ http://localhost:3000/_next/static/chunks/node_modules_next_dist_1gdrd03._.js:1945
[  912838ms] [ERROR] ./src/app/blog/page.tsx
'styled-jsx' cannot be imported from a Server Component module
It only works in a Client Component but none of its parents are marked with 'use client', so they're Server Components by default. @ http://localhost:3000/_next/static/chunks/node_modules_next_dist_1gdrd03._.js:1945
[  912900ms] [ERROR] ./src/app/blog/page.tsx
'styled-jsx' cannot be imported from a Server Component module
It only works in a Client Component but none of its parents are marked with 'use client', so they're Server Components by default. @ http://localhost:3000/_next/static/chunks/node_modules_next_dist_1gdrd03._.js:1945
[  912963ms] [ERROR] ./src/app/blog/page.tsx
'styled-jsx' cannot be imported from a Server Component module
It only works in a Client Component but none of its parents are marked with 'use client', so they're Server Components by default. @ http://localhost:3000/_next/static/chunks/node_modules_next_dist_1gdrd03._.js:1945
[  913025ms] [ERROR] ./src/app/blog/page.tsx
'styled-jsx' cannot be imported from a Server Component module
It only works in a Client Component but none of its parents are marked with 'use client', so they're Server Components by default. @ http://localhost:3000/_next/static/chunks/node_modules_next_dist_1gdrd03._.js:1945
[  913087ms] [ERROR] ./src/app/blog/page.tsx
'styled-jsx' cannot be imported from a Server Component module
It only works in a Client Component but none of its parents are marked with 'use client', so they're Server Components by default. @ http://localhost:3000/_next/static/chunks/node_modules_next_dist_1gdrd03._.js:1945
[  913148ms] [ERROR] ./src/app/blog/page.tsx
'styled-jsx' cannot be imported from a Server Component module
It only works in a Client Component but none of its parents are marked with 'use client', so they're Server Components by default. @ http://localhost:3000/_next/static/chunks/node_modules_next_dist_1gdrd03._.js:1945
[  913210ms] [ERROR] ./src/app/blog/page.tsx
'styled-jsx' cannot be imported from a Server Component module
It only works in a Client Component but none of its parents are marked with 'use client', so they're Server Components by default. @ http://localhost:3000/_next/static/chunks/node_modules_next_dist_1gdrd03._.js:1945
[  913271ms] [ERROR] ./src/app/blog/page.tsx
'styled-jsx' cannot be imported from a Server Component module
It only works in a Client Component but none of its parents are marked with 'use client', so they're Server Components by default. @ http://localhost:3000/_next/static/chunks/node_modules_next_dist_1gdrd03._.js:1945
[  913334ms] [ERROR] ./src/app/blog/page.tsx
'styled-jsx' cannot be imported from a Server Component module
It only works in a Client Component but none of its parents are marked with 'use client', so they're Server Components by default. @ http://localhost:3000/_next/static/chunks/node_modules_next_dist_1gdrd03._.js:1945
[  913396ms] [ERROR] ./src/app/blog/page.tsx
'styled-jsx' cannot be imported from a Server Component module
It only works in a Client Component but none of its parents are marked with 'use client', so they're Server Components by default. @ http://localhost:3000/_next/static/chunks/node_modules_next_dist_1gdrd03._.js:1945
[  913458ms] [ERROR] ./src/app/blog/page.tsx
'styled-jsx' cannot be imported from a Server Component module
It only works in a Client Component but none of its parents are marked with 'use client', so they're Server Components by default. @ http://localhost:3000/_next/static/chunks/node_modules_next_dist_1gdrd03._.js:1945
[  913521ms] [ERROR] ./src/app/blog/page.tsx
'styled-jsx' cannot be imported from a Server Component module
It only works in a Client Component but none of its parents are marked with 'use client', so they're Server Components by default. @ http://localhost:3000/_next/static/chunks/node_modules_next_dist_1gdrd03._.js:1945
[  913584ms] [ERROR] ./src/app/blog/page.tsx
'styled-jsx' cannot be imported from a Server Component module
It only works in a Client Component but none of its parents are marked with 'use client', so they're Server Components by default. @ http://localhost:3000/_next/static/chunks/node_modules_next_dist_1gdrd03._.js:1945
[  913645ms] [ERROR] ./src/app/blog/page.tsx
'styled-jsx' cannot be imported from a Server Component module
It only works in a Client Component but none of its parents are marked with 'use client', so they're Server Components by default. @ http://localhost:3000/_next/static/chunks/node_modules_next_dist_1gdrd03._.js:1945
[  913706ms] [ERROR] ./src/app/blog/page.tsx
'styled-jsx' cannot be imported from a Server Component module
It only works in a Client Component but none of its parents are marked with 'use client', so they're Server Components by default. @ http://localhost:3000/_next/static/chunks/node_modules_next_dist_1gdrd03._.js:1945
[  913769ms] [ERROR] ./src/app/blog/page.tsx
'styled-jsx' cannot be imported from a Server Component module
It only works in a Client Component but none of its parents are marked with 'use client', so they're Server Components by default. @ http://localhost:3000/_next/static/chunks/node_modules_next_dist_1gdrd03._.js:1945
[  913832ms] [ERROR] ./src/app/blog/page.tsx
'styled-jsx' cannot be imported from a Server Component module
It only works in a Client Component but none of its parents are marked with 'use client', so they're Server Components by default. @ http://localhost:3000/_next/static/chunks/node_modules_next_dist_1gdrd03._.js:1945
[  913894ms] [ERROR] ./src/app/blog/page.tsx
'styled-jsx' cannot be imported from a Server Component module
It only works in a Client Component but none of its parents are marked with 'use client', so they're Server Components by default. @ http://localhost:3000/_next/static/chunks/node_modules_next_dist_1gdrd03._.js:1945
[  913957ms] [ERROR] ./src/app/blog/page.tsx
'styled-jsx' cannot be imported from a Server Component module
It only works in a Client Component but none of its parents are marked with 'use client', so they're Server Components by default. @ http://localhost:3000/_next/static/chunks/node_modules_next_dist_1gdrd03._.js:1945
[  914019ms] [ERROR] ./src/app/blog/page.tsx
'styled-jsx' cannot be imported from a Server Component module
It only works in a Client Component but none of its parents are marked with 'use client', so they're Server Components by default. @ http://localhost:3000/_next/static/chunks/node_modules_next_dist_1gdrd03._.js:1945
[  914081ms] [ERROR] ./src/app/blog/page.tsx
'styled-jsx' cannot be imported from a Server Component module
It only works in a Client Component but none of its parents are marked with 'use client', so they're Server Components by default. @ http://localhost:3000/_next/static/chunks/node_modules_next_dist_1gdrd03._.js:1945
[  914143ms] [ERROR] ./src/app/blog/page.tsx
'styled-jsx' cannot be imported from a Server Component module
It only works in a Client Component but none of its parents are marked with 'use client', so they're Server Components by default. @ http://localhost:3000/_next/static/chunks/node_modules_next_dist_1gdrd03._.js:1945
[  914205ms] [ERROR] ./src/app/blog/page.tsx
'styled-jsx' cannot be imported from a Server Component module
It only works in a Client Component but none of its parents are marked with 'use client', so they're Server Components by default. @ http://localhost:3000/_next/static/chunks/node_modules_next_dist_1gdrd03._.js:1945
[  914267ms] [ERROR] ./src/app/blog/page.tsx
'styled-jsx' cannot be imported from a Server Component module
It only works in a Client Component but none of its parents are marked with 'use client', so they're Server Components by default. @ http://localhost:3000/_next/static/chunks/node_modules_next_dist_1gdrd03._.js:1945
[  914331ms] [ERROR] ./src/app/blog/page.tsx
'styled-jsx' cannot be imported from a Server Component module
It only works in a Client Component but none of its parents are marked with 'use client', so they're Server Components by default. @ http://localhost:3000/_next/static/chunks/node_modules_next_dist_1gdrd03._.js:1945
[  914392ms] [ERROR] ./src/app/blog/page.tsx
'styled-jsx' cannot be imported from a Server Component module
It only works in a Client Component but none of its parents are marked with 'use client', so they're Server Components by default. @ http://localhost:3000/_next/static/chunks/node_modules_next_dist_1gdrd03._.js:1945
[  914455ms] [ERROR] ./src/app/blog/page.tsx
'styled-jsx' cannot be imported from a Server Component module
It only works in a Client Component but none of its parents are marked with 'use client', so they're Server Components by default. @ http://localhost:3000/_next/static/chunks/node_modules_next_dist_1gdrd03._.js:1945
[  914516ms] [ERROR] ./src/app/blog/page.tsx
'styled-jsx' cannot be imported from a Server Component module
It only works in a Client Component but none of its parents are marked with 'use client', so they're Server Components by default. @ http://localhost:3000/_next/static/chunks/node_modules_next_dist_1gdrd03._.js:1945
[  914580ms] [ERROR] ./src/app/blog/page.tsx
'styled-jsx' cannot be imported from a Server Component module
It only works in a Client Component but none of its parents are marked with 'use client', so they're Server Components by default. @ http://localhost:3000/_next/static/chunks/node_modules_next_dist_1gdrd03._.js:1945
[  914642ms] [ERROR] ./src/app/blog/page.tsx
'styled-jsx' cannot be imported from a Server Component module
It only works in a Client Component but none of its parents are marked with 'use client', so they're Server Components by default. @ http://localhost:3000/_next/static/chunks/node_modules_next_dist_1gdrd03._.js:1945
[  914704ms] [ERROR] ./src/app/blog/page.tsx
'styled-jsx' cannot be imported from a Server Component module
It only works in a Client Component but none of its parents are marked with 'use client', so they're Server Components by default. @ http://localhost:3000/_next/static/chunks/node_modules_next_dist_1gdrd03._.js:1945
[  914766ms] [ERROR] ./src/app/blog/page.tsx
'styled-jsx' cannot be imported from a Server Component module
It only works in a Client Component but none of its parents are marked with 'use client', so they're Server Components by default. @ http://localhost:3000/_next/static/chunks/node_modules_next_dist_1gdrd03._.js:1945
[  914827ms] [ERROR] ./src/app/blog/page.tsx
'styled-jsx' cannot be imported from a Server Component module
It only works in a Client Component but none of its parents are marked with 'use client', so they're Server Components by default. @ http://localhost:3000/_next/static/chunks/node_modules_next_dist_1gdrd03._.js:1945
[  914890ms] [ERROR] ./src/app/blog/page.tsx
'styled-jsx' cannot be imported from a Server Component module
It only works in a Client Component but none of its parents are marked with 'use client', so they're Server Components by default. @ http://localhost:3000/_next/static/chunks/node_modules_next_dist_1gdrd03._.js:1945
[  914952ms] [ERROR] ./src/app/blog/page.tsx
'styled-jsx' cannot be imported from a Server Component module
It only works in a Client Component but none of its parents are marked with 'use client', so they're Server Components by default. @ http://localhost:3000/_next/static/chunks/node_modules_next_dist_1gdrd03._.js:1945
[  915014ms] [ERROR] ./src/app/blog/page.tsx
'styled-jsx' cannot be imported from a Server Component module
It only works in a Client Component but none of its parents are marked with 'use client', so they're Server Components by default. @ http://localhost:3000/_next/static/chunks/node_modules_next_dist_1gdrd03._.js:1945
[  915075ms] [ERROR] ./src/app/blog/page.tsx
'styled-jsx' cannot be imported from a Server Component module
It only works in a Client Component but none of its parents are marked with 'use client', so they're Server Components by default. @ http://localhost:3000/_next/static/chunks/node_modules_next_dist_1gdrd03._.js:1945
[  915138ms] [ERROR] ./src/app/blog/page.tsx
'styled-jsx' cannot be imported from a Server Component module
It only works in a Client Component but none of its parents are marked with 'use client', so they're Server Components by default. @ http://localhost:3000/_next/static/chunks/node_modules_next_dist_1gdrd03._.js:1945
[  915199ms] [ERROR] ./src/app/blog/page.tsx
'styled-jsx' cannot be imported from a Server Component module
It only works in a Client Component but none of its parents are marked with 'use client', so they're Server Components by default. @ http://localhost:3000/_next/static/chunks/node_modules_next_dist_1gdrd03._.js:1945
[  915262ms] [ERROR] ./src/app/blog/page.tsx
'styled-jsx' cannot be imported from a Server Component module
It only works in a Client Component but none of its parents are marked with 'use client', so they're Server Components by default. @ http://localhost:3000/_next/static/chunks/node_modules_next_dist_1gdrd03._.js:1945
[  915324ms] [ERROR] ./src/app/blog/page.tsx
'styled-jsx' cannot be imported from a Server Component module
It only works in a Client Component but none of its parents are marked with 'use client', so they're Server Components by default. @ http://localhost:3000/_next/static/chunks/node_modules_next_dist_1gdrd03._.js:1945
[  915385ms] [ERROR] ./src/app/blog/page.tsx
'styled-jsx' cannot be imported from a Server Component module
It only works in a Client Component but none of its parents are marked with 'use client', so they're Server Components by default. @ http://localhost:3000/_next/static/chunks/node_modules_next_dist_1gdrd03._.js:1945
[  915445ms] [ERROR] ./src/app/blog/page.tsx
'styled-jsx' cannot be imported from a Server Component module
It only works in a Client Component but none of its parents are marked with 'use client', so they're Server Components by default. @ http://localhost:3000/_next/static/chunks/node_modules_next_dist_1gdrd03._.js:1945
[  915508ms] [ERROR] ./src/app/blog/page.tsx
'styled-jsx' cannot be imported from a Server Component module
It only works in a Client Component but none of its parents are marked with 'use client', so they're Server Components by default. @ http://localhost:3000/_next/static/chunks/node_modules_next_dist_1gdrd03._.js:1945
[  915571ms] [ERROR] ./src/app/blog/page.tsx
'styled-jsx' cannot be imported from a Server Component module
It only works in a Client Component but none of its parents are marked with 'use client', so they're Server Components by default. @ http://localhost:3000/_next/static/chunks/node_modules_next_dist_1gdrd03._.js:1945
[  915634ms] [ERROR] ./src/app/blog/page.tsx
'styled-jsx' cannot be imported from a Server Component module
It only works in a Client Component but none of its parents are marked with 'use client', so they're Server Components by default. @ http://localhost:3000/_next/static/chunks/node_modules_next_dist_1gdrd03._.js:1945
[  915696ms] [ERROR] ./src/app/blog/page.tsx
'styled-jsx' cannot be imported from a Server Component module
It only works in a Client Component but none of its parents are marked with 'use client', so they're Server Components by default. @ http://localhost:3000/_next/static/chunks/node_modules_next_dist_1gdrd03._.js:1945
[  915759ms] [ERROR] ./src/app/blog/page.tsx
'styled-jsx' cannot be imported from a Server Component module
It only works in a Client Component but none of its parents are marked with 'use client', so they're Server Components by default. @ http://localhost:3000/_next/static/chunks/node_modules_next_dist_1gdrd03._.js:1945
[  915823ms] [ERROR] ./src/app/blog/page.tsx
'styled-jsx' cannot be imported from a Server Component module
It only works in a Client Component but none of its parents are marked with 'use client', so they're Server Components by default. @ http://localhost:3000/_next/static/chunks/node_modules_next_dist_1gdrd03._.js:1945
[  915884ms] [ERROR] ./src/app/blog/page.tsx
'styled-jsx' cannot be imported from a Server Component module
It only works in a Client Component but none of its parents are marked with 'use client', so they're Server Components by default. @ http://localhost:3000/_next/static/chunks/node_modules_next_dist_1gdrd03._.js:1945
[  915948ms] [ERROR] ./src/app/blog/page.tsx
'styled-jsx' cannot be imported from a Server Component module
It only works in a Client Component but none of its parents are marked with 'use client', so they're Server Components by default. @ http://localhost:3000/_next/static/chunks/node_modules_next_dist_1gdrd03._.js:1945
[  916010ms] [ERROR] ./src/app/blog/page.tsx
'styled-jsx' cannot be imported from a Server Component module
It only works in a Client Component but none of its parents are marked with 'use client', so they're Server Components by default. @ http://localhost:3000/_next/static/chunks/node_modules_next_dist_1gdrd03._.js:1945
[  916111ms] [ERROR] ./src/app/blog/page.tsx
'styled-jsx' cannot be imported from a Server Component module
It only works in a Client Component but none of its parents are marked with 'use client', so they're Server Components by default. @ http://localhost:3000/_next/static/chunks/node_modules_next_dist_1gdrd03._.js:1945
[  916166ms] [ERROR] ./src/app/blog/page.tsx
'styled-jsx' cannot be imported from a Server Component module
It only works in a Client Component but none of its parents are marked with 'use client', so they're Server Components by default. @ http://localhost:3000/_next/static/chunks/node_modules_next_dist_1gdrd03._.js:1945
[  916229ms] [ERROR] ./src/app/blog/page.tsx
'styled-jsx' cannot be imported from a Server Component module
It only works in a Client Component but none of its parents are marked with 'use client', so they're Server Components by default. @ http://localhost:3000/_next/static/chunks/node_modules_next_dist_1gdrd03._.js:1945
[  916291ms] [ERROR] ./src/app/blog/page.tsx
'styled-jsx' cannot be imported from a Server Component module
It only works in a Client Component but none of its parents are marked with 'use client', so they're Server Components by default. @ http://localhost:3000/_next/static/chunks/node_modules_next_dist_1gdrd03._.js:1945
[  916352ms] [ERROR] ./src/app/blog/page.tsx
'styled-jsx' cannot be imported from a Server Component module
It only works in a Client Component but none of its parents are marked with 'use client', so they're Server Components by default. @ http://localhost:3000/_next/static/chunks/node_modules_next_dist_1gdrd03._.js:1945
[  916415ms] [ERROR] ./src/app/blog/page.tsx
'styled-jsx' cannot be imported from a Server Component module
It only works in a Client Component but none of its parents are marked with 'use client', so they're Server Components by default. @ http://localhost:3000/_next/static/chunks/node_modules_next_dist_1gdrd03._.js:1945
[  916478ms] [ERROR] ./src/app/blog/page.tsx
'styled-jsx' cannot be imported from a Server Component module
It only works in a Client Component but none of its parents are marked with 'use client', so they're Server Components by default. @ http://localhost:3000/_next/static/chunks/node_modules_next_dist_1gdrd03._.js:1945
[  916539ms] [ERROR] ./src/app/blog/page.tsx
'styled-jsx' cannot be imported from a Server Component module
It only works in a Client Component but none of its parents are marked with 'use client', so they're Server Components by default. @ http://localhost:3000/_next/static/chunks/node_modules_next_dist_1gdrd03._.js:1945
[  916601ms] [ERROR] ./src/app/blog/page.tsx
'styled-jsx' cannot be imported from a Server Component module
It only works in a Client Component but none of its parents are marked with 'use client', so they're Server Components by default. @ http://localhost:3000/_next/static/chunks/node_modules_next_dist_1gdrd03._.js:1945
[  916661ms] [ERROR] ./src/app/blog/page.tsx
'styled-jsx' cannot be imported from a Server Component module
It only works in a Client Component but none of its parents are marked with 'use client', so they're Server Components by default. @ http://localhost:3000/_next/static/chunks/node_modules_next_dist_1gdrd03._.js:1945
[  916722ms] [ERROR] ./src/app/blog/page.tsx
'styled-jsx' cannot be imported from a Server Component module
It only works in a Client Component but none of its parents are marked with 'use client', so they're Server Components by default. @ http://localhost:3000/_next/static/chunks/node_modules_next_dist_1gdrd03._.js:1945
[  916783ms] [ERROR] ./src/app/blog/page.tsx
'styled-jsx' cannot be imported from a Server Component module
It only works in a Client Component but none of its parents are marked with 'use client', so they're Server Components by default. @ http://localhost:3000/_next/static/chunks/node_modules_next_dist_1gdrd03._.js:1945
[  916845ms] [ERROR] ./src/app/blog/page.tsx
'styled-jsx' cannot be imported from a Server Component module
It only works in a Client Component but none of its parents are marked with 'use client', so they're Server Components by default. @ http://localhost:3000/_next/static/chunks/node_modules_next_dist_1gdrd03._.js:1945
[  916908ms] [ERROR] ./src/app/blog/page.tsx
'styled-jsx' cannot be imported from a Server Component module
It only works in a Client Component but none of its parents are marked with 'use client', so they're Server Components by default. @ http://localhost:3000/_next/static/chunks/node_modules_next_dist_1gdrd03._.js:1945
[  916970ms] [ERROR] ./src/app/blog/page.tsx
'styled-jsx' cannot be imported from a Server Component module
It only works in a Client Component but none of its parents are marked with 'use client', so they're Server Components by default. @ http://localhost:3000/_next/static/chunks/node_modules_next_dist_1gdrd03._.js:1945
[  917032ms] [ERROR] ./src/app/blog/page.tsx
'styled-jsx' cannot be imported from a Server Component module
It only works in a Client Component but none of its parents are marked with 'use client', so they're Server Components by default. @ http://localhost:3000/_next/static/chunks/node_modules_next_dist_1gdrd03._.js:1945
[  917093ms] [ERROR] ./src/app/blog/page.tsx
'styled-jsx' cannot be imported from a Server Component module
It only works in a Client Component but none of its parents are marked with 'use client', so they're Server Components by default. @ http://localhost:3000/_next/static/chunks/node_modules_next_dist_1gdrd03._.js:1945
[  917155ms] [ERROR] ./src/app/blog/page.tsx
'styled-jsx' cannot be imported from a Server Component module
It only works in a Client Component but none of its parents are marked with 'use client', so they're Server Components by default. @ http://localhost:3000/_next/static/chunks/node_modules_next_dist_1gdrd03._.js:1945
[  917217ms] [ERROR] ./src/app/blog/page.tsx
'styled-jsx' cannot be imported from a Server Component module
It only works in a Client Component but none of its parents are marked with 'use client', so they're Server Components by default. @ http://localhost:3000/_next/static/chunks/node_modules_next_dist_1gdrd03._.js:1945
[  917278ms] [ERROR] ./src/app/blog/page.tsx
'styled-jsx' cannot be imported from a Server Component module
It only works in a Client Component but none of its parents are marked with 'use client', so they're Server Components by default. @ http://localhost:3000/_next/static/chunks/node_modules_next_dist_1gdrd03._.js:1945
[  917339ms] [ERROR] ./src/app/blog/page.tsx
'styled-jsx' cannot be imported from a Server Component module
It only works in a Client Component but none of its parents are marked with 'use client', so they're Server Components by default. @ http://localhost:3000/_next/static/chunks/node_modules_next_dist_1gdrd03._.js:1945
[  917400ms] [ERROR] ./src/app/blog/page.tsx
'styled-jsx' cannot be imported from a Server Component module
It only works in a Client Component but none of its parents are marked with 'use client', so they're Server Components by default. @ http://localhost:3000/_next/static/chunks/node_modules_next_dist_1gdrd03._.js:1945
[  917461ms] [ERROR] ./src/app/blog/page.tsx
'styled-jsx' cannot be imported from a Server Component module
It only works in a Client Component but none of its parents are marked with 'use client', so they're Server Components by default. @ http://localhost:3000/_next/static/chunks/node_modules_next_dist_1gdrd03._.js:1945
[  917521ms] [ERROR] ./src/app/blog/page.tsx
'styled-jsx' cannot be imported from a Server Component module
It only works in a Client Component but none of its parents are marked with 'use client', so they're Server Components by default. @ http://localhost:3000/_next/static/chunks/node_modules_next_dist_1gdrd03._.js:1945
[  917583ms] [ERROR] ./src/app/blog/page.tsx
'styled-jsx' cannot be imported from a Server Component module
It only works in a Client Component but none of its parents are marked with 'use client', so they're Server Components by default. @ http://localhost:3000/_next/static/chunks/node_modules_next_dist_1gdrd03._.js:1945
[  917643ms] [ERROR] ./src/app/blog/page.tsx
'styled-jsx' cannot be imported from a Server Component module
It only works in a Client Component but none of its parents are marked with 'use client', so they're Server Components by default. @ http://localhost:3000/_next/static/chunks/node_modules_next_dist_1gdrd03._.js:1945
[  917706ms] [ERROR] ./src/app/blog/page.tsx
'styled-jsx' cannot be imported from a Server Component module
It only works in a Client Component but none of its parents are marked with 'use client', so they're Server Components by default. @ http://localhost:3000/_next/static/chunks/node_modules_next_dist_1gdrd03._.js:1945
[  917769ms] [ERROR] ./src/app/blog/page.tsx
'styled-jsx' cannot be imported from a Server Component module
It only works in a Client Component but none of its parents are marked with 'use client', so they're Server Components by default. @ http://localhost:3000/_next/static/chunks/node_modules_next_dist_1gdrd03._.js:1945
[  917831ms] [ERROR] ./src/app/blog/page.tsx
'styled-jsx' cannot be imported from a Server Component module
It only works in a Client Component but none of its parents are marked with 'use client', so they're Server Components by default. @ http://localhost:3000/_next/static/chunks/node_modules_next_dist_1gdrd03._.js:1945
[  917892ms] [ERROR] ./src/app/blog/page.tsx
'styled-jsx' cannot be imported from a Server Component module
It only works in a Client Component but none of its parents are marked with 'use client', so they're Server Components by default. @ http://localhost:3000/_next/static/chunks/node_modules_next_dist_1gdrd03._.js:1945
[  917954ms] [ERROR] ./src/app/blog/page.tsx
'styled-jsx' cannot be imported from a Server Component module
It only works in a Client Component but none of its parents are marked with 'use client', so they're Server Components by default. @ http://localhost:3000/_next/static/chunks/node_modules_next_dist_1gdrd03._.js:1945
[  918016ms] [ERROR] ./src/app/blog/page.tsx
'styled-jsx' cannot be imported from a Server Component module
It only works in a Client Component but none of its parents are marked with 'use client', so they're Server Components by default. @ http://localhost:3000/_next/static/chunks/node_modules_next_dist_1gdrd03._.js:1945
[  918078ms] [ERROR] ./src/app/blog/page.tsx
'styled-jsx' cannot be imported from a Server Component module
It only works in a Client Component but none of its parents are marked with 'use client', so they're Server Components by default. @ http://localhost:3000/_next/static/chunks/node_modules_next_dist_1gdrd03._.js:1945
[  918139ms] [ERROR] ./src/app/blog/page.tsx
'styled-jsx' cannot be imported from a Server Component module
It only works in a Client Component but none of its parents are marked with 'use client', so they're Server Components by default. @ http://localhost:3000/_next/static/chunks/node_modules_next_dist_1gdrd03._.js:1945
[  918201ms] [ERROR] ./src/app/blog/page.tsx
'styled-jsx' cannot be imported from a Server Component module
It only works in a Client Component but none of its parents are marked with 'use client', so they're Server Components by default. @ http://localhost:3000/_next/static/chunks/node_modules_next_dist_1gdrd03._.js:1945
[  918264ms] [ERROR] ./src/app/blog/page.tsx
'styled-jsx' cannot be imported from a Server Component module
It only works in a Client Component but none of its parents are marked with 'use client', so they're Server Components by default. @ http://localhost:3000/_next/static/chunks/node_modules_next_dist_1gdrd03._.js:1945
[  918324ms] [ERROR] ./src/app/blog/page.tsx
'styled-jsx' cannot be imported from a Server Component module
It only works in a Client Component but none of its parents are marked with 'use client', so they're Server Components by default. @ http://localhost:3000/_next/static/chunks/node_modules_next_dist_1gdrd03._.js:1945
[  918387ms] [ERROR] ./src/app/blog/page.tsx
'styled-jsx' cannot be imported from a Server Component module
It only works in a Client Component but none of its parents are marked with 'use client', so they're Server Components by default. @ http://localhost:3000/_next/static/chunks/node_modules_next_dist_1gdrd03._.js:1945
[  918450ms] [ERROR] ./src/app/blog/page.tsx
'styled-jsx' cannot be imported from a Server Component module
It only works in a Client Component but none of its parents are marked with 'use client', so they're Server Components by default. @ http://localhost:3000/_next/static/chunks/node_modules_next_dist_1gdrd03._.js:1945
[  918513ms] [ERROR] ./src/app/blog/page.tsx
'styled-jsx' cannot be imported from a Server Component module
It only works in a Client Component but none of its parents are marked with 'use client', so they're Server Components by default. @ http://localhost:3000/_next/static/chunks/node_modules_next_dist_1gdrd03._.js:1945
[  918577ms] [ERROR] ./src/app/blog/page.tsx
'styled-jsx' cannot be imported from a Server Component module
It only works in a Client Component but none of its parents are marked with 'use client', so they're Server Components by default. @ http://localhost:3000/_next/static/chunks/node_modules_next_dist_1gdrd03._.js:1945
[  918639ms] [ERROR] ./src/app/blog/page.tsx
'styled-jsx' cannot be imported from a Server Component module
It only works in a Client Component but none of its parents are marked with 'use client', so they're Server Components by default. @ http://localhost:3000/_next/static/chunks/node_modules_next_dist_1gdrd03._.js:1945
[  918701ms] [ERROR] ./src/app/blog/page.tsx
'styled-jsx' cannot be imported from a Server Component module
It only works in a Client Component but none of its parents are marked with 'use client', so they're Server Components by default. @ http://localhost:3000/_next/static/chunks/node_modules_next_dist_1gdrd03._.js:1945
[  918763ms] [ERROR] ./src/app/blog/page.tsx
'styled-jsx' cannot be imported from a Server Component module
It only works in a Client Component but none of its parents are marked with 'use client', so they're Server Components by default. @ http://localhost:3000/_next/static/chunks/node_modules_next_dist_1gdrd03._.js:1945
[  918825ms] [ERROR] ./src/app/blog/page.tsx
'styled-jsx' cannot be imported from a Server Component module
It only works in a Client Component but none of its parents are marked with 'use client', so they're Server Components by default. @ http://localhost:3000/_next/static/chunks/node_modules_next_dist_1gdrd03._.js:1945
[  918886ms] [ERROR] ./src/app/blog/page.tsx
'styled-jsx' cannot be imported from a Server Component module
It only works in a Client Component but none of its parents are marked with 'use client', so they're Server Components by default. @ http://localhost:3000/_next/static/chunks/node_modules_next_dist_1gdrd03._.js:1945
[  918949ms] [ERROR] ./src/app/blog/page.tsx
'styled-jsx' cannot be imported from a Server Component module
It only works in a Client Component but none of its parents are marked with 'use client', so they're Server Components by default. @ http://localhost:3000/_next/static/chunks/node_modules_next_dist_1gdrd03._.js:1945
[  919009ms] [ERROR] ./src/app/blog/page.tsx
'styled-jsx' cannot be imported from a Server Component module
It only works in a Client Component but none of its parents are marked with 'use client', so they're Server Components by default. @ http://localhost:3000/_next/static/chunks/node_modules_next_dist_1gdrd03._.js:1945
[  919070ms] [ERROR] ./src/app/blog/page.tsx
'styled-jsx' cannot be imported from a Server Component module
It only works in a Client Component but none of its parents are marked with 'use client', so they're Server Components by default. @ http://localhost:3000/_next/static/chunks/node_modules_next_dist_1gdrd03._.js:1945
[  919132ms] [ERROR] ./src/app/blog/page.tsx
'styled-jsx' cannot be imported from a Server Component module
It only works in a Client Component but none of its parents are marked with 'use client', so they're Server Components by default. @ http://localhost:3000/_next/static/chunks/node_modules_next_dist_1gdrd03._.js:1945
[  919248ms] [ERROR] ./src/app/blog/page.tsx
'styled-jsx' cannot be imported from a Server Component module
It only works in a Client Component but none of its parents are marked with 'use client', so they're Server Components by default. @ http://localhost:3000/_next/static/chunks/node_modules_next_dist_1gdrd03._.js:1945
[  919303ms] [ERROR] ./src/app/blog/page.tsx
'styled-jsx' cannot be imported from a Server Component module
It only works in a Client Component but none of its parents are marked with 'use client', so they're Server Components by default. @ http://localhost:3000/_next/static/chunks/node_modules_next_dist_1gdrd03._.js:1945
[  919366ms] [ERROR] ./src/app/blog/page.tsx
'styled-jsx' cannot be imported from a Server Component module
It only works in a Client Component but none of its parents are marked with 'use client', so they're Server Components by default. @ http://localhost:3000/_next/static/chunks/node_modules_next_dist_1gdrd03._.js:1945
[  919430ms] [ERROR] ./src/app/blog/page.tsx
'styled-jsx' cannot be imported from a Server Component module
It only works in a Client Component but none of its parents are marked with 'use client', so they're Server Components by default. @ http://localhost:3000/_next/static/chunks/node_modules_next_dist_1gdrd03._.js:1945
[  919491ms] [ERROR] ./src/app/blog/page.tsx
'styled-jsx' cannot be imported from a Server Component module
It only works in a Client Component but none of its parents are marked with 'use client', so they're Server Components by default. @ http://localhost:3000/_next/static/chunks/node_modules_next_dist_1gdrd03._.js:1945
[  919541ms] [ERROR] ./src/app/blog/page.tsx
'styled-jsx' cannot be imported from a Server Component module
It only works in a Client Component but none of its parents are marked with 'use client', so they're Server Components by default. @ http://localhost:3000/_next/static/chunks/node_modules_next_dist_1gdrd03._.js:1945
[  919602ms] [ERROR] ./src/app/blog/page.tsx
'styled-jsx' cannot be imported from a Server Component module
It only works in a Client Component but none of its parents are marked with 'use client', so they're Server Components by default. @ http://localhost:3000/_next/static/chunks/node_modules_next_dist_1gdrd03._.js:1945
[  919663ms] [ERROR] ./src/app/blog/page.tsx
'styled-jsx' cannot be imported from a Server Component module
It only works in a Client Component but none of its parents are marked with 'use client', so they're Server Components by default. @ http://localhost:3000/_next/static/chunks/node_modules_next_dist_1gdrd03._.js:1945
[  919727ms] [ERROR] ./src/app/blog/page.tsx
'styled-jsx' cannot be imported from a Server Component module
It only works in a Client Component but none of its parents are marked with 'use client', so they're Server Components by default. @ http://localhost:3000/_next/static/chunks/node_modules_next_dist_1gdrd03._.js:1945
[  919790ms] [ERROR] ./src/app/blog/page.tsx
'styled-jsx' cannot be imported from a Server Component module
It only works in a Client Component but none of its parents are marked with 'use client', so they're Server Components by default. @ http://localhost:3000/_next/static/chunks/node_modules_next_dist_1gdrd03._.js:1945
[  919851ms] [ERROR] ./src/app/blog/page.tsx
'styled-jsx' cannot be imported from a Server Component module
It only works in a Client Component but none of its parents are marked with 'use client', so they're Server Components by default. @ http://localhost:3000/_next/static/chunks/node_modules_next_dist_1gdrd03._.js:1945
[  919911ms] [ERROR] ./src/app/blog/page.tsx
'styled-jsx' cannot be imported from a Server Component module
It only works in a Client Component but none of its parents are marked with 'use client', so they're Server Components by default. @ http://localhost:3000/_next/static/chunks/node_modules_next_dist_1gdrd03._.js:1945
[  919972ms] [ERROR] ./src/app/blog/page.tsx
'styled-jsx' cannot be imported from a Server Component module
It only works in a Client Component but none of its parents are marked with 'use client', so they're Server Components by default. @ http://localhost:3000/_next/static/chunks/node_modules_next_dist_1gdrd03._.js:1945
[  920036ms] [ERROR] ./src/app/blog/page.tsx
'styled-jsx' cannot be imported from a Server Component module
It only works in a Client Component but none of its parents are marked with 'use client', so they're Server Components by default. @ http://localhost:3000/_next/static/chunks/node_modules_next_dist_1gdrd03._.js:1945
[  920098ms] [ERROR] ./src/app/blog/page.tsx
'styled-jsx' cannot be imported from a Server Component module
It only works in a Client Component but none of its parents are marked with 'use client', so they're Server Components by default. @ http://localhost:3000/_next/static/chunks/node_modules_next_dist_1gdrd03._.js:1945
[  920158ms] [ERROR] ./src/app/blog/page.tsx
'styled-jsx' cannot be imported from a Server Component module
It only works in a Client Component but none of its parents are marked with 'use client', so they're Server Components by default. @ http://localhost:3000/_next/static/chunks/node_modules_next_dist_1gdrd03._.js:1945
[  920220ms] [ERROR] ./src/app/blog/page.tsx
'styled-jsx' cannot be imported from a Server Component module
It only works in a Client Component but none of its parents are marked with 'use client', so they're Server Components by default. @ http://localhost:3000/_next/static/chunks/node_modules_next_dist_1gdrd03._.js:1945
[  920283ms] [ERROR] ./src/app/blog/page.tsx
'styled-jsx' cannot be imported from a Server Component module
It only works in a Client Component but none of its parents are marked with 'use client', so they're Server Components by default. @ http://localhost:3000/_next/static/chunks/node_modules_next_dist_1gdrd03._.js:1945
[  920374ms] [ERROR] ./src/app/blog/page.tsx
'styled-jsx' cannot be imported from a Server Component module
It only works in a Client Component but none of its parents are marked with 'use client', so they're Server Components by default. @ http://localhost:3000/_next/static/chunks/node_modules_next_dist_1gdrd03._.js:1945
[  920437ms] [ERROR] ./src/app/blog/page.tsx
'styled-jsx' cannot be imported from a Server Component module
It only works in a Client Component but none of its parents are marked with 'use client', so they're Server Components by default. @ http://localhost:3000/_next/static/chunks/node_modules_next_dist_1gdrd03._.js:1945
[  920499ms] [ERROR] ./src/app/blog/page.tsx
'styled-jsx' cannot be imported from a Server Component module
It only works in a Client Component but none of its parents are marked with 'use client', so they're Server Components by default. @ http://localhost:3000/_next/static/chunks/node_modules_next_dist_1gdrd03._.js:1945
[  920561ms] [ERROR] ./src/app/blog/page.tsx
'styled-jsx' cannot be imported from a Server Component module
It only works in a Client Component but none of its parents are marked with 'use client', so they're Server Components by default. @ http://localhost:3000/_next/static/chunks/node_modules_next_dist_1gdrd03._.js:1945
[  920624ms] [ERROR] ./src/app/blog/page.tsx
'styled-jsx' cannot be imported from a Server Component module
It only works in a Client Component but none of its parents are marked with 'use client', so they're Server Components by default. @ http://localhost:3000/_next/static/chunks/node_modules_next_dist_1gdrd03._.js:1945
[  920687ms] [ERROR] ./src/app/blog/page.tsx
'styled-jsx' cannot be imported from a Server Component module
It only works in a Client Component but none of its parents are marked with 'use client', so they're Server Components by default. @ http://localhost:3000/_next/static/chunks/node_modules_next_dist_1gdrd03._.js:1945
[  920750ms] [ERROR] ./src/app/blog/page.tsx
'styled-jsx' cannot be imported from a Server Component module
It only works in a Client Component but none of its parents are marked with 'use client', so they're Server Components by default. @ http://localhost:3000/_next/static/chunks/node_modules_next_dist_1gdrd03._.js:1945
[  920813ms] [ERROR] ./src/app/blog/page.tsx
'styled-jsx' cannot be imported from a Server Component module
It only works in a Client Component but none of its parents are marked with 'use client', so they're Server Components by default. @ http://localhost:3000/_next/static/chunks/node_modules_next_dist_1gdrd03._.js:1945
[  920875ms] [ERROR] ./src/app/blog/page.tsx
'styled-jsx' cannot be imported from a Server Component module
It only works in a Client Component but none of its parents are marked with 'use client', so they're Server Components by default. @ http://localhost:3000/_next/static/chunks/node_modules_next_dist_1gdrd03._.js:1945
[  920939ms] [ERROR] ./src/app/blog/page.tsx
'styled-jsx' cannot be imported from a Server Component module
It only works in a Client Component but none of its parents are marked with 'use client', so they're Server Components by default. @ http://localhost:3000/_next/static/chunks/node_modules_next_dist_1gdrd03._.js:1945
[  921000ms] [ERROR] ./src/app/blog/page.tsx
'styled-jsx' cannot be imported from a Server Component module
It only works in a Client Component but none of its parents are marked with 'use client', so they're Server Components by default. @ http://localhost:3000/_next/static/chunks/node_modules_next_dist_1gdrd03._.js:1945
[  921062ms] [ERROR] ./src/app/blog/page.tsx
'styled-jsx' cannot be imported from a Server Component module
It only works in a Client Component but none of its parents are marked with 'use client', so they're Server Components by default. @ http://localhost:3000/_next/static/chunks/node_modules_next_dist_1gdrd03._.js:1945
[  921126ms] [ERROR] ./src/app/blog/page.tsx
'styled-jsx' cannot be imported from a Server Component module
It only works in a Client Component but none of its parents are marked with 'use client', so they're Server Components by default. @ http://localhost:3000/_next/static/chunks/node_modules_next_dist_1gdrd03._.js:1945
[  921185ms] [ERROR] ./src/app/blog/page.tsx
'styled-jsx' cannot be imported from a Server Component module
It only works in a Client Component but none of its parents are marked with 'use client', so they're Server Components by default. @ http://localhost:3000/_next/static/chunks/node_modules_next_dist_1gdrd03._.js:1945
[  921259ms] [ERROR] ./src/app/blog/page.tsx
'styled-jsx' cannot be imported from a Server Component module
It only works in a Client Component but none of its parents are marked with 'use client', so they're Server Components by default. @ http://localhost:3000/_next/static/chunks/node_modules_next_dist_1gdrd03._.js:1945
[  921327ms] [ERROR] ./src/app/blog/page.tsx
'styled-jsx' cannot be imported from a Server Component module
It only works in a Client Component but none of its parents are marked with 'use client', so they're Server Components by default. @ http://localhost:3000/_next/static/chunks/node_modules_next_dist_1gdrd03._.js:1945
[  921389ms] [ERROR] ./src/app/blog/page.tsx
'styled-jsx' cannot be imported from a Server Component module
It only works in a Client Component but none of its parents are marked with 'use client', so they're Server Components by default. @ http://localhost:3000/_next/static/chunks/node_modules_next_dist_1gdrd03._.js:1945
[  921451ms] [ERROR] ./src/app/blog/page.tsx
'styled-jsx' cannot be imported from a Server Component module
It only works in a Client Component but none of its parents are marked with 'use client', so they're Server Components by default. @ http://localhost:3000/_next/static/chunks/node_modules_next_dist_1gdrd03._.js:1945
[  921575ms] [ERROR] ./src/app/blog/page.tsx
'styled-jsx' cannot be imported from a Server Component module
It only works in a Client Component but none of its parents are marked with 'use client', so they're Server Components by default. @ http://localhost:3000/_next/static/chunks/node_modules_next_dist_1gdrd03._.js:1945
[  921636ms] [ERROR] ./src/app/blog/page.tsx
'styled-jsx' cannot be imported from a Server Component module
It only works in a Client Component but none of its parents are marked with 'use client', so they're Server Components by default. @ http://localhost:3000/_next/static/chunks/node_modules_next_dist_1gdrd03._.js:1945
[  921698ms] [ERROR] ./src/app/blog/page.tsx
'styled-jsx' cannot be imported from a Server Component module
It only works in a Client Component but none of its parents are marked with 'use client', so they're Server Components by default. @ http://localhost:3000/_next/static/chunks/node_modules_next_dist_1gdrd03._.js:1945
[  921762ms] [ERROR] ./src/app/blog/page.tsx
'styled-jsx' cannot be imported from a Server Component module
It only works in a Client Component but none of its parents are marked with 'use client', so they're Server Components by default. @ http://localhost:3000/_next/static/chunks/node_modules_next_dist_1gdrd03._.js:1945
[  921841ms] [ERROR] ./src/app/blog/page.tsx
'styled-jsx' cannot be imported from a Server Component module
It only works in a Client Component but none of its parents are marked with 'use client', so they're Server Components by default. @ http://localhost:3000/_next/static/chunks/node_modules_next_dist_1gdrd03._.js:1945
[  921908ms] [ERROR] ./src/app/blog/page.tsx
'styled-jsx' cannot be imported from a Server Component module
It only works in a Client Component but none of its parents are marked with 'use client', so they're Server Components by default. @ http://localhost:3000/_next/static/chunks/node_modules_next_dist_1gdrd03._.js:1945
[  921992ms] [ERROR] ./src/app/blog/page.tsx
'styled-jsx' cannot be imported from a Server Component module
It only works in a Client Component but none of its parents are marked with 'use client', so they're Server Components by default. @ http://localhost:3000/_next/static/chunks/node_modules_next_dist_1gdrd03._.js:1945
[  922057ms] [ERROR] ./src/app/blog/page.tsx
'styled-jsx' cannot be imported from a Server Component module
It only works in a Client Component but none of its parents are marked with 'use client', so they're Server Components by default. @ http://localhost:3000/_next/static/chunks/node_modules_next_dist_1gdrd03._.js:1945
[  922110ms] [ERROR] ./src/app/blog/page.tsx
'styled-jsx' cannot be imported from a Server Component module
It only works in a Client Component but none of its parents are marked with 'use client', so they're Server Components by default. @ http://localhost:3000/_next/static/chunks/node_modules_next_dist_1gdrd03._.js:1945
[  922173ms] [ERROR] ./src/app/blog/page.tsx
'styled-jsx' cannot be imported from a Server Component module
It only works in a Client Component but none of its parents are marked with 'use client', so they're Server Components by default. @ http://localhost:3000/_next/static/chunks/node_modules_next_dist_1gdrd03._.js:1945
[  922257ms] [ERROR] ./src/app/blog/page.tsx
'styled-jsx' cannot be imported from a Server Component module
It only works in a Client Component but none of its parents are marked with 'use client', so they're Server Components by default. @ http://localhost:3000/_next/static/chunks/node_modules_next_dist_1gdrd03._.js:1945
[  922348ms] [ERROR] ./src/app/blog/page.tsx
'styled-jsx' cannot be imported from a Server Component module
It only works in a Client Component but none of its parents are marked with 'use client', so they're Server Components by default. @ http://localhost:3000/_next/static/chunks/node_modules_next_dist_1gdrd03._.js:1945
[  922415ms] [ERROR] ./src/app/blog/page.tsx
'styled-jsx' cannot be imported from a Server Component module
It only works in a Client Component but none of its parents are marked with 'use client', so they're Server Components by default. @ http://localhost:3000/_next/static/chunks/node_modules_next_dist_1gdrd03._.js:1945
[  922476ms] [ERROR] ./src/app/blog/page.tsx
'styled-jsx' cannot be imported from a Server Component module
It only works in a Client Component but none of its parents are marked with 'use client', so they're Server Components by default. @ http://localhost:3000/_next/static/chunks/node_modules_next_dist_1gdrd03._.js:1945
[  922539ms] [ERROR] ./src/app/blog/page.tsx
'styled-jsx' cannot be imported from a Server Component module
It only works in a Client Component but none of its parents are marked with 'use client', so they're Server Components by default. @ http://localhost:3000/_next/static/chunks/node_modules_next_dist_1gdrd03._.js:1945
[  922598ms] [ERROR] ./src/app/blog/page.tsx
'styled-jsx' cannot be imported from a Server Component module
It only works in a Client Component but none of its parents are marked with 'use client', so they're Server Components by default. @ http://localhost:3000/_next/static/chunks/node_modules_next_dist_1gdrd03._.js:1945
[  922661ms] [ERROR] ./src/app/blog/page.tsx
'styled-jsx' cannot be imported from a Server Component module
It only works in a Client Component but none of its parents are marked with 'use client', so they're Server Components by default. @ http://localhost:3000/_next/static/chunks/node_modules_next_dist_1gdrd03._.js:1945
[  922721ms] [LOG] [Fast Refresh] rebuilding @ http://localhost:3000/_next/static/chunks/node_modules_next_dist_1gdrd03._.js:1226
[  922856ms] [ERROR] ./src/app/blog/page.tsx
'styled-jsx' cannot be imported from a Server Component module
It only works in a Client Component but none of its parents are marked with 'use client', so they're Server Components by default. @ http://localhost:3000/_next/static/chunks/node_modules_next_dist_1gdrd03._.js:1945
[  922892ms] [LOG] [Fast Refresh] rebuilding @ http://localhost:3000/_next/static/chunks/node_modules_next_dist_1gdrd03._.js:1226
[  923183ms] [ERROR] ./src/app/blog/page.tsx
'styled-jsx' cannot be imported from a Server Component module
It only works in a Client Component but none of its parents are marked with 'use client', so they're Server Components by default. @ http://localhost:3000/_next/static/chunks/node_modules_next_dist_1gdrd03._.js:1945
[  923199ms] [LOG] [Fast Refresh] rebuilding @ http://localhost:3000/_next/static/chunks/node_modules_next_dist_1gdrd03._.js:1226
[  923363ms] [ERROR] ./src/app/blog/page.tsx
'styled-jsx' cannot be imported from a Server Component module
It only works in a Client Component but none of its parents are marked with 'use client', so they're Server Components by default. @ http://localhost:3000/_next/static/chunks/node_modules_next_dist_1gdrd03._.js:1945
[  923400ms] [LOG] [Fast Refresh] rebuilding @ http://localhost:3000/_next/static/chunks/node_modules_next_dist_1gdrd03._.js:1226
[  923542ms] [LOG] [Fast Refresh] rebuilding @ http://localhost:3000/_next/static/chunks/node_modules_next_dist_1gdrd03._.js:1226
[  923569ms] [ERROR] ./src/app/blog/page.tsx
'styled-jsx' cannot be imported from a Server Component module
It only works in a Client Component but none of its parents are marked with 'use client', so they're Server Components by default. @ http://localhost:3000/_next/static/chunks/node_modules_next_dist_1gdrd03._.js:1945
[  923634ms] [ERROR] ./src/app/blog/page.tsx
'styled-jsx' cannot be imported from a Server Component module
It only works in a Client Component but none of its parents are marked with 'use client', so they're Server Components by default. @ http://localhost:3000/_next/static/chunks/node_modules_next_dist_1gdrd03._.js:1945
[  923694ms] [ERROR] ./src/app/blog/page.tsx
'styled-jsx' cannot be imported from a Server Component module
It only works in a Client Component but none of its parents are marked with 'use client', so they're Server Components by default. @ http://localhost:3000/_next/static/chunks/node_modules_next_dist_1gdrd03._.js:1945
[  923757ms] [ERROR] ./src/app/blog/page.tsx
'styled-jsx' cannot be imported from a Server Component module
It only works in a Client Component but none of its parents are marked with 'use client', so they're Server Components by default. @ http://localhost:3000/_next/static/chunks/node_modules_next_dist_1gdrd03._.js:1945
[  923817ms] [ERROR] ./src/app/blog/page.tsx
'styled-jsx' cannot be imported from a Server Component module
It only works in a Client Component but none of its parents are marked with 'use client', so they're Server Components by default. @ http://localhost:3000/_next/static/chunks/node_modules_next_dist_1gdrd03._.js:1945
[  923878ms] [ERROR] ./src/app/blog/page.tsx
'styled-jsx' cannot be imported from a Server Component module
It only works in a Client Component but none of its parents are marked with 'use client', so they're Server Components by default. @ http://localhost:3000/_next/static/chunks/node_modules_next_dist_1gdrd03._.js:1945
[  923950ms] [ERROR] ./src/app/blog/page.tsx
'styled-jsx' cannot be imported from a Server Component module
It only works in a Client Component but none of its parents are marked with 'use client', so they're Server Components by default. @ http://localhost:3000/_next/static/chunks/node_modules_next_dist_1gdrd03._.js:1945
[  924004ms] [ERROR] ./src/app/blog/page.tsx
'styled-jsx' cannot be imported from a Server Component module
It only works in a Client Component but none of its parents are marked with 'use client', so they're Server Components by default. @ http://localhost:3000/_next/static/chunks/node_modules_next_dist_1gdrd03._.js:1945
[  924067ms] [ERROR] ./src/app/blog/page.tsx
'styled-jsx' cannot be imported from a Server Component module
It only works in a Client Component but none of its parents are marked with 'use client', so they're Server Components by default. @ http://localhost:3000/_next/static/chunks/node_modules_next_dist_1gdrd03._.js:1945
[  924118ms] [ERROR] ./src/app/blog/page.tsx
'styled-jsx' cannot be imported from a Server Component module
It only works in a Client Component but none of its parents are marked with 'use client', so they're Server Components by default. @ http://localhost:3000/_next/static/chunks/node_modules_next_dist_1gdrd03._.js:1945
[  924175ms] [ERROR] ./src/app/blog/page.tsx
'styled-jsx' cannot be imported from a Server Component module
It only works in a Client Component but none of its parents are marked with 'use client', so they're Server Components by default. @ http://localhost:3000/_next/static/chunks/node_modules_next_dist_1gdrd03._.js:1945
[  924239ms] [ERROR] ./src/app/blog/page.tsx
'styled-jsx' cannot be imported from a Server Component module
It only works in a Client Component but none of its parents are marked with 'use client', so they're Server Components by default. @ http://localhost:3000/_next/static/chunks/node_modules_next_dist_1gdrd03._.js:1945
[  924302ms] [ERROR] ./src/app/blog/page.tsx
'styled-jsx' cannot be imported from a Server Component module
It only works in a Client Component but none of its parents are marked with 'use client', so they're Server Components by default. @ http://localhost:3000/_next/static/chunks/node_modules_next_dist_1gdrd03._.js:1945
[  924362ms] [ERROR] ./src/app/blog/page.tsx
'styled-jsx' cannot be imported from a Server Component module
It only works in a Client Component but none of its parents are marked with 'use client', so they're Server Components by default. @ http://localhost:3000/_next/static/chunks/node_modules_next_dist_1gdrd03._.js:1945
[  924425ms] [ERROR] ./src/app/blog/page.tsx
'styled-jsx' cannot be imported from a Server Component module
It only works in a Client Component but none of its parents are marked with 'use client', so they're Server Components by default. @ http://localhost:3000/_next/static/chunks/node_modules_next_dist_1gdrd03._.js:1945
[  924488ms] [ERROR] ./src/app/blog/page.tsx
'styled-jsx' cannot be imported from a Server Component module
It only works in a Client Component but none of its parents are marked with 'use client', so they're Server Components by default. @ http://localhost:3000/_next/static/chunks/node_modules_next_dist_1gdrd03._.js:1945
[  924550ms] [ERROR] ./src/app/blog/page.tsx
'styled-jsx' cannot be imported from a Server Component module
It only works in a Client Component but none of its parents are marked with 'use client', so they're Server Components by default. @ http://localhost:3000/_next/static/chunks/node_modules_next_dist_1gdrd03._.js:1945
[  924611ms] [ERROR] ./src/app/blog/page.tsx
'styled-jsx' cannot be imported from a Server Component module
It only works in a Client Component but none of its parents are marked with 'use client', so they're Server Components by default. @ http://localhost:3000/_next/static/chunks/node_modules_next_dist_1gdrd03._.js:1945
[  924675ms] [ERROR] ./src/app/blog/page.tsx
'styled-jsx' cannot be imported from a Server Component module
It only works in a Client Component but none of its parents are marked with 'use client', so they're Server Components by default. @ http://localhost:3000/_next/static/chunks/node_modules_next_dist_1gdrd03._.js:1945
[  924734ms] [ERROR] ./src/app/blog/page.tsx
'styled-jsx' cannot be imported from a Server Component module
It only works in a Client Component but none of its parents are marked with 'use client', so they're Server Components by default. @ http://localhost:3000/_next/static/chunks/node_modules_next_dist_1gdrd03._.js:1945
[  924797ms] [ERROR] ./src/app/blog/page.tsx
'styled-jsx' cannot be imported from a Server Component module
It only works in a Client Component but none of its parents are marked with 'use client', so they're Server Components by default. @ http://localhost:3000/_next/static/chunks/node_modules_next_dist_1gdrd03._.js:1945
[  924859ms] [ERROR] ./src/app/blog/page.tsx
'styled-jsx' cannot be imported from a Server Component module
It only works in a Client Component but none of its parents are marked with 'use client', so they're Server Components by default. @ http://localhost:3000/_next/static/chunks/node_modules_next_dist_1gdrd03._.js:1945
[  924921ms] [ERROR] ./src/app/blog/page.tsx
'styled-jsx' cannot be imported from a Server Component module
It only works in a Client Component but none of its parents are marked with 'use client', so they're Server Components by default. @ http://localhost:3000/_next/static/chunks/node_modules_next_dist_1gdrd03._.js:1945
[  924984ms] [ERROR] ./src/app/blog/page.tsx
'styled-jsx' cannot be imported from a Server Component module
It only works in a Client Component but none of its parents are marked with 'use client', so they're Server Components by default. @ http://localhost:3000/_next/static/chunks/node_modules_next_dist_1gdrd03._.js:1945
[  925047ms] [ERROR] ./src/app/blog/page.tsx
'styled-jsx' cannot be imported from a Server Component module
It only works in a Client Component but none of its parents are marked with 'use client', so they're Server Components by default. @ http://localhost:3000/_next/static/chunks/node_modules_next_dist_1gdrd03._.js:1945
[  925111ms] [ERROR] ./src/app/blog/page.tsx
'styled-jsx' cannot be imported from a Server Component module
It only works in a Client Component but none of its parents are marked with 'use client', so they're Server Components by default. @ http://localhost:3000/_next/static/chunks/node_modules_next_dist_1gdrd03._.js:1945
[  925170ms] [ERROR] ./src/app/blog/page.tsx
'styled-jsx' cannot be imported from a Server Component module
It only works in a Client Component but none of its parents are marked with 'use client', so they're Server Components by default. @ http://localhost:3000/_next/static/chunks/node_modules_next_dist_1gdrd03._.js:1945
[  925233ms] [ERROR] ./src/app/blog/page.tsx
'styled-jsx' cannot be imported from a Server Component module
It only works in a Client Component but none of its parents are marked with 'use client', so they're Server Components by default. @ http://localhost:3000/_next/static/chunks/node_modules_next_dist_1gdrd03._.js:1945
[  925297ms] [ERROR] ./src/app/blog/page.tsx
'styled-jsx' cannot be imported from a Server Component module
It only works in a Client Component but none of its parents are marked with 'use client', so they're Server Components by default. @ http://localhost:3000/_next/static/chunks/node_modules_next_dist_1gdrd03._.js:1945
[  925355ms] [ERROR] ./src/app/blog/page.tsx
'styled-jsx' cannot be imported from a Server Component module
It only works in a Client Component but none of its parents are marked with 'use client', so they're Server Components by default. @ http://localhost:3000/_next/static/chunks/node_modules_next_dist_1gdrd03._.js:1945
[  925417ms] [ERROR] ./src/app/blog/page.tsx
'styled-jsx' cannot be imported from a Server Component module
It only works in a Client Component but none of its parents are marked with 'use client', so they're Server Components by default. @ http://localhost:3000/_next/static/chunks/node_modules_next_dist_1gdrd03._.js:1945
[  925479ms] [ERROR] ./src/app/blog/page.tsx
'styled-jsx' cannot be imported from a Server Component module
It only works in a Client Component but none of its parents are marked with 'use client', so they're Server Components by default. @ http://localhost:3000/_next/static/chunks/node_modules_next_dist_1gdrd03._.js:1945
[  925541ms] [ERROR] ./src/app/blog/page.tsx
'styled-jsx' cannot be imported from a Server Component module
It only works in a Client Component but none of its parents are marked with 'use client', so they're Server Components by default. @ http://localhost:3000/_next/static/chunks/node_modules_next_dist_1gdrd03._.js:1945
[  925604ms] [ERROR] ./src/app/blog/page.tsx
'styled-jsx' cannot be imported from a Server Component module
It only works in a Client Component but none of its parents are marked with 'use client', so they're Server Components by default. @ http://localhost:3000/_next/static/chunks/node_modules_next_dist_1gdrd03._.js:1945
[  925666ms] [ERROR] ./src/app/blog/page.tsx
'styled-jsx' cannot be imported from a Server Component module
It only works in a Client Component but none of its parents are marked with 'use client', so they're Server Components by default. @ http://localhost:3000/_next/static/chunks/node_modules_next_dist_1gdrd03._.js:1945
[  925729ms] [ERROR] ./src/app/blog/page.tsx
'styled-jsx' cannot be imported from a Server Component module
It only works in a Client Component but none of its parents are marked with 'use client', so they're Server Components by default. @ http://localhost:3000/_next/static/chunks/node_modules_next_dist_1gdrd03._.js:1945
[  925790ms] [ERROR] ./src/app/blog/page.tsx
'styled-jsx' cannot be imported from a Server Component module
It only works in a Client Component but none of its parents are marked with 'use client', so they're Server Components by default. @ http://localhost:3000/_next/static/chunks/node_modules_next_dist_1gdrd03._.js:1945
[  925852ms] [ERROR] ./src/app/blog/page.tsx
'styled-jsx' cannot be imported from a Server Component module
It only works in a Client Component but none of its parents are marked with 'use client', so they're Server Components by default. @ http://localhost:3000/_next/static/chunks/node_modules_next_dist_1gdrd03._.js:1945
[  925915ms] [ERROR] ./src/app/blog/page.tsx
'styled-jsx' cannot be imported from a Server Component module
It only works in a Client Component but none of its parents are marked with 'use client', so they're Server Components by default. @ http://localhost:3000/_next/static/chunks/node_modules_next_dist_1gdrd03._.js:1945
[  925979ms] [ERROR] ./src/app/blog/page.tsx
'styled-jsx' cannot be imported from a Server Component module
It only works in a Client Component but none of its parents are marked with 'use client', so they're Server Components by default. @ http://localhost:3000/_next/static/chunks/node_modules_next_dist_1gdrd03._.js:1945
[  926041ms] [ERROR] ./src/app/blog/page.tsx
'styled-jsx' cannot be imported from a Server Component module
It only works in a Client Component but none of its parents are marked with 'use client', so they're Server Components by default. @ http://localhost:3000/_next/static/chunks/node_modules_next_dist_1gdrd03._.js:1945
[  926102ms] [ERROR] ./src/app/blog/page.tsx
'styled-jsx' cannot be imported from a Server Component module
It only works in a Client Component but none of its parents are marked with 'use client', so they're Server Components by default. @ http://localhost:3000/_next/static/chunks/node_modules_next_dist_1gdrd03._.js:1945
[  926165ms] [ERROR] ./src/app/blog/page.tsx
'styled-jsx' cannot be imported from a Server Component module
It only works in a Client Component but none of its parents are marked with 'use client', so they're Server Components by default. @ http://localhost:3000/_next/static/chunks/node_modules_next_dist_1gdrd03._.js:1945
[  926230ms] [ERROR] ./src/app/blog/page.tsx
'styled-jsx' cannot be imported from a Server Component module
It only works in a Client Component but none of its parents are marked with 'use client', so they're Server Components by default. @ http://localhost:3000/_next/static/chunks/node_modules_next_dist_1gdrd03._.js:1945
[  926291ms] [ERROR] ./src/app/blog/page.tsx
'styled-jsx' cannot be imported from a Server Component module
It only works in a Client Component but none of its parents are marked with 'use client', so they're Server Components by default. @ http://localhost:3000/_next/static/chunks/node_modules_next_dist_1gdrd03._.js:1945
[  926352ms] [ERROR] ./src/app/blog/page.tsx
'styled-jsx' cannot be imported from a Server Component module
It only works in a Client Component but none of its parents are marked with 'use client', so they're Server Components by default. @ http://localhost:3000/_next/static/chunks/node_modules_next_dist_1gdrd03._.js:1945
[  926415ms] [ERROR] ./src/app/blog/page.tsx
'styled-jsx' cannot be imported from a Server Component module
It only works in a Client Component but none of its parents are marked with 'use client', so they're Server Components by default. @ http://localhost:3000/_next/static/chunks/node_modules_next_dist_1gdrd03._.js:1945
[  926477ms] [ERROR] ./src/app/blog/page.tsx
'styled-jsx' cannot be imported from a Server Component module
It only works in a Client Component but none of its parents are marked with 'use client', so they're Server Components by default. @ http://localhost:3000/_next/static/chunks/node_modules_next_dist_1gdrd03._.js:1945
[  926540ms] [ERROR] ./src/app/blog/page.tsx
'styled-jsx' cannot be imported from a Server Component module
It only works in a Client Component but none of its parents are marked with 'use client', so they're Server Components by default. @ http://localhost:3000/_next/static/chunks/node_modules_next_dist_1gdrd03._.js:1945
[  926601ms] [ERROR] ./src/app/blog/page.tsx
'styled-jsx' cannot be imported from a Server Component module
It only works in a Client Component but none of its parents are marked with 'use client', so they're Server Components by default. @ http://localhost:3000/_next/static/chunks/node_modules_next_dist_1gdrd03._.js:1945
[  926663ms] [ERROR] ./src/app/blog/page.tsx
'styled-jsx' cannot be imported from a Server Component module
It only works in a Client Component but none of its parents are marked with 'use client', so they're Server Components by default. @ http://localhost:3000/_next/static/chunks/node_modules_next_dist_1gdrd03._.js:1945
[  926723ms] [ERROR] ./src/app/blog/page.tsx
'styled-jsx' cannot be imported from a Server Component module
It only works in a Client Component but none of its parents are marked with 'use client', so they're Server Components by default. @ http://localhost:3000/_next/static/chunks/node_modules_next_dist_1gdrd03._.js:1945
[  926786ms] [ERROR] ./src/app/blog/page.tsx
'styled-jsx' cannot be imported from a Server Component module
It only works in a Client Component but none of its parents are marked with 'use client', so they're Server Components by default. @ http://localhost:3000/_next/static/chunks/node_modules_next_dist_1gdrd03._.js:1945
[  926848ms] [ERROR] ./src/app/blog/page.tsx
'styled-jsx' cannot be imported from a Server Component module
It only works in a Client Component but none of its parents are marked with 'use client', so they're Server Components by default. @ http://localhost:3000/_next/static/chunks/node_modules_next_dist_1gdrd03._.js:1945
[  926909ms] [ERROR] ./src/app/blog/page.tsx
'styled-jsx' cannot be imported from a Server Component module
It only works in a Client Component but none of its parents are marked with 'use client', so they're Server Components by default. @ http://localhost:3000/_next/static/chunks/node_modules_next_dist_1gdrd03._.js:1945
[  926970ms] [ERROR] ./src/app/blog/page.tsx
'styled-jsx' cannot be imported from a Server Component module
It only works in a Client Component but none of its parents are marked with 'use client', so they're Server Components by default. @ http://localhost:3000/_next/static/chunks/node_modules_next_dist_1gdrd03._.js:1945
[  927033ms] [ERROR] ./src/app/blog/page.tsx
'styled-jsx' cannot be imported from a Server Component module
It only works in a Client Component but none of its parents are marked with 'use client', so they're Server Components by default. @ http://localhost:3000/_next/static/chunks/node_modules_next_dist_1gdrd03._.js:1945
[  927094ms] [ERROR] ./src/app/blog/page.tsx
'styled-jsx' cannot be imported from a Server Component module
It only works in a Client Component but none of its parents are marked with 'use client', so they're Server Components by default. @ http://localhost:3000/_next/static/chunks/node_modules_next_dist_1gdrd03._.js:1945
[  927157ms] [ERROR] ./src/app/blog/page.tsx
'styled-jsx' cannot be imported from a Server Component module
It only works in a Client Component but none of its parents are marked with 'use client', so they're Server Components by default. @ http://localhost:3000/_next/static/chunks/node_modules_next_dist_1gdrd03._.js:1945
[  927220ms] [ERROR] ./src/app/blog/page.tsx
'styled-jsx' cannot be imported from a Server Component module
It only works in a Client Component but none of its parents are marked with 'use client', so they're Server Components by default. @ http://localhost:3000/_next/static/chunks/node_modules_next_dist_1gdrd03._.js:1945
[  927281ms] [ERROR] ./src/app/blog/page.tsx
'styled-jsx' cannot be imported from a Server Component module
It only works in a Client Component but none of its parents are marked with 'use client', so they're Server Components by default. @ http://localhost:3000/_next/static/chunks/node_modules_next_dist_1gdrd03._.js:1945
[  927342ms] [ERROR] ./src/app/blog/page.tsx
'styled-jsx' cannot be imported from a Server Component module
It only works in a Client Component but none of its parents are marked with 'use client', so they're Server Components by default. @ http://localhost:3000/_next/static/chunks/node_modules_next_dist_1gdrd03._.js:1945
[  927405ms] [ERROR] ./src/app/blog/page.tsx
'styled-jsx' cannot be imported from a Server Component module
It only works in a Client Component but none of its parents are marked with 'use client', so they're Server Components by default. @ http://localhost:3000/_next/static/chunks/node_modules_next_dist_1gdrd03._.js:1945
[  927466ms] [ERROR] ./src/app/blog/page.tsx
'styled-jsx' cannot be imported from a Server Component module
It only works in a Client Component but none of its parents are marked with 'use client', so they're Server Components by default. @ http://localhost:3000/_next/static/chunks/node_modules_next_dist_1gdrd03._.js:1945
[  927529ms] [ERROR] ./src/app/blog/page.tsx
'styled-jsx' cannot be imported from a Server Component module
It only works in a Client Component but none of its parents are marked with 'use client', so they're Server Components by default. @ http://localhost:3000/_next/static/chunks/node_modules_next_dist_1gdrd03._.js:1945
[  927591ms] [ERROR] ./src/app/blog/page.tsx
'styled-jsx' cannot be imported from a Server Component module
It only works in a Client Component but none of its parents are marked with 'use client', so they're Server Components by default. @ http://localhost:3000/_next/static/chunks/node_modules_next_dist_1gdrd03._.js:1945
[  927653ms] [ERROR] ./src/app/blog/page.tsx
'styled-jsx' cannot be imported from a Server Component module
It only works in a Client Component but none of its parents are marked with 'use client', so they're Server Components by default. @ http://localhost:3000/_next/static/chunks/node_modules_next_dist_1gdrd03._.js:1945
[  927714ms] [ERROR] ./src/app/blog/page.tsx
'styled-jsx' cannot be imported from a Server Component module
It only works in a Client Component but none of its parents are marked with 'use client', so they're Server Components by default. @ http://localhost:3000/_next/static/chunks/node_modules_next_dist_1gdrd03._.js:1945
[  927774ms] [ERROR] ./src/app/blog/page.tsx
'styled-jsx' cannot be imported from a Server Component module
It only works in a Client Component but none of its parents are marked with 'use client', so they're Server Components by default. @ http://localhost:3000/_next/static/chunks/node_modules_next_dist_1gdrd03._.js:1945
[  927836ms] [ERROR] ./src/app/blog/page.tsx
'styled-jsx' cannot be imported from a Server Component module
It only works in a Client Component but none of its parents are marked with 'use client', so they're Server Components by default. @ http://localhost:3000/_next/static/chunks/node_modules_next_dist_1gdrd03._.js:1945
[  927899ms] [ERROR] ./src/app/blog/page.tsx
'styled-jsx' cannot be imported from a Server Component module
It only works in a Client Component but none of its parents are marked with 'use client', so they're Server Components by default. @ http://localhost:3000/_next/static/chunks/node_modules_next_dist_1gdrd03._.js:1945
[  927961ms] [ERROR] ./src/app/blog/page.tsx
'styled-jsx' cannot be imported from a Server Component module
It only works in a Client Component but none of its parents are marked with 'use client', so they're Server Components by default. @ http://localhost:3000/_next/static/chunks/node_modules_next_dist_1gdrd03._.js:1945
[  928023ms] [ERROR] ./src/app/blog/page.tsx
'styled-jsx' cannot be imported from a Server Component module
It only works in a Client Component but none of its parents are marked with 'use client', so they're Server Components by default. @ http://localhost:3000/_next/static/chunks/node_modules_next_dist_1gdrd03._.js:1945
[  928087ms] [ERROR] ./src/app/blog/page.tsx
'styled-jsx' cannot be imported from a Server Component module
It only works in a Client Component but none of its parents are marked with 'use client', so they're Server Components by default. @ http://localhost:3000/_next/static/chunks/node_modules_next_dist_1gdrd03._.js:1945
[  928149ms] [ERROR] ./src/app/blog/page.tsx
'styled-jsx' cannot be imported from a Server Component module
It only works in a Client Component but none of its parents are marked with 'use client', so they're Server Components by default. @ http://localhost:3000/_next/static/chunks/node_modules_next_dist_1gdrd03._.js:1945
[  928212ms] [ERROR] ./src/app/blog/page.tsx
'styled-jsx' cannot be imported from a Server Component module
It only works in a Client Component but none of its parents are marked with 'use client', so they're Server Components by default. @ http://localhost:3000/_next/static/chunks/node_modules_next_dist_1gdrd03._.js:1945
[  928275ms] [ERROR] ./src/app/blog/page.tsx
'styled-jsx' cannot be imported from a Server Component module
It only works in a Client Component but none of its parents are marked with 'use client', so they're Server Components by default. @ http://localhost:3000/_next/static/chunks/node_modules_next_dist_1gdrd03._.js:1945
[  928336ms] [ERROR] ./src/app/blog/page.tsx
'styled-jsx' cannot be imported from a Server Component module
It only works in a Client Component but none of its parents are marked with 'use client', so they're Server Components by default. @ http://localhost:3000/_next/static/chunks/node_modules_next_dist_1gdrd03._.js:1945
[  928399ms] [ERROR] ./src/app/blog/page.tsx
'styled-jsx' cannot be imported from a Server Component module
It only works in a Client Component but none of its parents are marked with 'use client', so they're Server Components by default. @ http://localhost:3000/_next/static/chunks/node_modules_next_dist_1gdrd03._.js:1945
[  928463ms] [ERROR] ./src/app/blog/page.tsx
'styled-jsx' cannot be imported from a Server Component module
It only works in a Client Component but none of its parents are marked with 'use client', so they're Server Components by default. @ http://localhost:3000/_next/static/chunks/node_modules_next_dist_1gdrd03._.js:1945
[  928525ms] [ERROR] ./src/app/blog/page.tsx
'styled-jsx' cannot be imported from a Server Component module
It only works in a Client Component but none of its parents are marked with 'use client', so they're Server Components by default. @ http://localhost:3000/_next/static/chunks/node_modules_next_dist_1gdrd03._.js:1945
[  928587ms] [ERROR] ./src/app/blog/page.tsx
'styled-jsx' cannot be imported from a Server Component module
It only works in a Client Component but none of its parents are marked with 'use client', so they're Server Components by default. @ http://localhost:3000/_next/static/chunks/node_modules_next_dist_1gdrd03._.js:1945
[  928648ms] [ERROR] ./src/app/blog/page.tsx
'styled-jsx' cannot be imported from a Server Component module
It only works in a Client Component but none of its parents are marked with 'use client', so they're Server Components by default. @ http://localhost:3000/_next/static/chunks/node_modules_next_dist_1gdrd03._.js:1945
[  928710ms] [ERROR] ./src/app/blog/page.tsx
'styled-jsx' cannot be imported from a Server Component module
It only works in a Client Component but none of its parents are marked with 'use client', so they're Server Components by default. @ http://localhost:3000/_next/static/chunks/node_modules_next_dist_1gdrd03._.js:1945
[  928772ms] [ERROR] ./src/app/blog/page.tsx
'styled-jsx' cannot be imported from a Server Component module
It only works in a Client Component but none of its parents are marked with 'use client', so they're Server Components by default. @ http://localhost:3000/_next/static/chunks/node_modules_next_dist_1gdrd03._.js:1945
[  928834ms] [ERROR] ./src/app/blog/page.tsx
'styled-jsx' cannot be imported from a Server Component module
It only works in a Client Component but none of its parents are marked with 'use client', so they're Server Components by default. @ http://localhost:3000/_next/static/chunks/node_modules_next_dist_1gdrd03._.js:1945
[  928897ms] [ERROR] ./src/app/blog/page.tsx
'styled-jsx' cannot be imported from a Server Component module
It only works in a Client Component but none of its parents are marked with 'use client', so they're Server Components by default. @ http://localhost:3000/_next/static/chunks/node_modules_next_dist_1gdrd03._.js:1945
[  928960ms] [ERROR] ./src/app/blog/page.tsx
'styled-jsx' cannot be imported from a Server Component module
It only works in a Client Component but none of its parents are marked with 'use client', so they're Server Components by default. @ http://localhost:3000/_next/static/chunks/node_modules_next_dist_1gdrd03._.js:1945
[  929023ms] [ERROR] ./src/app/blog/page.tsx
'styled-jsx' cannot be imported from a Server Component module
It only works in a Client Component but none of its parents are marked with 'use client', so they're Server Components by default. @ http://localhost:3000/_next/static/chunks/node_modules_next_dist_1gdrd03._.js:1945
[  929087ms] [ERROR] ./src/app/blog/page.tsx
'styled-jsx' cannot be imported from a Server Component module
It only works in a Client Component but none of its parents are marked with 'use client', so they're Server Components by default. @ http://localhost:3000/_next/static/chunks/node_modules_next_dist_1gdrd03._.js:1945
[  929149ms] [ERROR] ./src/app/blog/page.tsx
'styled-jsx' cannot be imported from a Server Component module
It only works in a Client Component but none of its parents are marked with 'use client', so they're Server Components by default. @ http://localhost:3000/_next/static/chunks/node_modules_next_dist_1gdrd03._.js:1945
[  929211ms] [ERROR] ./src/app/blog/page.tsx
'styled-jsx' cannot be imported from a Server Component module
It only works in a Client Component but none of its parents are marked with 'use client', so they're Server Components by default. @ http://localhost:3000/_next/static/chunks/node_modules_next_dist_1gdrd03._.js:1945
[  929273ms] [ERROR] ./src/app/blog/page.tsx
'styled-jsx' cannot be imported from a Server Component module
It only works in a Client Component but none of its parents are marked with 'use client', so they're Server Components by default. @ http://localhost:3000/_next/static/chunks/node_modules_next_dist_1gdrd03._.js:1945
[  929336ms] [ERROR] ./src/app/blog/page.tsx
'styled-jsx' cannot be imported from a Server Component module
It only works in a Client Component but none of its parents are marked with 'use client', so they're Server Components by default. @ http://localhost:3000/_next/static/chunks/node_modules_next_dist_1gdrd03._.js:1945
[  929396ms] [ERROR] ./src/app/blog/page.tsx
'styled-jsx' cannot be imported from a Server Component module
It only works in a Client Component but none of its parents are marked with 'use client', so they're Server Components by default. @ http://localhost:3000/_next/static/chunks/node_modules_next_dist_1gdrd03._.js:1945
[  929458ms] [ERROR] ./src/app/blog/page.tsx
'styled-jsx' cannot be imported from a Server Component module
It only works in a Client Component but none of its parents are marked with 'use client', so they're Server Components by default. @ http://localhost:3000/_next/static/chunks/node_modules_next_dist_1gdrd03._.js:1945
[  929520ms] [ERROR] ./src/app/blog/page.tsx
'styled-jsx' cannot be imported from a Server Component module
It only works in a Client Component but none of its parents are marked with 'use client', so they're Server Components by default. @ http://localhost:3000/_next/static/chunks/node_modules_next_dist_1gdrd03._.js:1945
[  929583ms] [ERROR] ./src/app/blog/page.tsx
'styled-jsx' cannot be imported from a Server Component module
It only works in a Client Component but none of its parents are marked with 'use client', so they're Server Components by default. @ http://localhost:3000/_next/static/chunks/node_modules_next_dist_1gdrd03._.js:1945
[  929646ms] [ERROR] ./src/app/blog/page.tsx
'styled-jsx' cannot be imported from a Server Component module
It only works in a Client Component but none of its parents are marked with 'use client', so they're Server Components by default. @ http://localhost:3000/_next/static/chunks/node_modules_next_dist_1gdrd03._.js:1945
[  929706ms] [ERROR] ./src/app/blog/page.tsx
'styled-jsx' cannot be imported from a Server Component module
It only works in a Client Component but none of its parents are marked with 'use client', so they're Server Components by default. @ http://localhost:3000/_next/static/chunks/node_modules_next_dist_1gdrd03._.js:1945
[  929768ms] [ERROR] ./src/app/blog/page.tsx
'styled-jsx' cannot be imported from a Server Component module
It only works in a Client Component but none of its parents are marked with 'use client', so they're Server Components by default. @ http://localhost:3000/_next/static/chunks/node_modules_next_dist_1gdrd03._.js:1945
[  929830ms] [ERROR] ./src/app/blog/page.tsx
'styled-jsx' cannot be imported from a Server Component module
It only works in a Client Component but none of its parents are marked with 'use client', so they're Server Components by default. @ http://localhost:3000/_next/static/chunks/node_modules_next_dist_1gdrd03._.js:1945
[  929889ms] [ERROR] ./src/app/blog/page.tsx
'styled-jsx' cannot be imported from a Server Component module
It only works in a Client Component but none of its parents are marked with 'use client', so they're Server Components by default. @ http://localhost:3000/_next/static/chunks/node_modules_next_dist_1gdrd03._.js:1945
[  929952ms] [ERROR] ./src/app/blog/page.tsx
'styled-jsx' cannot be imported from a Server Component module
It only works in a Client Component but none of its parents are marked with 'use client', so they're Server Components by default. @ http://localhost:3000/_next/static/chunks/node_modules_next_dist_1gdrd03._.js:1945
[  930014ms] [ERROR] ./src/app/blog/page.tsx
'styled-jsx' cannot be imported from a Server Component module
It only works in a Client Component but none of its parents are marked with 'use client', so they're Server Components by default. @ http://localhost:3000/_next/static/chunks/node_modules_next_dist_1gdrd03._.js:1945
[  930075ms] [ERROR] ./src/app/blog/page.tsx
'styled-jsx' cannot be imported from a Server Component module
It only works in a Client Component but none of its parents are marked with 'use client', so they're Server Components by default. @ http://localhost:3000/_next/static/chunks/node_modules_next_dist_1gdrd03._.js:1945
[  930138ms] [ERROR] ./src/app/blog/page.tsx
'styled-jsx' cannot be imported from a Server Component module
It only works in a Client Component but none of its parents are marked with 'use client', so they're Server Components by default. @ http://localhost:3000/_next/static/chunks/node_modules_next_dist_1gdrd03._.js:1945
[  930199ms] [ERROR] ./src/app/blog/page.tsx
'styled-jsx' cannot be imported from a Server Component module
It only works in a Client Component but none of its parents are marked with 'use client', so they're Server Components by default. @ http://localhost:3000/_next/static/chunks/node_modules_next_dist_1gdrd03._.js:1945
[  930262ms] [ERROR] ./src/app/blog/page.tsx
'styled-jsx' cannot be imported from a Server Component module
It only works in a Client Component but none of its parents are marked with 'use client', so they're Server Components by default. @ http://localhost:3000/_next/static/chunks/node_modules_next_dist_1gdrd03._.js:1945
[  930323ms] [ERROR] ./src/app/blog/page.tsx
'styled-jsx' cannot be imported from a Server Component module
It only works in a Client Component but none of its parents are marked with 'use client', so they're Server Components by default. @ http://localhost:3000/_next/static/chunks/node_modules_next_dist_1gdrd03._.js:1945
[  930385ms] [ERROR] ./src/app/blog/page.tsx
'styled-jsx' cannot be imported from a Server Component module
It only works in a Client Component but none of its parents are marked with 'use client', so they're Server Components by default. @ http://localhost:3000/_next/static/chunks/node_modules_next_dist_1gdrd03._.js:1945
[  930448ms] [ERROR] ./src/app/blog/page.tsx
'styled-jsx' cannot be imported from a Server Component module
It only works in a Client Component but none of its parents are marked with 'use client', so they're Server Components by default. @ http://localhost:3000/_next/static/chunks/node_modules_next_dist_1gdrd03._.js:1945
[  930512ms] [ERROR] ./src/app/blog/page.tsx
'styled-jsx' cannot be imported from a Server Component module
It only works in a Client Component but none of its parents are marked with 'use client', so they're Server Components by default. @ http://localhost:3000/_next/static/chunks/node_modules_next_dist_1gdrd03._.js:1945
[  930574ms] [ERROR] ./src/app/blog/page.tsx
'styled-jsx' cannot be imported from a Server Component module
It only works in a Client Component but none of its parents are marked with 'use client', so they're Server Components by default. @ http://localhost:3000/_next/static/chunks/node_modules_next_dist_1gdrd03._.js:1945
[  930637ms] [ERROR] ./src/app/blog/page.tsx
'styled-jsx' cannot be imported from a Server Component module
It only works in a Client Component but none of its parents are marked with 'use client', so they're Server Components by default. @ http://localhost:3000/_next/static/chunks/node_modules_next_dist_1gdrd03._.js:1945
[  930698ms] [ERROR] ./src/app/blog/page.tsx
'styled-jsx' cannot be imported from a Server Component module
It only works in a Client Component but none of its parents are marked with 'use client', so they're Server Components by default. @ http://localhost:3000/_next/static/chunks/node_modules_next_dist_1gdrd03._.js:1945
[  930760ms] [ERROR] ./src/app/blog/page.tsx
'styled-jsx' cannot be imported from a Server Component module
It only works in a Client Component but none of its parents are marked with 'use client', so they're Server Components by default. @ http://localhost:3000/_next/static/chunks/node_modules_next_dist_1gdrd03._.js:1945
[  930823ms] [ERROR] ./src/app/blog/page.tsx
'styled-jsx' cannot be imported from a Server Component module
It only works in a Client Component but none of its parents are marked with 'use client', so they're Server Components by default. @ http://localhost:3000/_next/static/chunks/node_modules_next_dist_1gdrd03._.js:1945
[  930884ms] [ERROR] ./src/app/blog/page.tsx
'styled-jsx' cannot be imported from a Server Component module
It only works in a Client Component but none of its parents are marked with 'use client', so they're Server Components by default. @ http://localhost:3000/_next/static/chunks/node_modules_next_dist_1gdrd03._.js:1945
[  930947ms] [ERROR] ./src/app/blog/page.tsx
'styled-jsx' cannot be imported from a Server Component module
It only works in a Client Component but none of its parents are marked with 'use client', so they're Server Components by default. @ http://localhost:3000/_next/static/chunks/node_modules_next_dist_1gdrd03._.js:1945
[  931010ms] [ERROR] ./src/app/blog/page.tsx
'styled-jsx' cannot be imported from a Server Component module
It only works in a Client Component but none of its parents are marked with 'use client', so they're Server Components by default. @ http://localhost:3000/_next/static/chunks/node_modules_next_dist_1gdrd03._.js:1945
[  931071ms] [ERROR] ./src/app/blog/page.tsx
'styled-jsx' cannot be imported from a Server Component module
It only works in a Client Component but none of its parents are marked with 'use client', so they're Server Components by default. @ http://localhost:3000/_next/static/chunks/node_modules_next_dist_1gdrd03._.js:1945
[  931131ms] [ERROR] ./src/app/blog/page.tsx
'styled-jsx' cannot be imported from a Server Component module
It only works in a Client Component but none of its parents are marked with 'use client', so they're Server Components by default. @ http://localhost:3000/_next/static/chunks/node_modules_next_dist_1gdrd03._.js:1945
[  931193ms] [ERROR] ./src/app/blog/page.tsx
'styled-jsx' cannot be imported from a Server Component module
It only works in a Client Component but none of its parents are marked with 'use client', so they're Server Components by default. @ http://localhost:3000/_next/static/chunks/node_modules_next_dist_1gdrd03._.js:1945
[  931254ms] [ERROR] ./src/app/blog/page.tsx
'styled-jsx' cannot be imported from a Server Component module
It only works in a Client Component but none of its parents are marked with 'use client', so they're Server Components by default. @ http://localhost:3000/_next/static/chunks/node_modules_next_dist_1gdrd03._.js:1945
[  931316ms] [ERROR] ./src/app/blog/page.tsx
'styled-jsx' cannot be imported from a Server Component module
It only works in a Client Component but none of its parents are marked with 'use client', so they're Server Components by default. @ http://localhost:3000/_next/static/chunks/node_modules_next_dist_1gdrd03._.js:1945
[  931380ms] [ERROR] ./src/app/blog/page.tsx
'styled-jsx' cannot be imported from a Server Component module
It only works in a Client Component but none of its parents are marked with 'use client', so they're Server Components by default. @ http://localhost:3000/_next/static/chunks/node_modules_next_dist_1gdrd03._.js:1945
[  931442ms] [ERROR] ./src/app/blog/page.tsx
'styled-jsx' cannot be imported from a Server Component module
It only works in a Client Component but none of its parents are marked with 'use client', so they're Server Components by default. @ http://localhost:3000/_next/static/chunks/node_modules_next_dist_1gdrd03._.js:1945
[  931505ms] [ERROR] ./src/app/blog/page.tsx
'styled-jsx' cannot be imported from a Server Component module
It only works in a Client Component but none of its parents are marked with 'use client', so they're Server Components by default. @ http://localhost:3000/_next/static/chunks/node_modules_next_dist_1gdrd03._.js:1945
[  931569ms] [ERROR] ./src/app/blog/page.tsx
'styled-jsx' cannot be imported from a Server Component module
It only works in a Client Component but none of its parents are marked with 'use client', so they're Server Components by default. @ http://localhost:3000/_next/static/chunks/node_modules_next_dist_1gdrd03._.js:1945
[  931630ms] [ERROR] ./src/app/blog/page.tsx
'styled-jsx' cannot be imported from a Server Component module
It only works in a Client Component but none of its parents are marked with 'use client', so they're Server Components by default. @ http://localhost:3000/_next/static/chunks/node_modules_next_dist_1gdrd03._.js:1945
[  931692ms] [ERROR] ./src/app/blog/page.tsx
'styled-jsx' cannot be imported from a Server Component module
It only works in a Client Component but none of its parents are marked with 'use client', so they're Server Components by default. @ http://localhost:3000/_next/static/chunks/node_modules_next_dist_1gdrd03._.js:1945
[  931755ms] [ERROR] ./src/app/blog/page.tsx
'styled-jsx' cannot be imported from a Server Component module
It only works in a Client Component but none of its parents are marked with 'use client', so they're Server Components by default. @ http://localhost:3000/_next/static/chunks/node_modules_next_dist_1gdrd03._.js:1945
[  931818ms] [ERROR] ./src/app/blog/page.tsx
'styled-jsx' cannot be imported from a Server Component module
It only works in a Client Component but none of its parents are marked with 'use client', so they're Server Components by default. @ http://localhost:3000/_next/static/chunks/node_modules_next_dist_1gdrd03._.js:1945
[  931882ms] [ERROR] ./src/app/blog/page.tsx
'styled-jsx' cannot be imported from a Server Component module
It only works in a Client Component but none of its parents are marked with 'use client', so they're Server Components by default. @ http://localhost:3000/_next/static/chunks/node_modules_next_dist_1gdrd03._.js:1945
[  931947ms] [ERROR] ./src/app/blog/page.tsx
'styled-jsx' cannot be imported from a Server Component module
It only works in a Client Component but none of its parents are marked with 'use client', so they're Server Components by default. @ http://localhost:3000/_next/static/chunks/node_modules_next_dist_1gdrd03._.js:1945
[  932045ms] [LOG] [Fast Refresh] rebuilding @ http://localhost:3000/_next/static/chunks/node_modules_next_dist_1gdrd03._.js:1226
[  932055ms] [LOG] [Fast Refresh] done in 99ms @ http://localhost:3000/_next/static/chunks/node_modules_next_dist_1gdrd03._.js:1226
[  932196ms] [LOG] [Fast Refresh] rebuilding @ http://localhost:3000/_next/static/chunks/node_modules_next_dist_1gdrd03._.js:1226
[  932486ms] [LOG] [Fast Refresh] done in 395ms @ http://localhost:3000/_next/static/chunks/node_modules_next_dist_1gdrd03._.js:1226
[  932900ms] [INFO] %cDownload the React DevTools for a better development experience: https://react.dev/link/react-devtools font-weight:bold @ http://localhost:3000/_next/static/chunks/node_modules_next_dist_1ybzpk2._.js:2489
[  932999ms] [LOG] [HMR] connected @ http://localhost:3000/_next/static/chunks/node_modules_next_dist_1ybzpk2._.js:2489
[  938397ms] [LOG] [Fast Refresh] rebuilding @ http://localhost:3000/_next/static/chunks/node_modules_next_dist_1ybzpk2._.js:2489
[  938540ms] [LOG] [Fast Refresh] done in 179ms @ http://localhost:3000/_next/static/chunks/node_modules_next_dist_1ybzpk2._.js:2489
[  948454ms] [LOG] [Fast Refresh] rebuilding @ http://localhost:3000/_next/static/chunks/node_modules_next_dist_1ybzpk2._.js:2489
[  948467ms] [LOG] [Fast Refresh] done in 119ms @ http://localhost:3000/_next/static/chunks/node_modules_next_dist_1ybzpk2._.js:2489
[ 1117402ms] [LOG] [Fast Refresh] rebuilding @ http://localhost:3000/_next/static/chunks/node_modules_next_dist_1ybzpk2._.js:2489
[ 1117507ms] [LOG] [Fast Refresh] done in 215ms @ http://localhost:3000/_next/static/chunks/node_modules_next_dist_1ybzpk2._.js:2489
[ 1197957ms] [LOG] [Fast Refresh] rebuilding @ http://localhost:3000/_next/static/chunks/node_modules_next_dist_1ybzpk2._.js:2489
[ 1197958ms] [LOG] [Fast Refresh] done in 105ms @ http://localhost:3000/_next/static/chunks/node_modules_next_dist_1ybzpk2._.js:2489
[ 1227491ms] [LOG] [Fast Refresh] rebuilding @ http://localhost:3000/_next/static/chunks/node_modules_next_dist_1ybzpk2._.js:2489
[ 1227742ms] [LOG] [Fast Refresh] done in 362ms @ http://localhost:3000/_next/static/chunks/node_modules_next_dist_1ybzpk2._.js:2489
[ 1227887ms] [LOG] [Fast Refresh] rebuilding @ http://localhost:3000/_next/static/chunks/node_modules_next_dist_1ybzpk2._.js:2489
[ 1228893ms] [LOG] [Fast Refresh] done in 1125ms @ http://localhost:3000/_next/static/chunks/node_modules_next_dist_1ybzpk2._.js:2489
[ 1229019ms] [LOG] [Fast Refresh] rebuilding @ http://localhost:3000/_next/static/chunks/node_modules_next_dist_1ybzpk2._.js:2489
[ 1230575ms] [LOG] [Fast Refresh] done in 1680ms @ http://localhost:3000/_next/static/chunks/node_modules_next_dist_1ybzpk2._.js:2489
[ 1230768ms] [LOG] [Fast Refresh] rebuilding @ http://localhost:3000/_next/static/chunks/node_modules_next_dist_1ybzpk2._.js:2489
[ 1230886ms] [LOG] [Fast Refresh] done in 221ms @ http://localhost:3000/_next/static/chunks/node_modules_next_dist_1ybzpk2._.js:2489
[ 1231143ms] [LOG] [Fast Refresh] rebuilding @ http://localhost:3000/_next/static/chunks/node_modules_next_dist_1ybzpk2._.js:2489
[ 1231221ms] [LOG] [Fast Refresh] done in 179ms @ http://localhost:3000/_next/static/chunks/node_modules_next_dist_1ybzpk2._.js:2489
[ 1231343ms] [LOG] [Fast Refresh] rebuilding @ http://localhost:3000/_next/static/chunks/node_modules_next_dist_1ybzpk2._.js:2489
[ 1231380ms] [LOG] [Fast Refresh] done in 137ms @ http://localhost:3000/_next/static/chunks/node_modules_next_dist_1ybzpk2._.js:2489
[ 1258292ms] [LOG] [Fast Refresh] rebuilding @ http://localhost:3000/_next/static/chunks/node_modules_next_dist_1ybzpk2._.js:2489
[ 1258301ms] [LOG] [Fast Refresh] done in 107ms @ http://localhost:3000/_next/static/chunks/node_modules_next_dist_1ybzpk2._.js:2489
[ 1258405ms] [LOG] [Fast Refresh] rebuilding @ http://localhost:3000/_next/static/chunks/node_modules_next_dist_1ybzpk2._.js:2489
[ 1258421ms] [LOG] [Fast Refresh] done in 118ms @ http://localhost:3000/_next/static/chunks/node_modules_next_dist_1ybzpk2._.js:2489
[ 1258538ms] [LOG] [Fast Refresh] rebuilding @ http://localhost:3000/_next/static/chunks/node_modules_next_dist_1ybzpk2._.js:2489
[ 1258611ms] [LOG] [Fast Refresh] done in 178ms @ http://localhost:3000/_next/static/chunks/node_modules_next_dist_1ybzpk2._.js:2489
[ 2515067ms] [LOG] [Fast Refresh] rebuilding @ http://localhost:3000/_next/static/chunks/node_modules_next_dist_1ybzpk2._.js:2489
[ 2527293ms] [LOG] [Fast Refresh] done in 12333ms @ http://localhost:3000/_next/static/chunks/node_modules_next_dist_1ybzpk2._.js:2489
[ 2548197ms] [LOG] [Fast Refresh] rebuilding @ http://localhost:3000/_next/static/chunks/node_modules_next_dist_1ybzpk2._.js:2489
[ 2548405ms] [LOG] [Fast Refresh] done in 314ms @ http://localhost:3000/_next/static/chunks/node_modules_next_dist_1ybzpk2._.js:2489
[ 2548514ms] [LOG] [Fast Refresh] rebuilding @ http://localhost:3000/_next/static/chunks/node_modules_next_dist_1ybzpk2._.js:2489
[ 2549285ms] [LOG] [Fast Refresh] done in 876ms @ http://localhost:3000/_next/static/chunks/node_modules_next_dist_1ybzpk2._.js:2489
[ 2551880ms] [LOG] [Fast Refresh] rebuilding @ http://localhost:3000/_next/static/chunks/node_modules_next_dist_1ybzpk2._.js:2489
[ 2552226ms] [LOG] [Fast Refresh] done in 448ms @ http://localhost:3000/_next/static/chunks/node_modules_next_dist_1ybzpk2._.js:2489
[ 2560259ms] [LOG] [Fast Refresh] rebuilding @ http://localhost:3000/_next/static/chunks/node_modules_next_dist_1ybzpk2._.js:2489
[ 2560469ms] [LOG] [Fast Refresh] done in 314ms @ http://localhost:3000/_next/static/chunks/node_modules_next_dist_1ybzpk2._.js:2489
[ 2560570ms] [LOG] [Fast Refresh] rebuilding @ http://localhost:3000/_next/static/chunks/node_modules_next_dist_1ybzpk2._.js:2489
[ 2561332ms] [LOG] [Fast Refresh] done in 862ms @ http://localhost:3000/_next/static/chunks/node_modules_next_dist_1ybzpk2._.js:2489
[ 2563173ms] [LOG] [Fast Refresh] rebuilding @ http://localhost:3000/_next/static/chunks/node_modules_next_dist_1ybzpk2._.js:2489
[ 2563190ms] [LOG] [Fast Refresh] done in 121ms @ http://localhost:3000/_next/static/chunks/node_modules_next_dist_1ybzpk2._.js:2489
[ 2577723ms] [LOG] [Fast Refresh] rebuilding @ http://localhost:3000/_next/static/chunks/node_modules_next_dist_1ybzpk2._.js:2489
[ 2577863ms] [LOG] [Fast Refresh] done in 235ms @ http://localhost:3000/_next/static/chunks/node_modules_next_dist_1ybzpk2._.js:2489
[ 2589500ms] [LOG] [Fast Refresh] rebuilding @ http://localhost:3000/_next/static/chunks/node_modules_next_dist_1ybzpk2._.js:2489
[ 2590373ms] [LOG] [Fast Refresh] done in 128ms @ http://localhost:3000/_next/static/chunks/node_modules_next_dist_1ybzpk2._.js:2489
[ 2598968ms] [LOG] [Fast Refresh] rebuilding @ http://localhost:3000/_next/static/chunks/node_modules_next_dist_1ybzpk2._.js:2489
[ 2602448ms] [LOG] [Fast Refresh] done in 3579ms @ http://localhost:3000/_next/static/chunks/node_modules_next_dist_1ybzpk2._.js:2489
[ 2602576ms] [LOG] [Fast Refresh] rebuilding @ http://localhost:3000/_next/static/chunks/node_modules_next_dist_1ybzpk2._.js:2489
[ 2602758ms] [LOG] [Fast Refresh] done in 294ms @ http://localhost:3000/_next/static/chunks/node_modules_next_dist_1ybzpk2._.js:2489
[ 2602901ms] [LOG] [Fast Refresh] rebuilding @ http://localhost:3000/_next/static/chunks/node_modules_next_dist_1ybzpk2._.js:2489
[ 2603095ms] [LOG] [Fast Refresh] done in 297ms @ http://localhost:3000/_next/static/chunks/node_modules_next_dist_1ybzpk2._.js:2489
