[     658ms] [INFO] %cDownload the React DevTools for a better development experience: https://react.dev/link/react-devtools font-weight:bold @ http://localhost:3000/_next/static/chunks/node_modules_next_dist_1ybzpk2._.js:2489
[     785ms] [LOG] [HMR] connected @ http://localhost:3000/_next/static/chunks/node_modules_next_dist_1ybzpk2._.js:2489
[    1146ms] [LOG] [Fast Refresh] rebuilding @ http://localhost:3000/_next/static/chunks/node_modules_next_dist_1ybzpk2._.js:2489
[    1153ms] [WARNING] THREE.Clock: This module has been deprecated. Please use THREE.Timer instead. @ http://localhost:3000/_next/static/chunks/node_modules_next_dist_1ybzpk2._.js:2489
[    1249ms] [LOG] [Fast Refresh] done in 206ms @ http://localhost:3000/_next/static/chunks/node_modules_next_dist_1ybzpk2._.js:2489
[    1412ms] [LOG] [Fast Refresh] rebuilding @ http://localhost:3000/_next/static/chunks/node_modules_next_dist_1ybzpk2._.js:2489
[    1726ms] [LOG] [Fast Refresh] done in 456ms @ http://localhost:3000/_next/static/chunks/node_modules_next_dist_1ybzpk2._.js:2489
[    4743ms] [WARNING] THREE.WebGLProgram: Program Info Log: (210,81-129): warning X4122: sum of 0.996094 and -2.98545e-017 cannot be represented accurately in double precision
(209,37-61): warning X4122: sum of 1 and -1.49272e-017 cannot be represented accurately in double precision
(210,82-106): warning X4122: sum of 1 and -1.49272e-017 cannot be represented accurately in double precision
(209,37-61): warning X4122: sum of 1 and -1.66644e-018 cannot be represented accurately in double precision
(210,82-106): warning X4122: sum of 1 and -1.66644e-018 cannot be represented accurately in double precision @ http://localhost:3000/_next/static/chunks/node_modules_next_dist_1ybzpk2._.js:2489
[   33700ms] [LOG] [Fast Refresh] rebuilding @ http://localhost:3000/_next/static/chunks/node_modules_next_dist_1ybzpk2._.js:2489
[   33755ms] [LOG] [Fast Refresh] done in 144ms @ http://localhost:3000/_next/static/chunks/node_modules_next_dist_1ybzpk2._.js:2489
[   33857ms] [LOG] [Fast Refresh] rebuilding @ http://localhost:3000/_next/static/chunks/node_modules_next_dist_1ybzpk2._.js:2489
[   33917ms] [LOG] [Fast Refresh] done in 162ms @ http://localhost:3000/_next/static/chunks/node_modules_next_dist_1ybzpk2._.js:2489
[   64878ms] [LOG] [Fast Refresh] rebuilding @ http://localhost:3000/_next/static/chunks/node_modules_next_dist_1ybzpk2._.js:2489
[   65039ms] [LOG] [Fast Refresh] done in 244ms @ http://localhost:3000/_next/static/chunks/node_modules_next_dist_1ybzpk2._.js:2489
[   65147ms] [LOG] [Fast Refresh] rebuilding @ http://localhost:3000/_next/static/chunks/node_modules_next_dist_1ybzpk2._.js:2489
[   65735ms] [LOG] [Fast Refresh] done in 691ms @ http://localhost:3000/_next/static/chunks/node_modules_next_dist_1ybzpk2._.js:2489
[   95200ms] [LOG] [Fast Refresh] rebuilding @ http://localhost:3000/_next/static/chunks/node_modules_next_dist_1ybzpk2._.js:2489
[   95253ms] [LOG] [Fast Refresh] done in 146ms @ http://localhost:3000/_next/static/chunks/node_modules_next_dist_1ybzpk2._.js:2489
[   95371ms] [LOG] [Fast Refresh] rebuilding @ http://localhost:3000/_next/static/chunks/node_modules_next_dist_1ybzpk2._.js:2489
[   95487ms] [LOG] [Fast Refresh] done in 230ms @ http://localhost:3000/_next/static/chunks/node_modules_next_dist_1ybzpk2._.js:2489
[  100702ms] [LOG] [Fast Refresh] rebuilding @ http://localhost:3000/_next/static/chunks/node_modules_next_dist_1ybzpk2._.js:2489
[  100897ms] [LOG] [Fast Refresh] done in 148ms @ http://localhost:3000/_next/static/chunks/node_modules_next_dist_1ybzpk2._.js:2489
[  133537ms] [LOG] [Fast Refresh] rebuilding @ http://localhost:3000/_next/static/chunks/node_modules_next_dist_1ybzpk2._.js:2489
[  133979ms] [LOG] [Fast Refresh] done in 533ms @ http://localhost:3000/_next/static/chunks/node_modules_next_dist_1ybzpk2._.js:2489
[  134098ms] [LOG] [Fast Refresh] rebuilding @ http://localhost:3000/_next/static/chunks/node_modules_next_dist_1ybzpk2._.js:2489
[  134375ms] [LOG] [Fast Refresh] done in 381ms @ http://localhost:3000/_next/static/chunks/node_modules_next_dist_1ybzpk2._.js:2489
[  134532ms] [LOG] [Fast Refresh] rebuilding @ http://localhost:3000/_next/static/chunks/node_modules_next_dist_1ybzpk2._.js:2489
[  134638ms] [LOG] [Fast Refresh] done in 216ms @ http://localhost:3000/_next/static/chunks/node_modules_next_dist_1ybzpk2._.js:2489
[  134757ms] [LOG] [Fast Refresh] rebuilding @ http://localhost:3000/_next/static/chunks/node_modules_next_dist_1ybzpk2._.js:2489
[  134839ms] [LOG] [Fast Refresh] done in 182ms @ http://localhost:3000/_next/static/chunks/node_modules_next_dist_1ybzpk2._.js:2489
[  175586ms] [LOG] [Fast Refresh] rebuilding @ http://localhost:3000/_next/static/chunks/node_modules_next_dist_1ybzpk2._.js:2489
[  175770ms] [LOG] [Fast Refresh] done in 276ms @ http://localhost:3000/_next/static/chunks/node_modules_next_dist_1ybzpk2._.js:2489
[  175876ms] [LOG] [Fast Refresh] rebuilding @ http://localhost:3000/_next/static/chunks/node_modules_next_dist_1ybzpk2._.js:2489
[  176043ms] [LOG] [Fast Refresh] done in 273ms @ http://localhost:3000/_next/static/chunks/node_modules_next_dist_1ybzpk2._.js:2489
[  176283ms] [LOG] [Fast Refresh] rebuilding @ http://localhost:3000/_next/static/chunks/node_modules_next_dist_1ybzpk2._.js:2489
[  176301ms] [LOG] [Fast Refresh] done in 122ms @ http://localhost:3000/_next/static/chunks/node_modules_next_dist_1ybzpk2._.js:2489
[  702570ms] [LOG] [Fast Refresh] rebuilding @ http://localhost:3000/_next/static/chunks/node_modules_next_dist_1ybzpk2._.js:2489
[  702833ms] [LOG] [Fast Refresh] done in 360ms @ http://localhost:3000/_next/static/chunks/node_modules_next_dist_1ybzpk2._.js:2489
[  703359ms] [WARNING] THREE.Clock: This module has been deprecated. Please use THREE.Timer instead. @ http://localhost:3000/_next/static/chunks/node_modules_next_dist_1ybzpk2._.js:2489
[  717310ms] [LOG] [Fast Refresh] rebuilding @ http://localhost:3000/_next/static/chunks/node_modules_next_dist_1ybzpk2._.js:2489
[  717601ms] [LOG] [Fast Refresh] done in 368ms @ http://localhost:3000/_next/static/chunks/node_modules_next_dist_1ybzpk2._.js:2489
[  717711ms] [LOG] [Fast Refresh] rebuilding @ http://localhost:3000/_next/static/chunks/node_modules_next_dist_1ybzpk2._.js:2489
[  717848ms] [LOG] [Fast Refresh] done in 241ms @ http://localhost:3000/_next/static/chunks/node_modules_next_dist_1ybzpk2._.js:2489
[  717972ms] [LOG] [Fast Refresh] rebuilding @ http://localhost:3000/_next/static/chunks/node_modules_next_dist_1ybzpk2._.js:2489
[  717978ms] [LOG] [Fast Refresh] done in 113ms @ http://localhost:3000/_next/static/chunks/node_modules_next_dist_1ybzpk2._.js:2489
[  718096ms] [LOG] [Fast Refresh] rebuilding @ http://localhost:3000/_next/static/chunks/node_modules_next_dist_1ybzpk2._.js:2489
[  718134ms] [LOG] [Fast Refresh] done in 150ms @ http://localhost:3000/_next/static/chunks/node_modules_next_dist_1ybzpk2._.js:2489
[ 5655210ms] [LOG] [HMR] connected @ http://localhost:3000/_next/static/chunks/node_modules_next_dist_1ybzpk2._.js:2489
[ 5670516ms] [LOG] [Fast Refresh] rebuilding @ http://localhost:3000/_next/static/chunks/node_modules_next_dist_1ybzpk2._.js:2489
[ 5670612ms] [LOG] [Fast Refresh] done in 69ms @ http://localhost:3000/_next/static/chunks/node_modules_next_dist_1ybzpk2._.js:2489
[ 5670742ms] [LOG] [Fast Refresh] rebuilding @ http://localhost:3000/_next/static/chunks/node_modules_next_dist_1ybzpk2._.js:2489
[ 5670870ms] [LOG] [Fast Refresh] done in 257ms @ http://localhost:3000/_next/static/chunks/node_modules_next_dist_1ybzpk2._.js:2489
[ 5736837ms] [LOG] [Fast Refresh] rebuilding @ http://localhost:3000/_next/static/chunks/node_modules_next_dist_1ybzpk2._.js:2489
[ 5736859ms] [LOG] [Fast Refresh] done in 123ms @ http://localhost:3000/_next/static/chunks/node_modules_next_dist_1ybzpk2._.js:2489
[ 5736969ms] [LOG] [Fast Refresh] rebuilding @ http://localhost:3000/_next/static/chunks/node_modules_next_dist_1ybzpk2._.js:2489
[ 5737061ms] [LOG] [Fast Refresh] done in 197ms @ http://localhost:3000/_next/static/chunks/node_modules_next_dist_1ybzpk2._.js:2489
[ 5810603ms] [LOG] [Fast Refresh] rebuilding @ http://localhost:3000/_next/static/chunks/node_modules_next_dist_1ybzpk2._.js:2489
[ 5810630ms] [LOG] [Fast Refresh] done in 109ms @ http://localhost:3000/_next/static/chunks/node_modules_next_dist_1ybzpk2._.js:2489
[ 5810732ms] [LOG] [Fast Refresh] rebuilding @ http://localhost:3000/_next/static/chunks/node_modules_next_dist_1ybzpk2._.js:2489
[ 5810768ms] [LOG] [Fast Refresh] done in 137ms @ http://localhost:3000/_next/static/chunks/node_modules_next_dist_1ybzpk2._.js:2489
[ 6017318ms] [LOG] [Fast Refresh] rebuilding @ http://localhost:3000/_next/static/chunks/node_modules_next_dist_1ybzpk2._.js:2489
[ 6017436ms] [LOG] [Fast Refresh] done in 213ms @ http://localhost:3000/_next/static/chunks/node_modules_next_dist_1ybzpk2._.js:2489
[ 6017544ms] [LOG] [Fast Refresh] rebuilding @ http://localhost:3000/_next/static/chunks/node_modules_next_dist_1ybzpk2._.js:2489
[ 6017581ms] [LOG] [Fast Refresh] done in 143ms @ http://localhost:3000/_next/static/chunks/node_modules_next_dist_1ybzpk2._.js:2489
[ 6017694ms] [LOG] [Fast Refresh] rebuilding @ http://localhost:3000/_next/static/chunks/node_modules_next_dist_1ybzpk2._.js:2489
[ 6017712ms] [LOG] [Fast Refresh] done in 129ms @ http://localhost:3000/_next/static/chunks/node_modules_next_dist_1ybzpk2._.js:2489
[ 6190185ms] [LOG] [Fast Refresh] rebuilding @ http://localhost:3000/_next/static/chunks/node_modules_next_dist_1ybzpk2._.js:2489
[ 6190208ms] [LOG] [Fast Refresh] done in 109ms @ http://localhost:3000/_next/static/chunks/node_modules_next_dist_1ybzpk2._.js:2489
[ 6190312ms] [LOG] [Fast Refresh] rebuilding @ http://localhost:3000/_next/static/chunks/node_modules_next_dist_1ybzpk2._.js:2489
[ 6190358ms] [LOG] [Fast Refresh] done in 147ms @ http://localhost:3000/_next/static/chunks/node_modules_next_dist_1ybzpk2._.js:2489
[ 6206100ms] [LOG] [Fast Refresh] rebuilding @ http://localhost:3000/_next/static/chunks/node_modules_next_dist_1ybzpk2._.js:2489
[ 6207920ms] [LOG] [Fast Refresh] done in 1926ms @ http://localhost:3000/_next/static/chunks/node_modules_next_dist_1ybzpk2._.js:2489
[ 6629819ms] [LOG] [Fast Refresh] rebuilding @ http://localhost:3000/_next/static/chunks/node_modules_next_dist_1ybzpk2._.js:2489
[ 6630377ms] [LOG] [Fast Refresh] done in 653ms @ http://localhost:3000/_next/static/chunks/node_modules_next_dist_1ybzpk2._.js:2489
[ 6630493ms] [LOG] [Fast Refresh] rebuilding @ http://localhost:3000/_next/static/chunks/node_modules_next_dist_1ybzpk2._.js:2489
[ 6630587ms] [LOG] [Fast Refresh] done in 205ms @ http://localhost:3000/_next/static/chunks/node_modules_next_dist_1ybzpk2._.js:2489
[ 6630848ms] [LOG] [Fast Refresh] rebuilding @ http://localhost:3000/_next/static/chunks/node_modules_next_dist_1ybzpk2._.js:2489
[ 6630921ms] [LOG] [Fast Refresh] done in 223ms @ http://localhost:3000/_next/static/chunks/node_modules_next_dist_1ybzpk2._.js:2489
[ 6774214ms] [LOG] [Fast Refresh] rebuilding @ http://localhost:3000/_next/static/chunks/node_modules_next_dist_1ybzpk2._.js:2489
[ 6774462ms] [ERROR] ./src/app/page.tsx:76:15
Expected '</', got 'jsx text'
  74 |             </div>
  75 |           </div>
> 76 |         </div>
     |               ^^^^^^^^^^^^^^^^^^^^^^^^^^^^^^^^^^^^^^^^^^^^^^^^^^^^^^^^^^^^^^^^^^^^^^^^^^^^^^^^^^^^^^^^^^^^^^^^^^^^^^^^^^^^^^^^^^^^^^^^^^^^^^^^^^^^^^^^^^^^^^^^^^^^^^^^^^^^^^^^^
> 77 |       </section>
     | ^^^^^^
  78 |
  79 |       {/* Story & Tips Section */}
  80 |       <section className="bg-surface-alt py-20 px-6 md:px-12 w-full mt-12 relative overflow-hidden">

Parsing ecmascript source code failed @ http://localhost:3000/_next/static/chunks/node_modules_next_dist_1ybzpk2._.js:3330
[ 6774593ms] [LOG] [Fast Refresh] rebuilding @ http://localhost:3000/_next/static/chunks/node_modules_next_dist_1ybzpk2._.js:2489
[ 6774633ms] [ERROR] ./src/app/page.tsx:76:15
Expected '</', got 'jsx text'
  74 |             </div>
  75 |           </div>
> 76 |         </div>
     |               ^^^^^^^^^^^^^^^^^^^^^^^^^^^^^^^^^^^^^^^^^^^^^^^^^^^^^^^^^^^^^^^^^^^^^^^^^^^^^^^^^^^^^^^^^^^^^^^^^^^^^^^^^^^^^^^^^^^^^^^^^^^^^^^^^^^^^^^^^^^^^^^^^^^^^^^^^^^^^^^^^
> 77 |       </section>
     | ^^^^^^
  78 |
  79 |       {/* Story & Tips Section */}
  80 |       <section className="bg-surface-alt py-20 px-6 md:px-12 w-full mt-12 relative overflow-hidden">

Parsing ecmascript source code failed @ http://localhost:3000/_next/static/chunks/node_modules_next_dist_1ybzpk2._.js:3330
[ 6774639ms] [ERROR] Failed to load resource: the server responded with a status of 500 (Internal Server Error) @ http://localhost:3000/?_rsc=q3mOO9BClNZHexY7:0
[ 6774651ms] [ERROR] ./src/app/page.tsx:76:15
Expected '</', got 'jsx text'
  74 |             </div>
  75 |           </div>
> 76 |         </div>
     |               ^^^^^^^^^^^^^^^^^^^^^^^^^^^^^^^^^^^^^^^^^^^^^^^^^^^^^^^^^^^^^^^^^^^^^^^^^^^^^^^^^^^^^^^^^^^^^^^^^^^^^^^^^^^^^^^^^^^^^^^^^^^^^^^^^^^^^^^^^^^^^^^^^^^^^^^^^^^^^^^^^
> 77 |       </section>
     | ^^^^^^
  78 |
  79 |       {/* Story & Tips Section */}
  80 |       <section className="bg-surface-alt py-20 px-6 md:px-12 w-full mt-12 relative overflow-hidden">

Parsing ecmascript source code failed @ http://localhost:3000/_next/static/chunks/node_modules_next_dist_1ybzpk2._.js:3330
[ 6774860ms] [ERROR] Failed to load resource: the server responded with a status of 500 (Internal Server Error) @ http://localhost:3000/:0
[ 6775225ms] [INFO] %cDownload the React DevTools for a better development experience: https://react.dev/link/react-devtools font-weight:bold @ http://localhost:3000/_next/static/chunks/node_modules_react-dom_0kla17-._.js:15305
[ 6775270ms] Error: ./src/app/page.tsx:76:15
Expected '</', got 'jsx text'
  74 |             </div>
  75 |           </div>
> 76 |         </div>
     |               ^^^^^^^^^^^^^^^^^^^^^^^^^^^^^^^^^^^^^^^^^^^^^^^^^^^^^^^^^^^^^^^^^^^^^^^^^^^^^^^^^^^^^^^^^^^^^^^^^^^^^^^^^^^^^^^^^^^^^^^^^^^^^^^^^^^^^^^^^^^^^^^^^^^^^^^^^^^^^^^^^
> 77 |       </section>
     | ^^^^^^
  78 |
  79 |       {/* Story & Tips Section */}
  80 |       <section className="bg-surface-alt py-20 px-6 md:px-12 w-full mt-12 relative overflow-hidden">

Parsing ecmascript source code failed


    at <unknown> (Error: ./src/app/page.tsx:76:15)
    at Object.getCompilationErrors (file://C:\reandy\easybites-app\node_modules\next\dist\server\dev\hot-reloader-turbopack.js:1186:59)
    at DevBundlerService.getCompilationError (file://C:\reandy\easybites-app\node_modules\next\dist\server\lib\dev-bundler-service.js:44:55)
    at DevServer.getCompilationError (file://C:\reandy\easybites-app\node_modules\next\dist\server\dev\next-dev-server.js:720:42)
    at DevServer.findPageComponents (file://C:\reandy\easybites-app\node_modules\next\dist\server\dev\next-dev-server.js:690:43)
    at async DevServer.renderErrorToResponseImpl (file://C:\reandy\easybites-app\node_modules\next\dist\server\base-server.js:1753:26)
[ 6775265ms] [LOG] [HMR] connected @ http://localhost:3000/_next/static/chunks/node_modules_next_dist_1gdrd03._.js:1226
[ 6775269ms] [ERROR] ./src/app/page.tsx:76:15
Expected '</', got 'jsx text'
  74 |             </div>
  75 |           </div>
> 76 |         </div>
     |               ^^^^^^^^^^^^^^^^^^^^^^^^^^^^^^^^^^^^^^^^^^^^^^^^^^^^^^^^^^^^^^^^^^^^^^^^^^^^^^^^^^^^^^^^^^^^^^^^^^^^^^^^^^^^^^^^^^^^^^^^^^^^^^^^^^^^^^^^^^^^^^^^^^^^^^^^^^^^^^^^^
> 77 |       </section>
     | ^^^^^^
  78 |
  79 |       {/* Story & Tips Section */}
  80 |       <section className="bg-surface-alt py-20 px-6 md:px-12 w-full mt-12 relative overflow-hidden">

Parsing ecmascript source code failed @ http://localhost:3000/_next/static/chunks/node_modules_next_dist_1gdrd03._.js:1945
[ 6775409ms] [ERROR] ./src/app/page.tsx:76:15
Expected '</', got 'jsx text'
  74 |             </div>
  75 |           </div>
> 76 |         </div>
     |               ^^^^^^^^^^^^^^^^^^^^^^^^^^^^^^^^^^^^^^^^^^^^^^^^^^^^^^^^^^^^^^^^^^^^^^^^^^^^^^^^^^^^^^^^^^^^^^^^^^^^^^^^^^^^^^^^^^^^^^^^^^^^^^^^^^^^^^^^^^^^^^^^^^^^^^^^^^^^^^^^^
> 77 |       </section>
     | ^^^^^^
  78 |
  79 |       {/* Story & Tips Section */}
  80 |       <section className="bg-surface-alt py-20 px-6 md:px-12 w-full mt-12 relative overflow-hidden">

Parsing ecmascript source code failed @ http://localhost:3000/_next/static/chunks/node_modules_next_dist_1gdrd03._.js:1945
[ 6775530ms] [ERROR] ./src/app/page.tsx:76:15
Expected '</', got 'jsx text'
  74 |             </div>
  75 |           </div>
> 76 |         </div>
     |               ^^^^^^^^^^^^^^^^^^^^^^^^^^^^^^^^^^^^^^^^^^^^^^^^^^^^^^^^^^^^^^^^^^^^^^^^^^^^^^^^^^^^^^^^^^^^^^^^^^^^^^^^^^^^^^^^^^^^^^^^^^^^^^^^^^^^^^^^^^^^^^^^^^^^^^^^^^^^^^^^^
> 77 |       </section>
     | ^^^^^^
  78 |
  79 |       {/* Story & Tips Section */}
  80 |       <section className="bg-surface-alt py-20 px-6 md:px-12 w-full mt-12 relative overflow-hidden">

Parsing ecmascript source code failed @ http://localhost:3000/_next/static/chunks/node_modules_next_dist_1gdrd03._.js:1945
[ 6775603ms] [ERROR] ./src/app/page.tsx:76:15
Expected '</', got 'jsx text'
  74 |             </div>
  75 |           </div>
> 76 |         </div>
     |               ^^^^^^^^^^^^^^^^^^^^^^^^^^^^^^^^^^^^^^^^^^^^^^^^^^^^^^^^^^^^^^^^^^^^^^^^^^^^^^^^^^^^^^^^^^^^^^^^^^^^^^^^^^^^^^^^^^^^^^^^^^^^^^^^^^^^^^^^^^^^^^^^^^^^^^^^^^^^^^^^^
> 77 |       </section>
     | ^^^^^^
  78 |
  79 |       {/* Story & Tips Section */}
  80 |       <section className="bg-surface-alt py-20 px-6 md:px-12 w-full mt-12 relative overflow-hidden">

Parsing ecmascript source code failed @ http://localhost:3000/_next/static/chunks/node_modules_next_dist_1gdrd03._.js:1945
[ 6775664ms] [ERROR] ./src/app/page.tsx:76:15
Expected '</', got 'jsx text'
  74 |             </div>
  75 |           </div>
> 76 |         </div>
     |               ^^^^^^^^^^^^^^^^^^^^^^^^^^^^^^^^^^^^^^^^^^^^^^^^^^^^^^^^^^^^^^^^^^^^^^^^^^^^^^^^^^^^^^^^^^^^^^^^^^^^^^^^^^^^^^^^^^^^^^^^^^^^^^^^^^^^^^^^^^^^^^^^^^^^^^^^^^^^^^^^^
> 77 |       </section>
     | ^^^^^^
  78 |
  79 |       {/* Story & Tips Section */}
  80 |       <section className="bg-surface-alt py-20 px-6 md:px-12 w-full mt-12 relative overflow-hidden">

Parsing ecmascript source code failed @ http://localhost:3000/_next/static/chunks/node_modules_next_dist_1gdrd03._.js:1945
[ 6775725ms] [ERROR] ./src/app/page.tsx:76:15
Expected '</', got 'jsx text'
  74 |             </div>
  75 |           </div>
> 76 |         </div>
     |               ^^^^^^^^^^^^^^^^^^^^^^^^^^^^^^^^^^^^^^^^^^^^^^^^^^^^^^^^^^^^^^^^^^^^^^^^^^^^^^^^^^^^^^^^^^^^^^^^^^^^^^^^^^^^^^^^^^^^^^^^^^^^^^^^^^^^^^^^^^^^^^^^^^^^^^^^^^^^^^^^^
> 77 |       </section>
     | ^^^^^^
  78 |
  79 |       {/* Story & Tips Section */}
  80 |       <section className="bg-surface-alt py-20 px-6 md:px-12 w-full mt-12 relative overflow-hidden">

Parsing ecmascript source code failed @ http://localhost:3000/_next/static/chunks/node_modules_next_dist_1gdrd03._.js:1945
[ 6775789ms] [ERROR] ./src/app/page.tsx:76:15
Expected '</', got 'jsx text'
  74 |             </div>
  75 |           </div>
> 76 |         </div>
     |               ^^^^^^^^^^^^^^^^^^^^^^^^^^^^^^^^^^^^^^^^^^^^^^^^^^^^^^^^^^^^^^^^^^^^^^^^^^^^^^^^^^^^^^^^^^^^^^^^^^^^^^^^^^^^^^^^^^^^^^^^^^^^^^^^^^^^^^^^^^^^^^^^^^^^^^^^^^^^^^^^^
> 77 |       </section>
     | ^^^^^^
  78 |
  79 |       {/* Story & Tips Section */}
  80 |       <section className="bg-surface-alt py-20 px-6 md:px-12 w-full mt-12 relative overflow-hidden">

Parsing ecmascript source code failed @ http://localhost:3000/_next/static/chunks/node_modules_next_dist_1gdrd03._.js:1945
[ 6775851ms] [ERROR] ./src/app/page.tsx:76:15
Expected '</', got 'jsx text'
  74 |             </div>
  75 |           </div>
> 76 |         </div>
     |               ^^^^^^^^^^^^^^^^^^^^^^^^^^^^^^^^^^^^^^^^^^^^^^^^^^^^^^^^^^^^^^^^^^^^^^^^^^^^^^^^^^^^^^^^^^^^^^^^^^^^^^^^^^^^^^^^^^^^^^^^^^^^^^^^^^^^^^^^^^^^^^^^^^^^^^^^^^^^^^^^^
> 77 |       </section>
     | ^^^^^^
  78 |
  79 |       {/* Story & Tips Section */}
  80 |       <section className="bg-surface-alt py-20 px-6 md:px-12 w-full mt-12 relative overflow-hidden">

Parsing ecmascript source code failed @ http://localhost:3000/_next/static/chunks/node_modules_next_dist_1gdrd03._.js:1945
[ 6775914ms] [ERROR] ./src/app/page.tsx:76:15
Expected '</', got 'jsx text'
  74 |             </div>
  75 |           </div>
> 76 |         </div>
     |               ^^^^^^^^^^^^^^^^^^^^^^^^^^^^^^^^^^^^^^^^^^^^^^^^^^^^^^^^^^^^^^^^^^^^^^^^^^^^^^^^^^^^^^^^^^^^^^^^^^^^^^^^^^^^^^^^^^^^^^^^^^^^^^^^^^^^^^^^^^^^^^^^^^^^^^^^^^^^^^^^^
> 77 |       </section>
     | ^^^^^^
  78 |
  79 |       {/* Story & Tips Section */}
  80 |       <section className="bg-surface-alt py-20 px-6 md:px-12 w-full mt-12 relative overflow-hidden">

Parsing ecmascript source code failed @ http://localhost:3000/_next/static/chunks/node_modules_next_dist_1gdrd03._.js:1945
[ 6775976ms] [ERROR] ./src/app/page.tsx:76:15
Expected '</', got 'jsx text'
  74 |             </div>
  75 |           </div>
> 76 |         </div>
     |               ^^^^^^^^^^^^^^^^^^^^^^^^^^^^^^^^^^^^^^^^^^^^^^^^^^^^^^^^^^^^^^^^^^^^^^^^^^^^^^^^^^^^^^^^^^^^^^^^^^^^^^^^^^^^^^^^^^^^^^^^^^^^^^^^^^^^^^^^^^^^^^^^^^^^^^^^^^^^^^^^^
> 77 |       </section>
     | ^^^^^^
  78 |
  79 |       {/* Story & Tips Section */}
  80 |       <section className="bg-surface-alt py-20 px-6 md:px-12 w-full mt-12 relative overflow-hidden">

Parsing ecmascript source code failed @ http://localhost:3000/_next/static/chunks/node_modules_next_dist_1gdrd03._.js:1945
[ 6776039ms] [ERROR] ./src/app/page.tsx:76:15
Expected '</', got 'jsx text'
  74 |             </div>
  75 |           </div>
> 76 |         </div>
     |               ^^^^^^^^^^^^^^^^^^^^^^^^^^^^^^^^^^^^^^^^^^^^^^^^^^^^^^^^^^^^^^^^^^^^^^^^^^^^^^^^^^^^^^^^^^^^^^^^^^^^^^^^^^^^^^^^^^^^^^^^^^^^^^^^^^^^^^^^^^^^^^^^^^^^^^^^^^^^^^^^^
> 77 |       </section>
     | ^^^^^^
  78 |
  79 |       {/* Story & Tips Section */}
  80 |       <section className="bg-surface-alt py-20 px-6 md:px-12 w-full mt-12 relative overflow-hidden">

Parsing ecmascript source code failed @ http://localhost:3000/_next/static/chunks/node_modules_next_dist_1gdrd03._.js:1945
[ 6776125ms] [ERROR] ./src/app/page.tsx:76:15
Expected '</', got 'jsx text'
  74 |             </div>
  75 |           </div>
> 76 |         </div>
     |               ^^^^^^^^^^^^^^^^^^^^^^^^^^^^^^^^^^^^^^^^^^^^^^^^^^^^^^^^^^^^^^^^^^^^^^^^^^^^^^^^^^^^^^^^^^^^^^^^^^^^^^^^^^^^^^^^^^^^^^^^^^^^^^^^^^^^^^^^^^^^^^^^^^^^^^^^^^^^^^^^^
> 77 |       </section>
     | ^^^^^^
  78 |
  79 |       {/* Story & Tips Section */}
  80 |       <section className="bg-surface-alt py-20 px-6 md:px-12 w-full mt-12 relative overflow-hidden">

Parsing ecmascript source code failed @ http://localhost:3000/_next/static/chunks/node_modules_next_dist_1gdrd03._.js:1945
[ 6777392ms] [ERROR] ./src/app/page.tsx:76:15
Expected '</', got 'jsx text'
  74 |             </div>
  75 |           </div>
> 76 |         </div>
     |               ^^^^^^^^^^^^^^^^^^^^^^^^^^^^^^^^^^^^^^^^^^^^^^^^^^^^^^^^^^^^^^^^^^^^^^^^^^^^^^^^^^^^^^^^^^^^^^^^^^^^^^^^^^^^^^^^^^^^^^^^^^^^^^^^^^^^^^^^^^^^^^^^^^^^^^^^^^^^^^^^^
> 77 |       </section>
     | ^^^^^^
  78 |
  79 |       {/* Story & Tips Section */}
  80 |       <section className="bg-surface-alt py-20 px-6 md:px-12 w-full mt-12 relative overflow-hidden">

Parsing ecmascript source code failed @ http://localhost:3000/_next/static/chunks/node_modules_next_dist_1gdrd03._.js:1945
[ 6777393ms] [LOG] [Fast Refresh] rebuilding @ http://localhost:3000/_next/static/chunks/node_modules_next_dist_1gdrd03._.js:1226
[ 6777460ms] [ERROR] ./src/app/page.tsx:76:15
Expected '</', got 'jsx text'
  74 |             </div>
  75 |           </div>
> 76 |         </div>
     |               ^^^^^^^^^^^^^^^^^^^^^^^^^^^^^^^^^^^^^^^^^^^^^^^^^^^^^^^^^^^^^^^^^^^^^^^^^^^^^^^^^^^^^^^^^^^^^^^^^^^^^^^^^^^^^^^^^^^^^^^^^^^^^^^^^^^^^^^^^^^^^^^^^^^^^^^^^^^^^^^^^
> 77 |       </section>
     | ^^^^^^
  78 |
  79 |       {/* Story & Tips Section */}
  80 |       <section className="bg-surface-alt py-20 px-6 md:px-12 w-full mt-12 relative overflow-hidden">

Parsing ecmascript source code failed @ http://localhost:3000/_next/static/chunks/node_modules_next_dist_1gdrd03._.js:1945
[ 6777522ms] [ERROR] ./src/app/page.tsx:76:15
Expected '</', got 'jsx text'
  74 |             </div>
  75 |           </div>
> 76 |         </div>
     |               ^^^^^^^^^^^^^^^^^^^^^^^^^^^^^^^^^^^^^^^^^^^^^^^^^^^^^^^^^^^^^^^^^^^^^^^^^^^^^^^^^^^^^^^^^^^^^^^^^^^^^^^^^^^^^^^^^^^^^^^^^^^^^^^^^^^^^^^^^^^^^^^^^^^^^^^^^^^^^^^^^
> 77 |       </section>
     | ^^^^^^
  78 |
  79 |       {/* Story & Tips Section */}
  80 |       <section className="bg-surface-alt py-20 px-6 md:px-12 w-full mt-12 relative overflow-hidden">

Parsing ecmascript source code failed @ http://localhost:3000/_next/static/chunks/node_modules_next_dist_1gdrd03._.js:1945
[ 6777585ms] [ERROR] ./src/app/page.tsx:76:15
Expected '</', got 'jsx text'
  74 |             </div>
  75 |           </div>
> 76 |         </div>
     |               ^^^^^^^^^^^^^^^^^^^^^^^^^^^^^^^^^^^^^^^^^^^^^^^^^^^^^^^^^^^^^^^^^^^^^^^^^^^^^^^^^^^^^^^^^^^^^^^^^^^^^^^^^^^^^^^^^^^^^^^^^^^^^^^^^^^^^^^^^^^^^^^^^^^^^^^^^^^^^^^^^
> 77 |       </section>
     | ^^^^^^
  78 |
  79 |       {/* Story & Tips Section */}
  80 |       <section className="bg-surface-alt py-20 px-6 md:px-12 w-full mt-12 relative overflow-hidden">

Parsing ecmascript source code failed @ http://localhost:3000/_next/static/chunks/node_modules_next_dist_1gdrd03._.js:1945
[ 6777648ms] [ERROR] ./src/app/page.tsx:76:15
Expected '</', got 'jsx text'
  74 |             </div>
  75 |           </div>
> 76 |         </div>
     |               ^^^^^^^^^^^^^^^^^^^^^^^^^^^^^^^^^^^^^^^^^^^^^^^^^^^^^^^^^^^^^^^^^^^^^^^^^^^^^^^^^^^^^^^^^^^^^^^^^^^^^^^^^^^^^^^^^^^^^^^^^^^^^^^^^^^^^^^^^^^^^^^^^^^^^^^^^^^^^^^^^
> 77 |       </section>
     | ^^^^^^
  78 |
  79 |       {/* Story & Tips Section */}
  80 |       <section className="bg-surface-alt py-20 px-6 md:px-12 w-full mt-12 relative overflow-hidden">

Parsing ecmascript source code failed @ http://localhost:3000/_next/static/chunks/node_modules_next_dist_1gdrd03._.js:1945
[ 6777709ms] [ERROR] ./src/app/page.tsx:76:15
Expected '</', got 'jsx text'
  74 |             </div>
  75 |           </div>
> 76 |         </div>
     |               ^^^^^^^^^^^^^^^^^^^^^^^^^^^^^^^^^^^^^^^^^^^^^^^^^^^^^^^^^^^^^^^^^^^^^^^^^^^^^^^^^^^^^^^^^^^^^^^^^^^^^^^^^^^^^^^^^^^^^^^^^^^^^^^^^^^^^^^^^^^^^^^^^^^^^^^^^^^^^^^^^
> 77 |       </section>
     | ^^^^^^
  78 |
  79 |       {/* Story & Tips Section */}
  80 |       <section className="bg-surface-alt py-20 px-6 md:px-12 w-full mt-12 relative overflow-hidden">

Parsing ecmascript source code failed @ http://localhost:3000/_next/static/chunks/node_modules_next_dist_1gdrd03._.js:1945
[ 6777771ms] [ERROR] ./src/app/page.tsx:76:15
Expected '</', got 'jsx text'
  74 |             </div>
  75 |           </div>
> 76 |         </div>
     |               ^^^^^^^^^^^^^^^^^^^^^^^^^^^^^^^^^^^^^^^^^^^^^^^^^^^^^^^^^^^^^^^^^^^^^^^^^^^^^^^^^^^^^^^^^^^^^^^^^^^^^^^^^^^^^^^^^^^^^^^^^^^^^^^^^^^^^^^^^^^^^^^^^^^^^^^^^^^^^^^^^
> 77 |       </section>
     | ^^^^^^
  78 |
  79 |       {/* Story & Tips Section */}
  80 |       <section className="bg-surface-alt py-20 px-6 md:px-12 w-full mt-12 relative overflow-hidden">

Parsing ecmascript source code failed @ http://localhost:3000/_next/static/chunks/node_modules_next_dist_1gdrd03._.js:1945
[ 6777835ms] [ERROR] ./src/app/page.tsx:76:15
Expected '</', got 'jsx text'
  74 |             </div>
  75 |           </div>
> 76 |         </div>
     |               ^^^^^^^^^^^^^^^^^^^^^^^^^^^^^^^^^^^^^^^^^^^^^^^^^^^^^^^^^^^^^^^^^^^^^^^^^^^^^^^^^^^^^^^^^^^^^^^^^^^^^^^^^^^^^^^^^^^^^^^^^^^^^^^^^^^^^^^^^^^^^^^^^^^^^^^^^^^^^^^^^
> 77 |       </section>
     | ^^^^^^
  78 |
  79 |       {/* Story & Tips Section */}
  80 |       <section className="bg-surface-alt py-20 px-6 md:px-12 w-full mt-12 relative overflow-hidden">

Parsing ecmascript source code failed @ http://localhost:3000/_next/static/chunks/node_modules_next_dist_1gdrd03._.js:1945
[ 6777899ms] [ERROR] ./src/app/page.tsx:76:15
Expected '</', got 'jsx text'
  74 |             </div>
  75 |           </div>
> 76 |         </div>
     |               ^^^^^^^^^^^^^^^^^^^^^^^^^^^^^^^^^^^^^^^^^^^^^^^^^^^^^^^^^^^^^^^^^^^^^^^^^^^^^^^^^^^^^^^^^^^^^^^^^^^^^^^^^^^^^^^^^^^^^^^^^^^^^^^^^^^^^^^^^^^^^^^^^^^^^^^^^^^^^^^^^
> 77 |       </section>
     | ^^^^^^
  78 |
  79 |       {/* Story & Tips Section */}
  80 |       <section className="bg-surface-alt py-20 px-6 md:px-12 w-full mt-12 relative overflow-hidden">

Parsing ecmascript source code failed @ http://localhost:3000/_next/static/chunks/node_modules_next_dist_1gdrd03._.js:1945
[ 6777955ms] [ERROR] ./src/app/page.tsx:76:15
Expected '</', got 'jsx text'
  74 |             </div>
  75 |           </div>
> 76 |         </div>
     |               ^^^^^^^^^^^^^^^^^^^^^^^^^^^^^^^^^^^^^^^^^^^^^^^^^^^^^^^^^^^^^^^^^^^^^^^^^^^^^^^^^^^^^^^^^^^^^^^^^^^^^^^^^^^^^^^^^^^^^^^^^^^^^^^^^^^^^^^^^^^^^^^^^^^^^^^^^^^^^^^^^
> 77 |       </section>
     | ^^^^^^
  78 |
  79 |       {/* Story & Tips Section */}
  80 |       <section className="bg-surface-alt py-20 px-6 md:px-12 w-full mt-12 relative overflow-hidden">

Parsing ecmascript source code failed @ http://localhost:3000/_next/static/chunks/node_modules_next_dist_1gdrd03._.js:1945
[ 6778019ms] [ERROR] ./src/app/page.tsx:76:15
Expected '</', got 'jsx text'
  74 |             </div>
  75 |           </div>
> 76 |         </div>
     |               ^^^^^^^^^^^^^^^^^^^^^^^^^^^^^^^^^^^^^^^^^^^^^^^^^^^^^^^^^^^^^^^^^^^^^^^^^^^^^^^^^^^^^^^^^^^^^^^^^^^^^^^^^^^^^^^^^^^^^^^^^^^^^^^^^^^^^^^^^^^^^^^^^^^^^^^^^^^^^^^^^
> 77 |       </section>
     | ^^^^^^
  78 |
  79 |       {/* Story & Tips Section */}
  80 |       <section className="bg-surface-alt py-20 px-6 md:px-12 w-full mt-12 relative overflow-hidden">

Parsing ecmascript source code failed @ http://localhost:3000/_next/static/chunks/node_modules_next_dist_1gdrd03._.js:1945
[ 6778082ms] [ERROR] ./src/app/page.tsx:76:15
Expected '</', got 'jsx text'
  74 |             </div>
  75 |           </div>
> 76 |         </div>
     |               ^^^^^^^^^^^^^^^^^^^^^^^^^^^^^^^^^^^^^^^^^^^^^^^^^^^^^^^^^^^^^^^^^^^^^^^^^^^^^^^^^^^^^^^^^^^^^^^^^^^^^^^^^^^^^^^^^^^^^^^^^^^^^^^^^^^^^^^^^^^^^^^^^^^^^^^^^^^^^^^^^
> 77 |       </section>
     | ^^^^^^
  78 |
  79 |       {/* Story & Tips Section */}
  80 |       <section className="bg-surface-alt py-20 px-6 md:px-12 w-full mt-12 relative overflow-hidden">

Parsing ecmascript source code failed @ http://localhost:3000/_next/static/chunks/node_modules_next_dist_1gdrd03._.js:1945
[ 6778143ms] [ERROR] ./src/app/page.tsx:76:15
Expected '</', got 'jsx text'
  74 |             </div>
  75 |           </div>
> 76 |         </div>
     |               ^^^^^^^^^^^^^^^^^^^^^^^^^^^^^^^^^^^^^^^^^^^^^^^^^^^^^^^^^^^^^^^^^^^^^^^^^^^^^^^^^^^^^^^^^^^^^^^^^^^^^^^^^^^^^^^^^^^^^^^^^^^^^^^^^^^^^^^^^^^^^^^^^^^^^^^^^^^^^^^^^
> 77 |       </section>
     | ^^^^^^
  78 |
  79 |       {/* Story & Tips Section */}
  80 |       <section className="bg-surface-alt py-20 px-6 md:px-12 w-full mt-12 relative overflow-hidden">

Parsing ecmascript source code failed @ http://localhost:3000/_next/static/chunks/node_modules_next_dist_1gdrd03._.js:1945
[ 6778202ms] [ERROR] ./src/app/page.tsx:76:15
Expected '</', got 'jsx text'
  74 |             </div>
  75 |           </div>
> 76 |         </div>
     |               ^^^^^^^^^^^^^^^^^^^^^^^^^^^^^^^^^^^^^^^^^^^^^^^^^^^^^^^^^^^^^^^^^^^^^^^^^^^^^^^^^^^^^^^^^^^^^^^^^^^^^^^^^^^^^^^^^^^^^^^^^^^^^^^^^^^^^^^^^^^^^^^^^^^^^^^^^^^^^^^^^
> 77 |       </section>
     | ^^^^^^
  78 |
  79 |       {/* Story & Tips Section */}
  80 |       <section className="bg-surface-alt py-20 px-6 md:px-12 w-full mt-12 relative overflow-hidden">

Parsing ecmascript source code failed @ http://localhost:3000/_next/static/chunks/node_modules_next_dist_1gdrd03._.js:1945
[ 6778265ms] [ERROR] ./src/app/page.tsx:76:15
Expected '</', got 'jsx text'
  74 |             </div>
  75 |           </div>
> 76 |         </div>
     |               ^^^^^^^^^^^^^^^^^^^^^^^^^^^^^^^^^^^^^^^^^^^^^^^^^^^^^^^^^^^^^^^^^^^^^^^^^^^^^^^^^^^^^^^^^^^^^^^^^^^^^^^^^^^^^^^^^^^^^^^^^^^^^^^^^^^^^^^^^^^^^^^^^^^^^^^^^^^^^^^^^
> 77 |       </section>
     | ^^^^^^
  78 |
  79 |       {/* Story & Tips Section */}
  80 |       <section className="bg-surface-alt py-20 px-6 md:px-12 w-full mt-12 relative overflow-hidden">

Parsing ecmascript source code failed @ http://localhost:3000/_next/static/chunks/node_modules_next_dist_1gdrd03._.js:1945
[ 6778324ms] [ERROR] ./src/app/page.tsx:76:15
Expected '</', got 'jsx text'
  74 |             </div>
  75 |           </div>
> 76 |         </div>
     |               ^^^^^^^^^^^^^^^^^^^^^^^^^^^^^^^^^^^^^^^^^^^^^^^^^^^^^^^^^^^^^^^^^^^^^^^^^^^^^^^^^^^^^^^^^^^^^^^^^^^^^^^^^^^^^^^^^^^^^^^^^^^^^^^^^^^^^^^^^^^^^^^^^^^^^^^^^^^^^^^^^
> 77 |       </section>
     | ^^^^^^
  78 |
  79 |       {/* Story & Tips Section */}
  80 |       <section className="bg-surface-alt py-20 px-6 md:px-12 w-full mt-12 relative overflow-hidden">

Parsing ecmascript source code failed @ http://localhost:3000/_next/static/chunks/node_modules_next_dist_1gdrd03._.js:1945
[ 6778386ms] [ERROR] ./src/app/page.tsx:76:15
Expected '</', got 'jsx text'
  74 |             </div>
  75 |           </div>
> 76 |         </div>
     |               ^^^^^^^^^^^^^^^^^^^^^^^^^^^^^^^^^^^^^^^^^^^^^^^^^^^^^^^^^^^^^^^^^^^^^^^^^^^^^^^^^^^^^^^^^^^^^^^^^^^^^^^^^^^^^^^^^^^^^^^^^^^^^^^^^^^^^^^^^^^^^^^^^^^^^^^^^^^^^^^^^
> 77 |       </section>
     | ^^^^^^
  78 |
  79 |       {/* Story & Tips Section */}
  80 |       <section className="bg-surface-alt py-20 px-6 md:px-12 w-full mt-12 relative overflow-hidden">

Parsing ecmascript source code failed @ http://localhost:3000/_next/static/chunks/node_modules_next_dist_1gdrd03._.js:1945
[ 6778449ms] [ERROR] ./src/app/page.tsx:76:15
Expected '</', got 'jsx text'
  74 |             </div>
  75 |           </div>
> 76 |         </div>
     |               ^^^^^^^^^^^^^^^^^^^^^^^^^^^^^^^^^^^^^^^^^^^^^^^^^^^^^^^^^^^^^^^^^^^^^^^^^^^^^^^^^^^^^^^^^^^^^^^^^^^^^^^^^^^^^^^^^^^^^^^^^^^^^^^^^^^^^^^^^^^^^^^^^^^^^^^^^^^^^^^^^
> 77 |       </section>
     | ^^^^^^
  78 |
  79 |       {/* Story & Tips Section */}
  80 |       <section className="bg-surface-alt py-20 px-6 md:px-12 w-full mt-12 relative overflow-hidden">

Parsing ecmascript source code failed @ http://localhost:3000/_next/static/chunks/node_modules_next_dist_1gdrd03._.js:1945
[ 6778509ms] [ERROR] ./src/app/page.tsx:76:15
Expected '</', got 'jsx text'
  74 |             </div>
  75 |           </div>
> 76 |         </div>
     |               ^^^^^^^^^^^^^^^^^^^^^^^^^^^^^^^^^^^^^^^^^^^^^^^^^^^^^^^^^^^^^^^^^^^^^^^^^^^^^^^^^^^^^^^^^^^^^^^^^^^^^^^^^^^^^^^^^^^^^^^^^^^^^^^^^^^^^^^^^^^^^^^^^^^^^^^^^^^^^^^^^
> 77 |       </section>
     | ^^^^^^
  78 |
  79 |       {/* Story & Tips Section */}
  80 |       <section className="bg-surface-alt py-20 px-6 md:px-12 w-full mt-12 relative overflow-hidden">

Parsing ecmascript source code failed @ http://localhost:3000/_next/static/chunks/node_modules_next_dist_1gdrd03._.js:1945
[ 6778569ms] [ERROR] ./src/app/page.tsx:76:15
Expected '</', got 'jsx text'
  74 |             </div>
  75 |           </div>
> 76 |         </div>
     |               ^^^^^^^^^^^^^^^^^^^^^^^^^^^^^^^^^^^^^^^^^^^^^^^^^^^^^^^^^^^^^^^^^^^^^^^^^^^^^^^^^^^^^^^^^^^^^^^^^^^^^^^^^^^^^^^^^^^^^^^^^^^^^^^^^^^^^^^^^^^^^^^^^^^^^^^^^^^^^^^^^
> 77 |       </section>
     | ^^^^^^
  78 |
  79 |       {/* Story & Tips Section */}
  80 |       <section className="bg-surface-alt py-20 px-6 md:px-12 w-full mt-12 relative overflow-hidden">

Parsing ecmascript source code failed @ http://localhost:3000/_next/static/chunks/node_modules_next_dist_1gdrd03._.js:1945
[ 6778631ms] [ERROR] ./src/app/page.tsx:76:15
Expected '</', got 'jsx text'
  74 |             </div>
  75 |           </div>
> 76 |         </div>
     |               ^^^^^^^^^^^^^^^^^^^^^^^^^^^^^^^^^^^^^^^^^^^^^^^^^^^^^^^^^^^^^^^^^^^^^^^^^^^^^^^^^^^^^^^^^^^^^^^^^^^^^^^^^^^^^^^^^^^^^^^^^^^^^^^^^^^^^^^^^^^^^^^^^^^^^^^^^^^^^^^^^
> 77 |       </section>
     | ^^^^^^
  78 |
  79 |       {/* Story & Tips Section */}
  80 |       <section className="bg-surface-alt py-20 px-6 md:px-12 w-full mt-12 relative overflow-hidden">

Parsing ecmascript source code failed @ http://localhost:3000/_next/static/chunks/node_modules_next_dist_1gdrd03._.js:1945
[ 6778691ms] [ERROR] ./src/app/page.tsx:76:15
Expected '</', got 'jsx text'
  74 |             </div>
  75 |           </div>
> 76 |         </div>
     |               ^^^^^^^^^^^^^^^^^^^^^^^^^^^^^^^^^^^^^^^^^^^^^^^^^^^^^^^^^^^^^^^^^^^^^^^^^^^^^^^^^^^^^^^^^^^^^^^^^^^^^^^^^^^^^^^^^^^^^^^^^^^^^^^^^^^^^^^^^^^^^^^^^^^^^^^^^^^^^^^^^
> 77 |       </section>
     | ^^^^^^
  78 |
  79 |       {/* Story & Tips Section */}
  80 |       <section className="bg-surface-alt py-20 px-6 md:px-12 w-full mt-12 relative overflow-hidden">

Parsing ecmascript source code failed @ http://localhost:3000/_next/static/chunks/node_modules_next_dist_1gdrd03._.js:1945
[ 6778752ms] [ERROR] ./src/app/page.tsx:76:15
Expected '</', got 'jsx text'
  74 |             </div>
  75 |           </div>
> 76 |         </div>
     |               ^^^^^^^^^^^^^^^^^^^^^^^^^^^^^^^^^^^^^^^^^^^^^^^^^^^^^^^^^^^^^^^^^^^^^^^^^^^^^^^^^^^^^^^^^^^^^^^^^^^^^^^^^^^^^^^^^^^^^^^^^^^^^^^^^^^^^^^^^^^^^^^^^^^^^^^^^^^^^^^^^
> 77 |       </section>
     | ^^^^^^
  78 |
  79 |       {/* Story & Tips Section */}
  80 |       <section className="bg-surface-alt py-20 px-6 md:px-12 w-full mt-12 relative overflow-hidden">

Parsing ecmascript source code failed @ http://localhost:3000/_next/static/chunks/node_modules_next_dist_1gdrd03._.js:1945
[ 6778813ms] [ERROR] ./src/app/page.tsx:76:15
Expected '</', got 'jsx text'
  74 |             </div>
  75 |           </div>
> 76 |         </div>
     |               ^^^^^^^^^^^^^^^^^^^^^^^^^^^^^^^^^^^^^^^^^^^^^^^^^^^^^^^^^^^^^^^^^^^^^^^^^^^^^^^^^^^^^^^^^^^^^^^^^^^^^^^^^^^^^^^^^^^^^^^^^^^^^^^^^^^^^^^^^^^^^^^^^^^^^^^^^^^^^^^^^
> 77 |       </section>
     | ^^^^^^
  78 |
  79 |       {/* Story & Tips Section */}
  80 |       <section className="bg-surface-alt py-20 px-6 md:px-12 w-full mt-12 relative overflow-hidden">

Parsing ecmascript source code failed @ http://localhost:3000/_next/static/chunks/node_modules_next_dist_1gdrd03._.js:1945
[ 6778873ms] [ERROR] ./src/app/page.tsx:76:15
Expected '</', got 'jsx text'
  74 |             </div>
  75 |           </div>
> 76 |         </div>
     |               ^^^^^^^^^^^^^^^^^^^^^^^^^^^^^^^^^^^^^^^^^^^^^^^^^^^^^^^^^^^^^^^^^^^^^^^^^^^^^^^^^^^^^^^^^^^^^^^^^^^^^^^^^^^^^^^^^^^^^^^^^^^^^^^^^^^^^^^^^^^^^^^^^^^^^^^^^^^^^^^^^
> 77 |       </section>
     | ^^^^^^
  78 |
  79 |       {/* Story & Tips Section */}
  80 |       <section className="bg-surface-alt py-20 px-6 md:px-12 w-full mt-12 relative overflow-hidden">

Parsing ecmascript source code failed @ http://localhost:3000/_next/static/chunks/node_modules_next_dist_1gdrd03._.js:1945
[ 6778936ms] [ERROR] ./src/app/page.tsx:76:15
Expected '</', got 'jsx text'
  74 |             </div>
  75 |           </div>
> 76 |         </div>
     |               ^^^^^^^^^^^^^^^^^^^^^^^^^^^^^^^^^^^^^^^^^^^^^^^^^^^^^^^^^^^^^^^^^^^^^^^^^^^^^^^^^^^^^^^^^^^^^^^^^^^^^^^^^^^^^^^^^^^^^^^^^^^^^^^^^^^^^^^^^^^^^^^^^^^^^^^^^^^^^^^^^
> 77 |       </section>
     | ^^^^^^
  78 |
  79 |       {/* Story & Tips Section */}
  80 |       <section className="bg-surface-alt py-20 px-6 md:px-12 w-full mt-12 relative overflow-hidden">

Parsing ecmascript source code failed @ http://localhost:3000/_next/static/chunks/node_modules_next_dist_1gdrd03._.js:1945
[ 6778999ms] [ERROR] ./src/app/page.tsx:76:15
Expected '</', got 'jsx text'
  74 |             </div>
  75 |           </div>
> 76 |         </div>
     |               ^^^^^^^^^^^^^^^^^^^^^^^^^^^^^^^^^^^^^^^^^^^^^^^^^^^^^^^^^^^^^^^^^^^^^^^^^^^^^^^^^^^^^^^^^^^^^^^^^^^^^^^^^^^^^^^^^^^^^^^^^^^^^^^^^^^^^^^^^^^^^^^^^^^^^^^^^^^^^^^^^
> 77 |       </section>
     | ^^^^^^
  78 |
  79 |       {/* Story & Tips Section */}
  80 |       <section className="bg-surface-alt py-20 px-6 md:px-12 w-full mt-12 relative overflow-hidden">

Parsing ecmascript source code failed @ http://localhost:3000/_next/static/chunks/node_modules_next_dist_1gdrd03._.js:1945
[ 6779059ms] [ERROR] ./src/app/page.tsx:76:15
Expected '</', got 'jsx text'
  74 |             </div>
  75 |           </div>
> 76 |         </div>
     |               ^^^^^^^^^^^^^^^^^^^^^^^^^^^^^^^^^^^^^^^^^^^^^^^^^^^^^^^^^^^^^^^^^^^^^^^^^^^^^^^^^^^^^^^^^^^^^^^^^^^^^^^^^^^^^^^^^^^^^^^^^^^^^^^^^^^^^^^^^^^^^^^^^^^^^^^^^^^^^^^^^
> 77 |       </section>
     | ^^^^^^
  78 |
  79 |       {/* Story & Tips Section */}
  80 |       <section className="bg-surface-alt py-20 px-6 md:px-12 w-full mt-12 relative overflow-hidden">

Parsing ecmascript source code failed @ http://localhost:3000/_next/static/chunks/node_modules_next_dist_1gdrd03._.js:1945
[ 6779120ms] [ERROR] ./src/app/page.tsx:76:15
Expected '</', got 'jsx text'
  74 |             </div>
  75 |           </div>
> 76 |         </div>
     |               ^^^^^^^^^^^^^^^^^^^^^^^^^^^^^^^^^^^^^^^^^^^^^^^^^^^^^^^^^^^^^^^^^^^^^^^^^^^^^^^^^^^^^^^^^^^^^^^^^^^^^^^^^^^^^^^^^^^^^^^^^^^^^^^^^^^^^^^^^^^^^^^^^^^^^^^^^^^^^^^^^
> 77 |       </section>
     | ^^^^^^
  78 |
  79 |       {/* Story & Tips Section */}
  80 |       <section className="bg-surface-alt py-20 px-6 md:px-12 w-full mt-12 relative overflow-hidden">

Parsing ecmascript source code failed @ http://localhost:3000/_next/static/chunks/node_modules_next_dist_1gdrd03._.js:1945
[ 6779182ms] [ERROR] ./src/app/page.tsx:76:15
Expected '</', got 'jsx text'
  74 |             </div>
  75 |           </div>
> 76 |         </div>
     |               ^^^^^^^^^^^^^^^^^^^^^^^^^^^^^^^^^^^^^^^^^^^^^^^^^^^^^^^^^^^^^^^^^^^^^^^^^^^^^^^^^^^^^^^^^^^^^^^^^^^^^^^^^^^^^^^^^^^^^^^^^^^^^^^^^^^^^^^^^^^^^^^^^^^^^^^^^^^^^^^^^
> 77 |       </section>
     | ^^^^^^
  78 |
  79 |       {/* Story & Tips Section */}
  80 |       <section className="bg-surface-alt py-20 px-6 md:px-12 w-full mt-12 relative overflow-hidden">

Parsing ecmascript source code failed @ http://localhost:3000/_next/static/chunks/node_modules_next_dist_1gdrd03._.js:1945
[ 6779243ms] [ERROR] ./src/app/page.tsx:76:15
Expected '</', got 'jsx text'
  74 |             </div>
  75 |           </div>
> 76 |         </div>
     |               ^^^^^^^^^^^^^^^^^^^^^^^^^^^^^^^^^^^^^^^^^^^^^^^^^^^^^^^^^^^^^^^^^^^^^^^^^^^^^^^^^^^^^^^^^^^^^^^^^^^^^^^^^^^^^^^^^^^^^^^^^^^^^^^^^^^^^^^^^^^^^^^^^^^^^^^^^^^^^^^^^
> 77 |       </section>
     | ^^^^^^
  78 |
  79 |       {/* Story & Tips Section */}
  80 |       <section className="bg-surface-alt py-20 px-6 md:px-12 w-full mt-12 relative overflow-hidden">

Parsing ecmascript source code failed @ http://localhost:3000/_next/static/chunks/node_modules_next_dist_1gdrd03._.js:1945
[ 6779303ms] [ERROR] ./src/app/page.tsx:76:15
Expected '</', got 'jsx text'
  74 |             </div>
  75 |           </div>
> 76 |         </div>
     |               ^^^^^^^^^^^^^^^^^^^^^^^^^^^^^^^^^^^^^^^^^^^^^^^^^^^^^^^^^^^^^^^^^^^^^^^^^^^^^^^^^^^^^^^^^^^^^^^^^^^^^^^^^^^^^^^^^^^^^^^^^^^^^^^^^^^^^^^^^^^^^^^^^^^^^^^^^^^^^^^^^
> 77 |       </section>
     | ^^^^^^
  78 |
  79 |       {/* Story & Tips Section */}
  80 |       <section className="bg-surface-alt py-20 px-6 md:px-12 w-full mt-12 relative overflow-hidden">

Parsing ecmascript source code failed @ http://localhost:3000/_next/static/chunks/node_modules_next_dist_1gdrd03._.js:1945
[ 6779365ms] [ERROR] ./src/app/page.tsx:76:15
Expected '</', got 'jsx text'
  74 |             </div>
  75 |           </div>
> 76 |         </div>
     |               ^^^^^^^^^^^^^^^^^^^^^^^^^^^^^^^^^^^^^^^^^^^^^^^^^^^^^^^^^^^^^^^^^^^^^^^^^^^^^^^^^^^^^^^^^^^^^^^^^^^^^^^^^^^^^^^^^^^^^^^^^^^^^^^^^^^^^^^^^^^^^^^^^^^^^^^^^^^^^^^^^
> 77 |       </section>
     | ^^^^^^
  78 |
  79 |       {/* Story & Tips Section */}
  80 |       <section className="bg-surface-alt py-20 px-6 md:px-12 w-full mt-12 relative overflow-hidden">

Parsing ecmascript source code failed @ http://localhost:3000/_next/static/chunks/node_modules_next_dist_1gdrd03._.js:1945
[ 6779427ms] [ERROR] ./src/app/page.tsx:76:15
Expected '</', got 'jsx text'
  74 |             </div>
  75 |           </div>
> 76 |         </div>
     |               ^^^^^^^^^^^^^^^^^^^^^^^^^^^^^^^^^^^^^^^^^^^^^^^^^^^^^^^^^^^^^^^^^^^^^^^^^^^^^^^^^^^^^^^^^^^^^^^^^^^^^^^^^^^^^^^^^^^^^^^^^^^^^^^^^^^^^^^^^^^^^^^^^^^^^^^^^^^^^^^^^
> 77 |       </section>
     | ^^^^^^
  78 |
  79 |       {/* Story & Tips Section */}
  80 |       <section className="bg-surface-alt py-20 px-6 md:px-12 w-full mt-12 relative overflow-hidden">

Parsing ecmascript source code failed @ http://localhost:3000/_next/static/chunks/node_modules_next_dist_1gdrd03._.js:1945
[ 6779503ms] [ERROR] ./src/app/page.tsx:76:15
Expected '</', got 'jsx text'
  74 |             </div>
  75 |           </div>
> 76 |         </div>
     |               ^^^^^^^^^^^^^^^^^^^^^^^^^^^^^^^^^^^^^^^^^^^^^^^^^^^^^^^^^^^^^^^^^^^^^^^^^^^^^^^^^^^^^^^^^^^^^^^^^^^^^^^^^^^^^^^^^^^^^^^^^^^^^^^^^^^^^^^^^^^^^^^^^^^^^^^^^^^^^^^^^
> 77 |       </section>
     | ^^^^^^
  78 |
  79 |       {/* Story & Tips Section */}
  80 |       <section className="bg-surface-alt py-20 px-6 md:px-12 w-full mt-12 relative overflow-hidden">

Parsing ecmascript source code failed @ http://localhost:3000/_next/static/chunks/node_modules_next_dist_1gdrd03._.js:1945
[ 6779566ms] [ERROR] ./src/app/page.tsx:76:15
Expected '</', got 'jsx text'
  74 |             </div>
  75 |           </div>
> 76 |         </div>
     |               ^^^^^^^^^^^^^^^^^^^^^^^^^^^^^^^^^^^^^^^^^^^^^^^^^^^^^^^^^^^^^^^^^^^^^^^^^^^^^^^^^^^^^^^^^^^^^^^^^^^^^^^^^^^^^^^^^^^^^^^^^^^^^^^^^^^^^^^^^^^^^^^^^^^^^^^^^^^^^^^^^
> 77 |       </section>
     | ^^^^^^
  78 |
  79 |       {/* Story & Tips Section */}
  80 |       <section className="bg-surface-alt py-20 px-6 md:px-12 w-full mt-12 relative overflow-hidden">

Parsing ecmascript source code failed @ http://localhost:3000/_next/static/chunks/node_modules_next_dist_1gdrd03._.js:1945
[ 6779638ms] [ERROR] ./src/app/page.tsx:76:15
Expected '</', got 'jsx text'
  74 |             </div>
  75 |           </div>
> 76 |         </div>
     |               ^^^^^^^^^^^^^^^^^^^^^^^^^^^^^^^^^^^^^^^^^^^^^^^^^^^^^^^^^^^^^^^^^^^^^^^^^^^^^^^^^^^^^^^^^^^^^^^^^^^^^^^^^^^^^^^^^^^^^^^^^^^^^^^^^^^^^^^^^^^^^^^^^^^^^^^^^^^^^^^^^
> 77 |       </section>
     | ^^^^^^
  78 |
  79 |       {/* Story & Tips Section */}
  80 |       <section className="bg-surface-alt py-20 px-6 md:px-12 w-full mt-12 relative overflow-hidden">

Parsing ecmascript source code failed @ http://localhost:3000/_next/static/chunks/node_modules_next_dist_1gdrd03._.js:1945
[ 6779691ms] [ERROR] ./src/app/page.tsx:76:15
Expected '</', got 'jsx text'
  74 |             </div>
  75 |           </div>
> 76 |         </div>
     |               ^^^^^^^^^^^^^^^^^^^^^^^^^^^^^^^^^^^^^^^^^^^^^^^^^^^^^^^^^^^^^^^^^^^^^^^^^^^^^^^^^^^^^^^^^^^^^^^^^^^^^^^^^^^^^^^^^^^^^^^^^^^^^^^^^^^^^^^^^^^^^^^^^^^^^^^^^^^^^^^^^
> 77 |       </section>
     | ^^^^^^
  78 |
  79 |       {/* Story & Tips Section */}
  80 |       <section className="bg-surface-alt py-20 px-6 md:px-12 w-full mt-12 relative overflow-hidden">

Parsing ecmascript source code failed @ http://localhost:3000/_next/static/chunks/node_modules_next_dist_1gdrd03._.js:1945
[ 6779755ms] [ERROR] ./src/app/page.tsx:76:15
Expected '</', got 'jsx text'
  74 |             </div>
  75 |           </div>
> 76 |         </div>
     |               ^^^^^^^^^^^^^^^^^^^^^^^^^^^^^^^^^^^^^^^^^^^^^^^^^^^^^^^^^^^^^^^^^^^^^^^^^^^^^^^^^^^^^^^^^^^^^^^^^^^^^^^^^^^^^^^^^^^^^^^^^^^^^^^^^^^^^^^^^^^^^^^^^^^^^^^^^^^^^^^^^
> 77 |       </section>
     | ^^^^^^
  78 |
  79 |       {/* Story & Tips Section */}
  80 |       <section className="bg-surface-alt py-20 px-6 md:px-12 w-full mt-12 relative overflow-hidden">

Parsing ecmascript source code failed @ http://localhost:3000/_next/static/chunks/node_modules_next_dist_1gdrd03._.js:1945
[ 6779815ms] [ERROR] ./src/app/page.tsx:76:15
Expected '</', got 'jsx text'
  74 |             </div>
  75 |           </div>
> 76 |         </div>
     |               ^^^^^^^^^^^^^^^^^^^^^^^^^^^^^^^^^^^^^^^^^^^^^^^^^^^^^^^^^^^^^^^^^^^^^^^^^^^^^^^^^^^^^^^^^^^^^^^^^^^^^^^^^^^^^^^^^^^^^^^^^^^^^^^^^^^^^^^^^^^^^^^^^^^^^^^^^^^^^^^^^
> 77 |       </section>
     | ^^^^^^
  78 |
  79 |       {/* Story & Tips Section */}
  80 |       <section className="bg-surface-alt py-20 px-6 md:px-12 w-full mt-12 relative overflow-hidden">

Parsing ecmascript source code failed @ http://localhost:3000/_next/static/chunks/node_modules_next_dist_1gdrd03._.js:1945
[ 6779875ms] [ERROR] ./src/app/page.tsx:76:15
Expected '</', got 'jsx text'
  74 |             </div>
  75 |           </div>
> 76 |         </div>
     |               ^^^^^^^^^^^^^^^^^^^^^^^^^^^^^^^^^^^^^^^^^^^^^^^^^^^^^^^^^^^^^^^^^^^^^^^^^^^^^^^^^^^^^^^^^^^^^^^^^^^^^^^^^^^^^^^^^^^^^^^^^^^^^^^^^^^^^^^^^^^^^^^^^^^^^^^^^^^^^^^^^
> 77 |       </section>
     | ^^^^^^
  78 |
  79 |       {/* Story & Tips Section */}
  80 |       <section className="bg-surface-alt py-20 px-6 md:px-12 w-full mt-12 relative overflow-hidden">

Parsing ecmascript source code failed @ http://localhost:3000/_next/static/chunks/node_modules_next_dist_1gdrd03._.js:1945
[ 6779938ms] [ERROR] ./src/app/page.tsx:76:15
Expected '</', got 'jsx text'
  74 |             </div>
  75 |           </div>
> 76 |         </div>
     |               ^^^^^^^^^^^^^^^^^^^^^^^^^^^^^^^^^^^^^^^^^^^^^^^^^^^^^^^^^^^^^^^^^^^^^^^^^^^^^^^^^^^^^^^^^^^^^^^^^^^^^^^^^^^^^^^^^^^^^^^^^^^^^^^^^^^^^^^^^^^^^^^^^^^^^^^^^^^^^^^^^
> 77 |       </section>
     | ^^^^^^
  78 |
  79 |       {/* Story & Tips Section */}
  80 |       <section className="bg-surface-alt py-20 px-6 md:px-12 w-full mt-12 relative overflow-hidden">

Parsing ecmascript source code failed @ http://localhost:3000/_next/static/chunks/node_modules_next_dist_1gdrd03._.js:1945
[ 6779999ms] [ERROR] ./src/app/page.tsx:76:15
Expected '</', got 'jsx text'
  74 |             </div>
  75 |           </div>
> 76 |         </div>
     |               ^^^^^^^^^^^^^^^^^^^^^^^^^^^^^^^^^^^^^^^^^^^^^^^^^^^^^^^^^^^^^^^^^^^^^^^^^^^^^^^^^^^^^^^^^^^^^^^^^^^^^^^^^^^^^^^^^^^^^^^^^^^^^^^^^^^^^^^^^^^^^^^^^^^^^^^^^^^^^^^^^
> 77 |       </section>
     | ^^^^^^
  78 |
  79 |       {/* Story & Tips Section */}
  80 |       <section className="bg-surface-alt py-20 px-6 md:px-12 w-full mt-12 relative overflow-hidden">

Parsing ecmascript source code failed @ http://localhost:3000/_next/static/chunks/node_modules_next_dist_1gdrd03._.js:1945
[ 6780064ms] [ERROR] ./src/app/page.tsx:76:15
Expected '</', got 'jsx text'
  74 |             </div>
  75 |           </div>
> 76 |         </div>
     |               ^^^^^^^^^^^^^^^^^^^^^^^^^^^^^^^^^^^^^^^^^^^^^^^^^^^^^^^^^^^^^^^^^^^^^^^^^^^^^^^^^^^^^^^^^^^^^^^^^^^^^^^^^^^^^^^^^^^^^^^^^^^^^^^^^^^^^^^^^^^^^^^^^^^^^^^^^^^^^^^^^
> 77 |       </section>
     | ^^^^^^
  78 |
  79 |       {/* Story & Tips Section */}
  80 |       <section className="bg-surface-alt py-20 px-6 md:px-12 w-full mt-12 relative overflow-hidden">

Parsing ecmascript source code failed @ http://localhost:3000/_next/static/chunks/node_modules_next_dist_1gdrd03._.js:1945
[ 6780124ms] [ERROR] ./src/app/page.tsx:76:15
Expected '</', got 'jsx text'
  74 |             </div>
  75 |           </div>
> 76 |         </div>
     |               ^^^^^^^^^^^^^^^^^^^^^^^^^^^^^^^^^^^^^^^^^^^^^^^^^^^^^^^^^^^^^^^^^^^^^^^^^^^^^^^^^^^^^^^^^^^^^^^^^^^^^^^^^^^^^^^^^^^^^^^^^^^^^^^^^^^^^^^^^^^^^^^^^^^^^^^^^^^^^^^^^
> 77 |       </section>
     | ^^^^^^
  78 |
  79 |       {/* Story & Tips Section */}
  80 |       <section className="bg-surface-alt py-20 px-6 md:px-12 w-full mt-12 relative overflow-hidden">

Parsing ecmascript source code failed @ http://localhost:3000/_next/static/chunks/node_modules_next_dist_1gdrd03._.js:1945
[ 6780188ms] [ERROR] ./src/app/page.tsx:76:15
Expected '</', got 'jsx text'
  74 |             </div>
  75 |           </div>
> 76 |         </div>
     |               ^^^^^^^^^^^^^^^^^^^^^^^^^^^^^^^^^^^^^^^^^^^^^^^^^^^^^^^^^^^^^^^^^^^^^^^^^^^^^^^^^^^^^^^^^^^^^^^^^^^^^^^^^^^^^^^^^^^^^^^^^^^^^^^^^^^^^^^^^^^^^^^^^^^^^^^^^^^^^^^^^
> 77 |       </section>
     | ^^^^^^
  78 |
  79 |       {/* Story & Tips Section */}
  80 |       <section className="bg-surface-alt py-20 px-6 md:px-12 w-full mt-12 relative overflow-hidden">

Parsing ecmascript source code failed @ http://localhost:3000/_next/static/chunks/node_modules_next_dist_1gdrd03._.js:1945
[ 6780249ms] [ERROR] ./src/app/page.tsx:76:15
Expected '</', got 'jsx text'
  74 |             </div>
  75 |           </div>
> 76 |         </div>
     |               ^^^^^^^^^^^^^^^^^^^^^^^^^^^^^^^^^^^^^^^^^^^^^^^^^^^^^^^^^^^^^^^^^^^^^^^^^^^^^^^^^^^^^^^^^^^^^^^^^^^^^^^^^^^^^^^^^^^^^^^^^^^^^^^^^^^^^^^^^^^^^^^^^^^^^^^^^^^^^^^^^
> 77 |       </section>
     | ^^^^^^
  78 |
  79 |       {/* Story & Tips Section */}
  80 |       <section className="bg-surface-alt py-20 px-6 md:px-12 w-full mt-12 relative overflow-hidden">

Parsing ecmascript source code failed @ http://localhost:3000/_next/static/chunks/node_modules_next_dist_1gdrd03._.js:1945
[ 6780312ms] [ERROR] ./src/app/page.tsx:76:15
Expected '</', got 'jsx text'
  74 |             </div>
  75 |           </div>
> 76 |         </div>
     |               ^^^^^^^^^^^^^^^^^^^^^^^^^^^^^^^^^^^^^^^^^^^^^^^^^^^^^^^^^^^^^^^^^^^^^^^^^^^^^^^^^^^^^^^^^^^^^^^^^^^^^^^^^^^^^^^^^^^^^^^^^^^^^^^^^^^^^^^^^^^^^^^^^^^^^^^^^^^^^^^^^
> 77 |       </section>
     | ^^^^^^
  78 |
  79 |       {/* Story & Tips Section */}
  80 |       <section className="bg-surface-alt py-20 px-6 md:px-12 w-full mt-12 relative overflow-hidden">

Parsing ecmascript source code failed @ http://localhost:3000/_next/static/chunks/node_modules_next_dist_1gdrd03._.js:1945
[ 6780373ms] [ERROR] ./src/app/page.tsx:76:15
Expected '</', got 'jsx text'
  74 |             </div>
  75 |           </div>
> 76 |         </div>
     |               ^^^^^^^^^^^^^^^^^^^^^^^^^^^^^^^^^^^^^^^^^^^^^^^^^^^^^^^^^^^^^^^^^^^^^^^^^^^^^^^^^^^^^^^^^^^^^^^^^^^^^^^^^^^^^^^^^^^^^^^^^^^^^^^^^^^^^^^^^^^^^^^^^^^^^^^^^^^^^^^^^
> 77 |       </section>
     | ^^^^^^
  78 |
  79 |       {/* Story & Tips Section */}
  80 |       <section className="bg-surface-alt py-20 px-6 md:px-12 w-full mt-12 relative overflow-hidden">

Parsing ecmascript source code failed @ http://localhost:3000/_next/static/chunks/node_modules_next_dist_1gdrd03._.js:1945
[ 6780436ms] [ERROR] ./src/app/page.tsx:76:15
Expected '</', got 'jsx text'
  74 |             </div>
  75 |           </div>
> 76 |         </div>
     |               ^^^^^^^^^^^^^^^^^^^^^^^^^^^^^^^^^^^^^^^^^^^^^^^^^^^^^^^^^^^^^^^^^^^^^^^^^^^^^^^^^^^^^^^^^^^^^^^^^^^^^^^^^^^^^^^^^^^^^^^^^^^^^^^^^^^^^^^^^^^^^^^^^^^^^^^^^^^^^^^^^
> 77 |       </section>
     | ^^^^^^
  78 |
  79 |       {/* Story & Tips Section */}
  80 |       <section className="bg-surface-alt py-20 px-6 md:px-12 w-full mt-12 relative overflow-hidden">

Parsing ecmascript source code failed @ http://localhost:3000/_next/static/chunks/node_modules_next_dist_1gdrd03._.js:1945
[ 6780514ms] [ERROR] ./src/app/page.tsx:76:15
Expected '</', got 'jsx text'
  74 |             </div>
  75 |           </div>
> 76 |         </div>
     |               ^^^^^^^^^^^^^^^^^^^^^^^^^^^^^^^^^^^^^^^^^^^^^^^^^^^^^^^^^^^^^^^^^^^^^^^^^^^^^^^^^^^^^^^^^^^^^^^^^^^^^^^^^^^^^^^^^^^^^^^^^^^^^^^^^^^^^^^^^^^^^^^^^^^^^^^^^^^^^^^^^
> 77 |       </section>
     | ^^^^^^
  78 |
  79 |       {/* Story & Tips Section */}
  80 |       <section className="bg-surface-alt py-20 px-6 md:px-12 w-full mt-12 relative overflow-hidden">

Parsing ecmascript source code failed @ http://localhost:3000/_next/static/chunks/node_modules_next_dist_1gdrd03._.js:1945
[ 6780577ms] [ERROR] ./src/app/page.tsx:76:15
Expected '</', got 'jsx text'
  74 |             </div>
  75 |           </div>
> 76 |         </div>
     |               ^^^^^^^^^^^^^^^^^^^^^^^^^^^^^^^^^^^^^^^^^^^^^^^^^^^^^^^^^^^^^^^^^^^^^^^^^^^^^^^^^^^^^^^^^^^^^^^^^^^^^^^^^^^^^^^^^^^^^^^^^^^^^^^^^^^^^^^^^^^^^^^^^^^^^^^^^^^^^^^^^
> 77 |       </section>
     | ^^^^^^
  78 |
  79 |       {/* Story & Tips Section */}
  80 |       <section className="bg-surface-alt py-20 px-6 md:px-12 w-full mt-12 relative overflow-hidden">

Parsing ecmascript source code failed @ http://localhost:3000/_next/static/chunks/node_modules_next_dist_1gdrd03._.js:1945
[ 6780639ms] [ERROR] ./src/app/page.tsx:76:15
Expected '</', got 'jsx text'
  74 |             </div>
  75 |           </div>
> 76 |         </div>
     |               ^^^^^^^^^^^^^^^^^^^^^^^^^^^^^^^^^^^^^^^^^^^^^^^^^^^^^^^^^^^^^^^^^^^^^^^^^^^^^^^^^^^^^^^^^^^^^^^^^^^^^^^^^^^^^^^^^^^^^^^^^^^^^^^^^^^^^^^^^^^^^^^^^^^^^^^^^^^^^^^^^
> 77 |       </section>
     | ^^^^^^
  78 |
  79 |       {/* Story & Tips Section */}
  80 |       <section className="bg-surface-alt py-20 px-6 md:px-12 w-full mt-12 relative overflow-hidden">

Parsing ecmascript source code failed @ http://localhost:3000/_next/static/chunks/node_modules_next_dist_1gdrd03._.js:1945
[ 6780702ms] [ERROR] ./src/app/page.tsx:76:15
Expected '</', got 'jsx text'
  74 |             </div>
  75 |           </div>
> 76 |         </div>
     |               ^^^^^^^^^^^^^^^^^^^^^^^^^^^^^^^^^^^^^^^^^^^^^^^^^^^^^^^^^^^^^^^^^^^^^^^^^^^^^^^^^^^^^^^^^^^^^^^^^^^^^^^^^^^^^^^^^^^^^^^^^^^^^^^^^^^^^^^^^^^^^^^^^^^^^^^^^^^^^^^^^
> 77 |       </section>
     | ^^^^^^
  78 |
  79 |       {/* Story & Tips Section */}
  80 |       <section className="bg-surface-alt py-20 px-6 md:px-12 w-full mt-12 relative overflow-hidden">

Parsing ecmascript source code failed @ http://localhost:3000/_next/static/chunks/node_modules_next_dist_1gdrd03._.js:1945
[ 6780766ms] [ERROR] ./src/app/page.tsx:76:15
Expected '</', got 'jsx text'
  74 |             </div>
  75 |           </div>
> 76 |         </div>
     |               ^^^^^^^^^^^^^^^^^^^^^^^^^^^^^^^^^^^^^^^^^^^^^^^^^^^^^^^^^^^^^^^^^^^^^^^^^^^^^^^^^^^^^^^^^^^^^^^^^^^^^^^^^^^^^^^^^^^^^^^^^^^^^^^^^^^^^^^^^^^^^^^^^^^^^^^^^^^^^^^^^
> 77 |       </section>
     | ^^^^^^
  78 |
  79 |       {/* Story & Tips Section */}
  80 |       <section className="bg-surface-alt py-20 px-6 md:px-12 w-full mt-12 relative overflow-hidden">

Parsing ecmascript source code failed @ http://localhost:3000/_next/static/chunks/node_modules_next_dist_1gdrd03._.js:1945
[ 6780828ms] [ERROR] ./src/app/page.tsx:76:15
Expected '</', got 'jsx text'
  74 |             </div>
  75 |           </div>
> 76 |         </div>
     |               ^^^^^^^^^^^^^^^^^^^^^^^^^^^^^^^^^^^^^^^^^^^^^^^^^^^^^^^^^^^^^^^^^^^^^^^^^^^^^^^^^^^^^^^^^^^^^^^^^^^^^^^^^^^^^^^^^^^^^^^^^^^^^^^^^^^^^^^^^^^^^^^^^^^^^^^^^^^^^^^^^
> 77 |       </section>
     | ^^^^^^
  78 |
  79 |       {/* Story & Tips Section */}
  80 |       <section className="bg-surface-alt py-20 px-6 md:px-12 w-full mt-12 relative overflow-hidden">

Parsing ecmascript source code failed @ http://localhost:3000/_next/static/chunks/node_modules_next_dist_1gdrd03._.js:1945
[ 6780888ms] [ERROR] ./src/app/page.tsx:76:15
Expected '</', got 'jsx text'
  74 |             </div>
  75 |           </div>
> 76 |         </div>
     |               ^^^^^^^^^^^^^^^^^^^^^^^^^^^^^^^^^^^^^^^^^^^^^^^^^^^^^^^^^^^^^^^^^^^^^^^^^^^^^^^^^^^^^^^^^^^^^^^^^^^^^^^^^^^^^^^^^^^^^^^^^^^^^^^^^^^^^^^^^^^^^^^^^^^^^^^^^^^^^^^^^
> 77 |       </section>
     | ^^^^^^
  78 |
  79 |       {/* Story & Tips Section */}
  80 |       <section className="bg-surface-alt py-20 px-6 md:px-12 w-full mt-12 relative overflow-hidden">

Parsing ecmascript source code failed @ http://localhost:3000/_next/static/chunks/node_modules_next_dist_1gdrd03._.js:1945
[ 6780951ms] [ERROR] ./src/app/page.tsx:76:15
Expected '</', got 'jsx text'
  74 |             </div>
  75 |           </div>
> 76 |         </div>
     |               ^^^^^^^^^^^^^^^^^^^^^^^^^^^^^^^^^^^^^^^^^^^^^^^^^^^^^^^^^^^^^^^^^^^^^^^^^^^^^^^^^^^^^^^^^^^^^^^^^^^^^^^^^^^^^^^^^^^^^^^^^^^^^^^^^^^^^^^^^^^^^^^^^^^^^^^^^^^^^^^^^
> 77 |       </section>
     | ^^^^^^
  78 |
  79 |       {/* Story & Tips Section */}
  80 |       <section className="bg-surface-alt py-20 px-6 md:px-12 w-full mt-12 relative overflow-hidden">

Parsing ecmascript source code failed @ http://localhost:3000/_next/static/chunks/node_modules_next_dist_1gdrd03._.js:1945
[ 6781014ms] [ERROR] ./src/app/page.tsx:76:15
Expected '</', got 'jsx text'
  74 |             </div>
  75 |           </div>
> 76 |         </div>
     |               ^^^^^^^^^^^^^^^^^^^^^^^^^^^^^^^^^^^^^^^^^^^^^^^^^^^^^^^^^^^^^^^^^^^^^^^^^^^^^^^^^^^^^^^^^^^^^^^^^^^^^^^^^^^^^^^^^^^^^^^^^^^^^^^^^^^^^^^^^^^^^^^^^^^^^^^^^^^^^^^^^
> 77 |       </section>
     | ^^^^^^
  78 |
  79 |       {/* Story & Tips Section */}
  80 |       <section className="bg-surface-alt py-20 px-6 md:px-12 w-full mt-12 relative overflow-hidden">

Parsing ecmascript source code failed @ http://localhost:3000/_next/static/chunks/node_modules_next_dist_1gdrd03._.js:1945
[ 6781075ms] [ERROR] ./src/app/page.tsx:76:15
Expected '</', got 'jsx text'
  74 |             </div>
  75 |           </div>
> 76 |         </div>
     |               ^^^^^^^^^^^^^^^^^^^^^^^^^^^^^^^^^^^^^^^^^^^^^^^^^^^^^^^^^^^^^^^^^^^^^^^^^^^^^^^^^^^^^^^^^^^^^^^^^^^^^^^^^^^^^^^^^^^^^^^^^^^^^^^^^^^^^^^^^^^^^^^^^^^^^^^^^^^^^^^^^
> 77 |       </section>
     | ^^^^^^
  78 |
  79 |       {/* Story & Tips Section */}
  80 |       <section className="bg-surface-alt py-20 px-6 md:px-12 w-full mt-12 relative overflow-hidden">

Parsing ecmascript source code failed @ http://localhost:3000/_next/static/chunks/node_modules_next_dist_1gdrd03._.js:1945
[ 6781137ms] [ERROR] ./src/app/page.tsx:76:15
Expected '</', got 'jsx text'
  74 |             </div>
  75 |           </div>
> 76 |         </div>
     |               ^^^^^^^^^^^^^^^^^^^^^^^^^^^^^^^^^^^^^^^^^^^^^^^^^^^^^^^^^^^^^^^^^^^^^^^^^^^^^^^^^^^^^^^^^^^^^^^^^^^^^^^^^^^^^^^^^^^^^^^^^^^^^^^^^^^^^^^^^^^^^^^^^^^^^^^^^^^^^^^^^
> 77 |       </section>
     | ^^^^^^
  78 |
  79 |       {/* Story & Tips Section */}
  80 |       <section className="bg-surface-alt py-20 px-6 md:px-12 w-full mt-12 relative overflow-hidden">

Parsing ecmascript source code failed @ http://localhost:3000/_next/static/chunks/node_modules_next_dist_1gdrd03._.js:1945
[ 6781198ms] [ERROR] ./src/app/page.tsx:76:15
Expected '</', got 'jsx text'
  74 |             </div>
  75 |           </div>
> 76 |         </div>
     |               ^^^^^^^^^^^^^^^^^^^^^^^^^^^^^^^^^^^^^^^^^^^^^^^^^^^^^^^^^^^^^^^^^^^^^^^^^^^^^^^^^^^^^^^^^^^^^^^^^^^^^^^^^^^^^^^^^^^^^^^^^^^^^^^^^^^^^^^^^^^^^^^^^^^^^^^^^^^^^^^^^
> 77 |       </section>
     | ^^^^^^
  78 |
  79 |       {/* Story & Tips Section */}
  80 |       <section className="bg-surface-alt py-20 px-6 md:px-12 w-full mt-12 relative overflow-hidden">

Parsing ecmascript source code failed @ http://localhost:3000/_next/static/chunks/node_modules_next_dist_1gdrd03._.js:1945
[ 6781262ms] [ERROR] ./src/app/page.tsx:76:15
Expected '</', got 'jsx text'
  74 |             </div>
  75 |           </div>
> 76 |         </div>
     |               ^^^^^^^^^^^^^^^^^^^^^^^^^^^^^^^^^^^^^^^^^^^^^^^^^^^^^^^^^^^^^^^^^^^^^^^^^^^^^^^^^^^^^^^^^^^^^^^^^^^^^^^^^^^^^^^^^^^^^^^^^^^^^^^^^^^^^^^^^^^^^^^^^^^^^^^^^^^^^^^^^
> 77 |       </section>
     | ^^^^^^
  78 |
  79 |       {/* Story & Tips Section */}
  80 |       <section className="bg-surface-alt py-20 px-6 md:px-12 w-full mt-12 relative overflow-hidden">

Parsing ecmascript source code failed @ http://localhost:3000/_next/static/chunks/node_modules_next_dist_1gdrd03._.js:1945
[ 6781324ms] [ERROR] ./src/app/page.tsx:76:15
Expected '</', got 'jsx text'
  74 |             </div>
  75 |           </div>
> 76 |         </div>
     |               ^^^^^^^^^^^^^^^^^^^^^^^^^^^^^^^^^^^^^^^^^^^^^^^^^^^^^^^^^^^^^^^^^^^^^^^^^^^^^^^^^^^^^^^^^^^^^^^^^^^^^^^^^^^^^^^^^^^^^^^^^^^^^^^^^^^^^^^^^^^^^^^^^^^^^^^^^^^^^^^^^
> 77 |       </section>
     | ^^^^^^
  78 |
  79 |       {/* Story & Tips Section */}
  80 |       <section className="bg-surface-alt py-20 px-6 md:px-12 w-full mt-12 relative overflow-hidden">

Parsing ecmascript source code failed @ http://localhost:3000/_next/static/chunks/node_modules_next_dist_1gdrd03._.js:1945
[ 6781387ms] [ERROR] ./src/app/page.tsx:76:15
Expected '</', got 'jsx text'
  74 |             </div>
  75 |           </div>
> 76 |         </div>
     |               ^^^^^^^^^^^^^^^^^^^^^^^^^^^^^^^^^^^^^^^^^^^^^^^^^^^^^^^^^^^^^^^^^^^^^^^^^^^^^^^^^^^^^^^^^^^^^^^^^^^^^^^^^^^^^^^^^^^^^^^^^^^^^^^^^^^^^^^^^^^^^^^^^^^^^^^^^^^^^^^^^
> 77 |       </section>
     | ^^^^^^
  78 |
  79 |       {/* Story & Tips Section */}
  80 |       <section className="bg-surface-alt py-20 px-6 md:px-12 w-full mt-12 relative overflow-hidden">

Parsing ecmascript source code failed @ http://localhost:3000/_next/static/chunks/node_modules_next_dist_1gdrd03._.js:1945
[ 6781450ms] [ERROR] ./src/app/page.tsx:76:15
Expected '</', got 'jsx text'
  74 |             </div>
  75 |           </div>
> 76 |         </div>
     |               ^^^^^^^^^^^^^^^^^^^^^^^^^^^^^^^^^^^^^^^^^^^^^^^^^^^^^^^^^^^^^^^^^^^^^^^^^^^^^^^^^^^^^^^^^^^^^^^^^^^^^^^^^^^^^^^^^^^^^^^^^^^^^^^^^^^^^^^^^^^^^^^^^^^^^^^^^^^^^^^^^
> 77 |       </section>
     | ^^^^^^
  78 |
  79 |       {/* Story & Tips Section */}
  80 |       <section className="bg-surface-alt py-20 px-6 md:px-12 w-full mt-12 relative overflow-hidden">

Parsing ecmascript source code failed @ http://localhost:3000/_next/static/chunks/node_modules_next_dist_1gdrd03._.js:1945
[ 6781511ms] [ERROR] ./src/app/page.tsx:76:15
Expected '</', got 'jsx text'
  74 |             </div>
  75 |           </div>
> 76 |         </div>
     |               ^^^^^^^^^^^^^^^^^^^^^^^^^^^^^^^^^^^^^^^^^^^^^^^^^^^^^^^^^^^^^^^^^^^^^^^^^^^^^^^^^^^^^^^^^^^^^^^^^^^^^^^^^^^^^^^^^^^^^^^^^^^^^^^^^^^^^^^^^^^^^^^^^^^^^^^^^^^^^^^^^
> 77 |       </section>
     | ^^^^^^
  78 |
  79 |       {/* Story & Tips Section */}
  80 |       <section className="bg-surface-alt py-20 px-6 md:px-12 w-full mt-12 relative overflow-hidden">

Parsing ecmascript source code failed @ http://localhost:3000/_next/static/chunks/node_modules_next_dist_1gdrd03._.js:1945
[ 6781573ms] [ERROR] ./src/app/page.tsx:76:15
Expected '</', got 'jsx text'
  74 |             </div>
  75 |           </div>
> 76 |         </div>
     |               ^^^^^^^^^^^^^^^^^^^^^^^^^^^^^^^^^^^^^^^^^^^^^^^^^^^^^^^^^^^^^^^^^^^^^^^^^^^^^^^^^^^^^^^^^^^^^^^^^^^^^^^^^^^^^^^^^^^^^^^^^^^^^^^^^^^^^^^^^^^^^^^^^^^^^^^^^^^^^^^^^
> 77 |       </section>
     | ^^^^^^
  78 |
  79 |       {/* Story & Tips Section */}
  80 |       <section className="bg-surface-alt py-20 px-6 md:px-12 w-full mt-12 relative overflow-hidden">

Parsing ecmascript source code failed @ http://localhost:3000/_next/static/chunks/node_modules_next_dist_1gdrd03._.js:1945
[ 6781636ms] [ERROR] ./src/app/page.tsx:76:15
Expected '</', got 'jsx text'
  74 |             </div>
  75 |           </div>
> 76 |         </div>
     |               ^^^^^^^^^^^^^^^^^^^^^^^^^^^^^^^^^^^^^^^^^^^^^^^^^^^^^^^^^^^^^^^^^^^^^^^^^^^^^^^^^^^^^^^^^^^^^^^^^^^^^^^^^^^^^^^^^^^^^^^^^^^^^^^^^^^^^^^^^^^^^^^^^^^^^^^^^^^^^^^^^
> 77 |       </section>
     | ^^^^^^
  78 |
  79 |       {/* Story & Tips Section */}
  80 |       <section className="bg-surface-alt py-20 px-6 md:px-12 w-full mt-12 relative overflow-hidden">

Parsing ecmascript source code failed @ http://localhost:3000/_next/static/chunks/node_modules_next_dist_1gdrd03._.js:1945
[ 6781700ms] [ERROR] ./src/app/page.tsx:76:15
Expected '</', got 'jsx text'
  74 |             </div>
  75 |           </div>
> 76 |         </div>
     |               ^^^^^^^^^^^^^^^^^^^^^^^^^^^^^^^^^^^^^^^^^^^^^^^^^^^^^^^^^^^^^^^^^^^^^^^^^^^^^^^^^^^^^^^^^^^^^^^^^^^^^^^^^^^^^^^^^^^^^^^^^^^^^^^^^^^^^^^^^^^^^^^^^^^^^^^^^^^^^^^^^
> 77 |       </section>
     | ^^^^^^
  78 |
  79 |       {/* Story & Tips Section */}
  80 |       <section className="bg-surface-alt py-20 px-6 md:px-12 w-full mt-12 relative overflow-hidden">

Parsing ecmascript source code failed @ http://localhost:3000/_next/static/chunks/node_modules_next_dist_1gdrd03._.js:1945
[ 6781760ms] [ERROR] ./src/app/page.tsx:76:15
Expected '</', got 'jsx text'
  74 |             </div>
  75 |           </div>
> 76 |         </div>
     |               ^^^^^^^^^^^^^^^^^^^^^^^^^^^^^^^^^^^^^^^^^^^^^^^^^^^^^^^^^^^^^^^^^^^^^^^^^^^^^^^^^^^^^^^^^^^^^^^^^^^^^^^^^^^^^^^^^^^^^^^^^^^^^^^^^^^^^^^^^^^^^^^^^^^^^^^^^^^^^^^^^
> 77 |       </section>
     | ^^^^^^
  78 |
  79 |       {/* Story & Tips Section */}
  80 |       <section className="bg-surface-alt py-20 px-6 md:px-12 w-full mt-12 relative overflow-hidden">

Parsing ecmascript source code failed @ http://localhost:3000/_next/static/chunks/node_modules_next_dist_1gdrd03._.js:1945
[ 6781822ms] [ERROR] ./src/app/page.tsx:76:15
Expected '</', got 'jsx text'
  74 |             </div>
  75 |           </div>
> 76 |         </div>
     |               ^^^^^^^^^^^^^^^^^^^^^^^^^^^^^^^^^^^^^^^^^^^^^^^^^^^^^^^^^^^^^^^^^^^^^^^^^^^^^^^^^^^^^^^^^^^^^^^^^^^^^^^^^^^^^^^^^^^^^^^^^^^^^^^^^^^^^^^^^^^^^^^^^^^^^^^^^^^^^^^^^
> 77 |       </section>
     | ^^^^^^
  78 |
  79 |       {/* Story & Tips Section */}
  80 |       <section className="bg-surface-alt py-20 px-6 md:px-12 w-full mt-12 relative overflow-hidden">

Parsing ecmascript source code failed @ http://localhost:3000/_next/static/chunks/node_modules_next_dist_1gdrd03._.js:1945
[ 6781884ms] [ERROR] ./src/app/page.tsx:76:15
Expected '</', got 'jsx text'
  74 |             </div>
  75 |           </div>
> 76 |         </div>
     |               ^^^^^^^^^^^^^^^^^^^^^^^^^^^^^^^^^^^^^^^^^^^^^^^^^^^^^^^^^^^^^^^^^^^^^^^^^^^^^^^^^^^^^^^^^^^^^^^^^^^^^^^^^^^^^^^^^^^^^^^^^^^^^^^^^^^^^^^^^^^^^^^^^^^^^^^^^^^^^^^^^
> 77 |       </section>
     | ^^^^^^
  78 |
  79 |       {/* Story & Tips Section */}
  80 |       <section className="bg-surface-alt py-20 px-6 md:px-12 w-full mt-12 relative overflow-hidden">

Parsing ecmascript source code failed @ http://localhost:3000/_next/static/chunks/node_modules_next_dist_1gdrd03._.js:1945
[ 6781947ms] [ERROR] ./src/app/page.tsx:76:15
Expected '</', got 'jsx text'
  74 |             </div>
  75 |           </div>
> 76 |         </div>
     |               ^^^^^^^^^^^^^^^^^^^^^^^^^^^^^^^^^^^^^^^^^^^^^^^^^^^^^^^^^^^^^^^^^^^^^^^^^^^^^^^^^^^^^^^^^^^^^^^^^^^^^^^^^^^^^^^^^^^^^^^^^^^^^^^^^^^^^^^^^^^^^^^^^^^^^^^^^^^^^^^^^
> 77 |       </section>
     | ^^^^^^
  78 |
  79 |       {/* Story & Tips Section */}
  80 |       <section className="bg-surface-alt py-20 px-6 md:px-12 w-full mt-12 relative overflow-hidden">

Parsing ecmascript source code failed @ http://localhost:3000/_next/static/chunks/node_modules_next_dist_1gdrd03._.js:1945
[ 6782009ms] [ERROR] ./src/app/page.tsx:76:15
Expected '</', got 'jsx text'
  74 |             </div>
  75 |           </div>
> 76 |         </div>
     |               ^^^^^^^^^^^^^^^^^^^^^^^^^^^^^^^^^^^^^^^^^^^^^^^^^^^^^^^^^^^^^^^^^^^^^^^^^^^^^^^^^^^^^^^^^^^^^^^^^^^^^^^^^^^^^^^^^^^^^^^^^^^^^^^^^^^^^^^^^^^^^^^^^^^^^^^^^^^^^^^^^
> 77 |       </section>
     | ^^^^^^
  78 |
  79 |       {/* Story & Tips Section */}
  80 |       <section className="bg-surface-alt py-20 px-6 md:px-12 w-full mt-12 relative overflow-hidden">

Parsing ecmascript source code failed @ http://localhost:3000/_next/static/chunks/node_modules_next_dist_1gdrd03._.js:1945
[ 6782071ms] [ERROR] ./src/app/page.tsx:76:15
Expected '</', got 'jsx text'
  74 |             </div>
  75 |           </div>
> 76 |         </div>
     |               ^^^^^^^^^^^^^^^^^^^^^^^^^^^^^^^^^^^^^^^^^^^^^^^^^^^^^^^^^^^^^^^^^^^^^^^^^^^^^^^^^^^^^^^^^^^^^^^^^^^^^^^^^^^^^^^^^^^^^^^^^^^^^^^^^^^^^^^^^^^^^^^^^^^^^^^^^^^^^^^^^
> 77 |       </section>
     | ^^^^^^
  78 |
  79 |       {/* Story & Tips Section */}
  80 |       <section className="bg-surface-alt py-20 px-6 md:px-12 w-full mt-12 relative overflow-hidden">

Parsing ecmascript source code failed @ http://localhost:3000/_next/static/chunks/node_modules_next_dist_1gdrd03._.js:1945
[ 6782134ms] [ERROR] ./src/app/page.tsx:76:15
Expected '</', got 'jsx text'
  74 |             </div>
  75 |           </div>
> 76 |         </div>
     |               ^^^^^^^^^^^^^^^^^^^^^^^^^^^^^^^^^^^^^^^^^^^^^^^^^^^^^^^^^^^^^^^^^^^^^^^^^^^^^^^^^^^^^^^^^^^^^^^^^^^^^^^^^^^^^^^^^^^^^^^^^^^^^^^^^^^^^^^^^^^^^^^^^^^^^^^^^^^^^^^^^
> 77 |       </section>
     | ^^^^^^
  78 |
  79 |       {/* Story & Tips Section */}
  80 |       <section className="bg-surface-alt py-20 px-6 md:px-12 w-full mt-12 relative overflow-hidden">

Parsing ecmascript source code failed @ http://localhost:3000/_next/static/chunks/node_modules_next_dist_1gdrd03._.js:1945
[ 6782196ms] [ERROR] ./src/app/page.tsx:76:15
Expected '</', got 'jsx text'
  74 |             </div>
  75 |           </div>
> 76 |         </div>
     |               ^^^^^^^^^^^^^^^^^^^^^^^^^^^^^^^^^^^^^^^^^^^^^^^^^^^^^^^^^^^^^^^^^^^^^^^^^^^^^^^^^^^^^^^^^^^^^^^^^^^^^^^^^^^^^^^^^^^^^^^^^^^^^^^^^^^^^^^^^^^^^^^^^^^^^^^^^^^^^^^^^
> 77 |       </section>
     | ^^^^^^
  78 |
  79 |       {/* Story & Tips Section */}
  80 |       <section className="bg-surface-alt py-20 px-6 md:px-12 w-full mt-12 relative overflow-hidden">

Parsing ecmascript source code failed @ http://localhost:3000/_next/static/chunks/node_modules_next_dist_1gdrd03._.js:1945
[ 6782254ms] [ERROR] ./src/app/page.tsx:76:15
Expected '</', got 'jsx text'
  74 |             </div>
  75 |           </div>
> 76 |         </div>
     |               ^^^^^^^^^^^^^^^^^^^^^^^^^^^^^^^^^^^^^^^^^^^^^^^^^^^^^^^^^^^^^^^^^^^^^^^^^^^^^^^^^^^^^^^^^^^^^^^^^^^^^^^^^^^^^^^^^^^^^^^^^^^^^^^^^^^^^^^^^^^^^^^^^^^^^^^^^^^^^^^^^
> 77 |       </section>
     | ^^^^^^
  78 |
  79 |       {/* Story & Tips Section */}
  80 |       <section className="bg-surface-alt py-20 px-6 md:px-12 w-full mt-12 relative overflow-hidden">

Parsing ecmascript source code failed @ http://localhost:3000/_next/static/chunks/node_modules_next_dist_1gdrd03._.js:1945
[ 6782315ms] [ERROR] ./src/app/page.tsx:76:15
Expected '</', got 'jsx text'
  74 |             </div>
  75 |           </div>
> 76 |         </div>
     |               ^^^^^^^^^^^^^^^^^^^^^^^^^^^^^^^^^^^^^^^^^^^^^^^^^^^^^^^^^^^^^^^^^^^^^^^^^^^^^^^^^^^^^^^^^^^^^^^^^^^^^^^^^^^^^^^^^^^^^^^^^^^^^^^^^^^^^^^^^^^^^^^^^^^^^^^^^^^^^^^^^
> 77 |       </section>
     | ^^^^^^
  78 |
  79 |       {/* Story & Tips Section */}
  80 |       <section className="bg-surface-alt py-20 px-6 md:px-12 w-full mt-12 relative overflow-hidden">

Parsing ecmascript source code failed @ http://localhost:3000/_next/static/chunks/node_modules_next_dist_1gdrd03._.js:1945
[ 6782376ms] [ERROR] ./src/app/page.tsx:76:15
Expected '</', got 'jsx text'
  74 |             </div>
  75 |           </div>
> 76 |         </div>
     |               ^^^^^^^^^^^^^^^^^^^^^^^^^^^^^^^^^^^^^^^^^^^^^^^^^^^^^^^^^^^^^^^^^^^^^^^^^^^^^^^^^^^^^^^^^^^^^^^^^^^^^^^^^^^^^^^^^^^^^^^^^^^^^^^^^^^^^^^^^^^^^^^^^^^^^^^^^^^^^^^^^
> 77 |       </section>
     | ^^^^^^
  78 |
  79 |       {/* Story & Tips Section */}
  80 |       <section className="bg-surface-alt py-20 px-6 md:px-12 w-full mt-12 relative overflow-hidden">

Parsing ecmascript source code failed @ http://localhost:3000/_next/static/chunks/node_modules_next_dist_1gdrd03._.js:1945
[ 6782436ms] [ERROR] ./src/app/page.tsx:76:15
Expected '</', got 'jsx text'
  74 |             </div>
  75 |           </div>
> 76 |         </div>
     |               ^^^^^^^^^^^^^^^^^^^^^^^^^^^^^^^^^^^^^^^^^^^^^^^^^^^^^^^^^^^^^^^^^^^^^^^^^^^^^^^^^^^^^^^^^^^^^^^^^^^^^^^^^^^^^^^^^^^^^^^^^^^^^^^^^^^^^^^^^^^^^^^^^^^^^^^^^^^^^^^^^
> 77 |       </section>
     | ^^^^^^
  78 |
  79 |       {/* Story & Tips Section */}
  80 |       <section className="bg-surface-alt py-20 px-6 md:px-12 w-full mt-12 relative overflow-hidden">

Parsing ecmascript source code failed @ http://localhost:3000/_next/static/chunks/node_modules_next_dist_1gdrd03._.js:1945
[ 6782498ms] [ERROR] ./src/app/page.tsx:76:15
Expected '</', got 'jsx text'
  74 |             </div>
  75 |           </div>
> 76 |         </div>
     |               ^^^^^^^^^^^^^^^^^^^^^^^^^^^^^^^^^^^^^^^^^^^^^^^^^^^^^^^^^^^^^^^^^^^^^^^^^^^^^^^^^^^^^^^^^^^^^^^^^^^^^^^^^^^^^^^^^^^^^^^^^^^^^^^^^^^^^^^^^^^^^^^^^^^^^^^^^^^^^^^^^
> 77 |       </section>
     | ^^^^^^
  78 |
  79 |       {/* Story & Tips Section */}
  80 |       <section className="bg-surface-alt py-20 px-6 md:px-12 w-full mt-12 relative overflow-hidden">

Parsing ecmascript source code failed @ http://localhost:3000/_next/static/chunks/node_modules_next_dist_1gdrd03._.js:1945
[ 6782558ms] [ERROR] ./src/app/page.tsx:76:15
Expected '</', got 'jsx text'
  74 |             </div>
  75 |           </div>
> 76 |         </div>
     |               ^^^^^^^^^^^^^^^^^^^^^^^^^^^^^^^^^^^^^^^^^^^^^^^^^^^^^^^^^^^^^^^^^^^^^^^^^^^^^^^^^^^^^^^^^^^^^^^^^^^^^^^^^^^^^^^^^^^^^^^^^^^^^^^^^^^^^^^^^^^^^^^^^^^^^^^^^^^^^^^^^
> 77 |       </section>
     | ^^^^^^
  78 |
  79 |       {/* Story & Tips Section */}
  80 |       <section className="bg-surface-alt py-20 px-6 md:px-12 w-full mt-12 relative overflow-hidden">

Parsing ecmascript source code failed @ http://localhost:3000/_next/static/chunks/node_modules_next_dist_1gdrd03._.js:1945
[ 6782620ms] [ERROR] ./src/app/page.tsx:76:15
Expected '</', got 'jsx text'
  74 |             </div>
  75 |           </div>
> 76 |         </div>
     |               ^^^^^^^^^^^^^^^^^^^^^^^^^^^^^^^^^^^^^^^^^^^^^^^^^^^^^^^^^^^^^^^^^^^^^^^^^^^^^^^^^^^^^^^^^^^^^^^^^^^^^^^^^^^^^^^^^^^^^^^^^^^^^^^^^^^^^^^^^^^^^^^^^^^^^^^^^^^^^^^^^
> 77 |       </section>
     | ^^^^^^
  78 |
  79 |       {/* Story & Tips Section */}
  80 |       <section className="bg-surface-alt py-20 px-6 md:px-12 w-full mt-12 relative overflow-hidden">

Parsing ecmascript source code failed @ http://localhost:3000/_next/static/chunks/node_modules_next_dist_1gdrd03._.js:1945
[ 6782682ms] [ERROR] ./src/app/page.tsx:76:15
Expected '</', got 'jsx text'
  74 |             </div>
  75 |           </div>
> 76 |         </div>
     |               ^^^^^^^^^^^^^^^^^^^^^^^^^^^^^^^^^^^^^^^^^^^^^^^^^^^^^^^^^^^^^^^^^^^^^^^^^^^^^^^^^^^^^^^^^^^^^^^^^^^^^^^^^^^^^^^^^^^^^^^^^^^^^^^^^^^^^^^^^^^^^^^^^^^^^^^^^^^^^^^^^
> 77 |       </section>
     | ^^^^^^
  78 |
  79 |       {/* Story & Tips Section */}
  80 |       <section className="bg-surface-alt py-20 px-6 md:px-12 w-full mt-12 relative overflow-hidden">

Parsing ecmascript source code failed @ http://localhost:3000/_next/static/chunks/node_modules_next_dist_1gdrd03._.js:1945
[ 6782743ms] [ERROR] ./src/app/page.tsx:76:15
Expected '</', got 'jsx text'
  74 |             </div>
  75 |           </div>
> 76 |         </div>
     |               ^^^^^^^^^^^^^^^^^^^^^^^^^^^^^^^^^^^^^^^^^^^^^^^^^^^^^^^^^^^^^^^^^^^^^^^^^^^^^^^^^^^^^^^^^^^^^^^^^^^^^^^^^^^^^^^^^^^^^^^^^^^^^^^^^^^^^^^^^^^^^^^^^^^^^^^^^^^^^^^^^
> 77 |       </section>
     | ^^^^^^
  78 |
  79 |       {/* Story & Tips Section */}
  80 |       <section className="bg-surface-alt py-20 px-6 md:px-12 w-full mt-12 relative overflow-hidden">

Parsing ecmascript source code failed @ http://localhost:3000/_next/static/chunks/node_modules_next_dist_1gdrd03._.js:1945
[ 6782804ms] [ERROR] ./src/app/page.tsx:76:15
Expected '</', got 'jsx text'
  74 |             </div>
  75 |           </div>
> 76 |         </div>
     |               ^^^^^^^^^^^^^^^^^^^^^^^^^^^^^^^^^^^^^^^^^^^^^^^^^^^^^^^^^^^^^^^^^^^^^^^^^^^^^^^^^^^^^^^^^^^^^^^^^^^^^^^^^^^^^^^^^^^^^^^^^^^^^^^^^^^^^^^^^^^^^^^^^^^^^^^^^^^^^^^^^
> 77 |       </section>
     | ^^^^^^
  78 |
  79 |       {/* Story & Tips Section */}
  80 |       <section className="bg-surface-alt py-20 px-6 md:px-12 w-full mt-12 relative overflow-hidden">

Parsing ecmascript source code failed @ http://localhost:3000/_next/static/chunks/node_modules_next_dist_1gdrd03._.js:1945
[ 6782866ms] [ERROR] ./src/app/page.tsx:76:15
Expected '</', got 'jsx text'
  74 |             </div>
  75 |           </div>
> 76 |         </div>
     |               ^^^^^^^^^^^^^^^^^^^^^^^^^^^^^^^^^^^^^^^^^^^^^^^^^^^^^^^^^^^^^^^^^^^^^^^^^^^^^^^^^^^^^^^^^^^^^^^^^^^^^^^^^^^^^^^^^^^^^^^^^^^^^^^^^^^^^^^^^^^^^^^^^^^^^^^^^^^^^^^^^
> 77 |       </section>
     | ^^^^^^
  78 |
  79 |       {/* Story & Tips Section */}
  80 |       <section className="bg-surface-alt py-20 px-6 md:px-12 w-full mt-12 relative overflow-hidden">

Parsing ecmascript source code failed @ http://localhost:3000/_next/static/chunks/node_modules_next_dist_1gdrd03._.js:1945
[ 6782930ms] [ERROR] ./src/app/page.tsx:76:15
Expected '</', got 'jsx text'
  74 |             </div>
  75 |           </div>
> 76 |         </div>
     |               ^^^^^^^^^^^^^^^^^^^^^^^^^^^^^^^^^^^^^^^^^^^^^^^^^^^^^^^^^^^^^^^^^^^^^^^^^^^^^^^^^^^^^^^^^^^^^^^^^^^^^^^^^^^^^^^^^^^^^^^^^^^^^^^^^^^^^^^^^^^^^^^^^^^^^^^^^^^^^^^^^
> 77 |       </section>
     | ^^^^^^
  78 |
  79 |       {/* Story & Tips Section */}
  80 |       <section className="bg-surface-alt py-20 px-6 md:px-12 w-full mt-12 relative overflow-hidden">

Parsing ecmascript source code failed @ http://localhost:3000/_next/static/chunks/node_modules_next_dist_1gdrd03._.js:1945
[ 6782991ms] [ERROR] ./src/app/page.tsx:76:15
Expected '</', got 'jsx text'
  74 |             </div>
  75 |           </div>
> 76 |         </div>
     |               ^^^^^^^^^^^^^^^^^^^^^^^^^^^^^^^^^^^^^^^^^^^^^^^^^^^^^^^^^^^^^^^^^^^^^^^^^^^^^^^^^^^^^^^^^^^^^^^^^^^^^^^^^^^^^^^^^^^^^^^^^^^^^^^^^^^^^^^^^^^^^^^^^^^^^^^^^^^^^^^^^
> 77 |       </section>
     | ^^^^^^
  78 |
  79 |       {/* Story & Tips Section */}
  80 |       <section className="bg-surface-alt py-20 px-6 md:px-12 w-full mt-12 relative overflow-hidden">

Parsing ecmascript source code failed @ http://localhost:3000/_next/static/chunks/node_modules_next_dist_1gdrd03._.js:1945
[ 6783053ms] [ERROR] ./src/app/page.tsx:76:15
Expected '</', got 'jsx text'
  74 |             </div>
  75 |           </div>
> 76 |         </div>
     |               ^^^^^^^^^^^^^^^^^^^^^^^^^^^^^^^^^^^^^^^^^^^^^^^^^^^^^^^^^^^^^^^^^^^^^^^^^^^^^^^^^^^^^^^^^^^^^^^^^^^^^^^^^^^^^^^^^^^^^^^^^^^^^^^^^^^^^^^^^^^^^^^^^^^^^^^^^^^^^^^^^
> 77 |       </section>
     | ^^^^^^
  78 |
  79 |       {/* Story & Tips Section */}
  80 |       <section className="bg-surface-alt py-20 px-6 md:px-12 w-full mt-12 relative overflow-hidden">

Parsing ecmascript source code failed @ http://localhost:3000/_next/static/chunks/node_modules_next_dist_1gdrd03._.js:1945
[ 6783116ms] [ERROR] ./src/app/page.tsx:76:15
Expected '</', got 'jsx text'
  74 |             </div>
  75 |           </div>
> 76 |         </div>
     |               ^^^^^^^^^^^^^^^^^^^^^^^^^^^^^^^^^^^^^^^^^^^^^^^^^^^^^^^^^^^^^^^^^^^^^^^^^^^^^^^^^^^^^^^^^^^^^^^^^^^^^^^^^^^^^^^^^^^^^^^^^^^^^^^^^^^^^^^^^^^^^^^^^^^^^^^^^^^^^^^^^
> 77 |       </section>
     | ^^^^^^
  78 |
  79 |       {/* Story & Tips Section */}
  80 |       <section className="bg-surface-alt py-20 px-6 md:px-12 w-full mt-12 relative overflow-hidden">

Parsing ecmascript source code failed @ http://localhost:3000/_next/static/chunks/node_modules_next_dist_1gdrd03._.js:1945
[ 6783178ms] [ERROR] ./src/app/page.tsx:76:15
Expected '</', got 'jsx text'
  74 |             </div>
  75 |           </div>
> 76 |         </div>
     |               ^^^^^^^^^^^^^^^^^^^^^^^^^^^^^^^^^^^^^^^^^^^^^^^^^^^^^^^^^^^^^^^^^^^^^^^^^^^^^^^^^^^^^^^^^^^^^^^^^^^^^^^^^^^^^^^^^^^^^^^^^^^^^^^^^^^^^^^^^^^^^^^^^^^^^^^^^^^^^^^^^
> 77 |       </section>
     | ^^^^^^
  78 |
  79 |       {/* Story & Tips Section */}
  80 |       <section className="bg-surface-alt py-20 px-6 md:px-12 w-full mt-12 relative overflow-hidden">

Parsing ecmascript source code failed @ http://localhost:3000/_next/static/chunks/node_modules_next_dist_1gdrd03._.js:1945
[ 6783240ms] [ERROR] ./src/app/page.tsx:76:15
Expected '</', got 'jsx text'
  74 |             </div>
  75 |           </div>
> 76 |         </div>
     |               ^^^^^^^^^^^^^^^^^^^^^^^^^^^^^^^^^^^^^^^^^^^^^^^^^^^^^^^^^^^^^^^^^^^^^^^^^^^^^^^^^^^^^^^^^^^^^^^^^^^^^^^^^^^^^^^^^^^^^^^^^^^^^^^^^^^^^^^^^^^^^^^^^^^^^^^^^^^^^^^^^
> 77 |       </section>
     | ^^^^^^
  78 |
  79 |       {/* Story & Tips Section */}
  80 |       <section className="bg-surface-alt py-20 px-6 md:px-12 w-full mt-12 relative overflow-hidden">

Parsing ecmascript source code failed @ http://localhost:3000/_next/static/chunks/node_modules_next_dist_1gdrd03._.js:1945
[ 6783303ms] [ERROR] ./src/app/page.tsx:76:15
Expected '</', got 'jsx text'
  74 |             </div>
  75 |           </div>
> 76 |         </div>
     |               ^^^^^^^^^^^^^^^^^^^^^^^^^^^^^^^^^^^^^^^^^^^^^^^^^^^^^^^^^^^^^^^^^^^^^^^^^^^^^^^^^^^^^^^^^^^^^^^^^^^^^^^^^^^^^^^^^^^^^^^^^^^^^^^^^^^^^^^^^^^^^^^^^^^^^^^^^^^^^^^^^
> 77 |       </section>
     | ^^^^^^
  78 |
  79 |       {/* Story & Tips Section */}
  80 |       <section className="bg-surface-alt py-20 px-6 md:px-12 w-full mt-12 relative overflow-hidden">

Parsing ecmascript source code failed @ http://localhost:3000/_next/static/chunks/node_modules_next_dist_1gdrd03._.js:1945
[ 6783365ms] [ERROR] ./src/app/page.tsx:76:15
Expected '</', got 'jsx text'
  74 |             </div>
  75 |           </div>
> 76 |         </div>
     |               ^^^^^^^^^^^^^^^^^^^^^^^^^^^^^^^^^^^^^^^^^^^^^^^^^^^^^^^^^^^^^^^^^^^^^^^^^^^^^^^^^^^^^^^^^^^^^^^^^^^^^^^^^^^^^^^^^^^^^^^^^^^^^^^^^^^^^^^^^^^^^^^^^^^^^^^^^^^^^^^^^
> 77 |       </section>
     | ^^^^^^
  78 |
  79 |       {/* Story & Tips Section */}
  80 |       <section className="bg-surface-alt py-20 px-6 md:px-12 w-full mt-12 relative overflow-hidden">

Parsing ecmascript source code failed @ http://localhost:3000/_next/static/chunks/node_modules_next_dist_1gdrd03._.js:1945
[ 6783430ms] [ERROR] ./src/app/page.tsx:76:15
Expected '</', got 'jsx text'
  74 |             </div>
  75 |           </div>
> 76 |         </div>
     |               ^^^^^^^^^^^^^^^^^^^^^^^^^^^^^^^^^^^^^^^^^^^^^^^^^^^^^^^^^^^^^^^^^^^^^^^^^^^^^^^^^^^^^^^^^^^^^^^^^^^^^^^^^^^^^^^^^^^^^^^^^^^^^^^^^^^^^^^^^^^^^^^^^^^^^^^^^^^^^^^^^
> 77 |       </section>
     | ^^^^^^
  78 |
  79 |       {/* Story & Tips Section */}
  80 |       <section className="bg-surface-alt py-20 px-6 md:px-12 w-full mt-12 relative overflow-hidden">

Parsing ecmascript source code failed @ http://localhost:3000/_next/static/chunks/node_modules_next_dist_1gdrd03._.js:1945
[ 6783493ms] [ERROR] ./src/app/page.tsx:76:15
Expected '</', got 'jsx text'
  74 |             </div>
  75 |           </div>
> 76 |         </div>
     |               ^^^^^^^^^^^^^^^^^^^^^^^^^^^^^^^^^^^^^^^^^^^^^^^^^^^^^^^^^^^^^^^^^^^^^^^^^^^^^^^^^^^^^^^^^^^^^^^^^^^^^^^^^^^^^^^^^^^^^^^^^^^^^^^^^^^^^^^^^^^^^^^^^^^^^^^^^^^^^^^^^
> 77 |       </section>
     | ^^^^^^
  78 |
  79 |       {/* Story & Tips Section */}
  80 |       <section className="bg-surface-alt py-20 px-6 md:px-12 w-full mt-12 relative overflow-hidden">

Parsing ecmascript source code failed @ http://localhost:3000/_next/static/chunks/node_modules_next_dist_1gdrd03._.js:1945
[ 6783555ms] [ERROR] ./src/app/page.tsx:76:15
Expected '</', got 'jsx text'
  74 |             </div>
  75 |           </div>
> 76 |         </div>
     |               ^^^^^^^^^^^^^^^^^^^^^^^^^^^^^^^^^^^^^^^^^^^^^^^^^^^^^^^^^^^^^^^^^^^^^^^^^^^^^^^^^^^^^^^^^^^^^^^^^^^^^^^^^^^^^^^^^^^^^^^^^^^^^^^^^^^^^^^^^^^^^^^^^^^^^^^^^^^^^^^^^
> 77 |       </section>
     | ^^^^^^
  78 |
  79 |       {/* Story & Tips Section */}
  80 |       <section className="bg-surface-alt py-20 px-6 md:px-12 w-full mt-12 relative overflow-hidden">

Parsing ecmascript source code failed @ http://localhost:3000/_next/static/chunks/node_modules_next_dist_1gdrd03._.js:1945
[ 6783618ms] [ERROR] ./src/app/page.tsx:76:15
Expected '</', got 'jsx text'
  74 |             </div>
  75 |           </div>
> 76 |         </div>
     |               ^^^^^^^^^^^^^^^^^^^^^^^^^^^^^^^^^^^^^^^^^^^^^^^^^^^^^^^^^^^^^^^^^^^^^^^^^^^^^^^^^^^^^^^^^^^^^^^^^^^^^^^^^^^^^^^^^^^^^^^^^^^^^^^^^^^^^^^^^^^^^^^^^^^^^^^^^^^^^^^^^
> 77 |       </section>
     | ^^^^^^
  78 |
  79 |       {/* Story & Tips Section */}
  80 |       <section className="bg-surface-alt py-20 px-6 md:px-12 w-full mt-12 relative overflow-hidden">

Parsing ecmascript source code failed @ http://localhost:3000/_next/static/chunks/node_modules_next_dist_1gdrd03._.js:1945
[ 6783704ms] [ERROR] ./src/app/page.tsx:76:15
Expected '</', got 'jsx text'
  74 |             </div>
  75 |           </div>
> 76 |         </div>
     |               ^^^^^^^^^^^^^^^^^^^^^^^^^^^^^^^^^^^^^^^^^^^^^^^^^^^^^^^^^^^^^^^^^^^^^^^^^^^^^^^^^^^^^^^^^^^^^^^^^^^^^^^^^^^^^^^^^^^^^^^^^^^^^^^^^^^^^^^^^^^^^^^^^^^^^^^^^^^^^^^^^
> 77 |       </section>
     | ^^^^^^
  78 |
  79 |       {/* Story & Tips Section */}
  80 |       <section className="bg-surface-alt py-20 px-6 md:px-12 w-full mt-12 relative overflow-hidden">

Parsing ecmascript source code failed @ http://localhost:3000/_next/static/chunks/node_modules_next_dist_1gdrd03._.js:1945
[ 6783760ms] [ERROR] ./src/app/page.tsx:76:15
Expected '</', got 'jsx text'
  74 |             </div>
  75 |           </div>
> 76 |         </div>
     |               ^^^^^^^^^^^^^^^^^^^^^^^^^^^^^^^^^^^^^^^^^^^^^^^^^^^^^^^^^^^^^^^^^^^^^^^^^^^^^^^^^^^^^^^^^^^^^^^^^^^^^^^^^^^^^^^^^^^^^^^^^^^^^^^^^^^^^^^^^^^^^^^^^^^^^^^^^^^^^^^^^
> 77 |       </section>
     | ^^^^^^
  78 |
  79 |       {/* Story & Tips Section */}
  80 |       <section className="bg-surface-alt py-20 px-6 md:px-12 w-full mt-12 relative overflow-hidden">

Parsing ecmascript source code failed @ http://localhost:3000/_next/static/chunks/node_modules_next_dist_1gdrd03._.js:1945
[ 6783822ms] [ERROR] ./src/app/page.tsx:76:15
Expected '</', got 'jsx text'
  74 |             </div>
  75 |           </div>
> 76 |         </div>
     |               ^^^^^^^^^^^^^^^^^^^^^^^^^^^^^^^^^^^^^^^^^^^^^^^^^^^^^^^^^^^^^^^^^^^^^^^^^^^^^^^^^^^^^^^^^^^^^^^^^^^^^^^^^^^^^^^^^^^^^^^^^^^^^^^^^^^^^^^^^^^^^^^^^^^^^^^^^^^^^^^^^
> 77 |       </section>
     | ^^^^^^
  78 |
  79 |       {/* Story & Tips Section */}
  80 |       <section className="bg-surface-alt py-20 px-6 md:px-12 w-full mt-12 relative overflow-hidden">

Parsing ecmascript source code failed @ http://localhost:3000/_next/static/chunks/node_modules_next_dist_1gdrd03._.js:1945
[ 6783884ms] [ERROR] ./src/app/page.tsx:76:15
Expected '</', got 'jsx text'
  74 |             </div>
  75 |           </div>
> 76 |         </div>
     |               ^^^^^^^^^^^^^^^^^^^^^^^^^^^^^^^^^^^^^^^^^^^^^^^^^^^^^^^^^^^^^^^^^^^^^^^^^^^^^^^^^^^^^^^^^^^^^^^^^^^^^^^^^^^^^^^^^^^^^^^^^^^^^^^^^^^^^^^^^^^^^^^^^^^^^^^^^^^^^^^^^
> 77 |       </section>
     | ^^^^^^
  78 |
  79 |       {/* Story & Tips Section */}
  80 |       <section className="bg-surface-alt py-20 px-6 md:px-12 w-full mt-12 relative overflow-hidden">

Parsing ecmascript source code failed @ http://localhost:3000/_next/static/chunks/node_modules_next_dist_1gdrd03._.js:1945
[ 6783948ms] [ERROR] ./src/app/page.tsx:76:15
Expected '</', got 'jsx text'
  74 |             </div>
  75 |           </div>
> 76 |         </div>
     |               ^^^^^^^^^^^^^^^^^^^^^^^^^^^^^^^^^^^^^^^^^^^^^^^^^^^^^^^^^^^^^^^^^^^^^^^^^^^^^^^^^^^^^^^^^^^^^^^^^^^^^^^^^^^^^^^^^^^^^^^^^^^^^^^^^^^^^^^^^^^^^^^^^^^^^^^^^^^^^^^^^
> 77 |       </section>
     | ^^^^^^
  78 |
  79 |       {/* Story & Tips Section */}
  80 |       <section className="bg-surface-alt py-20 px-6 md:px-12 w-full mt-12 relative overflow-hidden">

Parsing ecmascript source code failed @ http://localhost:3000/_next/static/chunks/node_modules_next_dist_1gdrd03._.js:1945
[ 6784009ms] [ERROR] ./src/app/page.tsx:76:15
Expected '</', got 'jsx text'
  74 |             </div>
  75 |           </div>
> 76 |         </div>
     |               ^^^^^^^^^^^^^^^^^^^^^^^^^^^^^^^^^^^^^^^^^^^^^^^^^^^^^^^^^^^^^^^^^^^^^^^^^^^^^^^^^^^^^^^^^^^^^^^^^^^^^^^^^^^^^^^^^^^^^^^^^^^^^^^^^^^^^^^^^^^^^^^^^^^^^^^^^^^^^^^^^
> 77 |       </section>
     | ^^^^^^
  78 |
  79 |       {/* Story & Tips Section */}
  80 |       <section className="bg-surface-alt py-20 px-6 md:px-12 w-full mt-12 relative overflow-hidden">

Parsing ecmascript source code failed @ http://localhost:3000/_next/static/chunks/node_modules_next_dist_1gdrd03._.js:1945
[ 6784072ms] [ERROR] ./src/app/page.tsx:76:15
Expected '</', got 'jsx text'
  74 |             </div>
  75 |           </div>
> 76 |         </div>
     |               ^^^^^^^^^^^^^^^^^^^^^^^^^^^^^^^^^^^^^^^^^^^^^^^^^^^^^^^^^^^^^^^^^^^^^^^^^^^^^^^^^^^^^^^^^^^^^^^^^^^^^^^^^^^^^^^^^^^^^^^^^^^^^^^^^^^^^^^^^^^^^^^^^^^^^^^^^^^^^^^^^
> 77 |       </section>
     | ^^^^^^
  78 |
  79 |       {/* Story & Tips Section */}
  80 |       <section className="bg-surface-alt py-20 px-6 md:px-12 w-full mt-12 relative overflow-hidden">

Parsing ecmascript source code failed @ http://localhost:3000/_next/static/chunks/node_modules_next_dist_1gdrd03._.js:1945
[ 6784134ms] [ERROR] ./src/app/page.tsx:76:15
Expected '</', got 'jsx text'
  74 |             </div>
  75 |           </div>
> 76 |         </div>
     |               ^^^^^^^^^^^^^^^^^^^^^^^^^^^^^^^^^^^^^^^^^^^^^^^^^^^^^^^^^^^^^^^^^^^^^^^^^^^^^^^^^^^^^^^^^^^^^^^^^^^^^^^^^^^^^^^^^^^^^^^^^^^^^^^^^^^^^^^^^^^^^^^^^^^^^^^^^^^^^^^^^
> 77 |       </section>
     | ^^^^^^
  78 |
  79 |       {/* Story & Tips Section */}
  80 |       <section className="bg-surface-alt py-20 px-6 md:px-12 w-full mt-12 relative overflow-hidden">

Parsing ecmascript source code failed @ http://localhost:3000/_next/static/chunks/node_modules_next_dist_1gdrd03._.js:1945
[ 6784197ms] [ERROR] ./src/app/page.tsx:76:15
Expected '</', got 'jsx text'
  74 |             </div>
  75 |           </div>
> 76 |         </div>
     |               ^^^^^^^^^^^^^^^^^^^^^^^^^^^^^^^^^^^^^^^^^^^^^^^^^^^^^^^^^^^^^^^^^^^^^^^^^^^^^^^^^^^^^^^^^^^^^^^^^^^^^^^^^^^^^^^^^^^^^^^^^^^^^^^^^^^^^^^^^^^^^^^^^^^^^^^^^^^^^^^^^
> 77 |       </section>
     | ^^^^^^
  78 |
  79 |       {/* Story & Tips Section */}
  80 |       <section className="bg-surface-alt py-20 px-6 md:px-12 w-full mt-12 relative overflow-hidden">

Parsing ecmascript source code failed @ http://localhost:3000/_next/static/chunks/node_modules_next_dist_1gdrd03._.js:1945
[ 6784257ms] [ERROR] ./src/app/page.tsx:76:15
Expected '</', got 'jsx text'
  74 |             </div>
  75 |           </div>
> 76 |         </div>
     |               ^^^^^^^^^^^^^^^^^^^^^^^^^^^^^^^^^^^^^^^^^^^^^^^^^^^^^^^^^^^^^^^^^^^^^^^^^^^^^^^^^^^^^^^^^^^^^^^^^^^^^^^^^^^^^^^^^^^^^^^^^^^^^^^^^^^^^^^^^^^^^^^^^^^^^^^^^^^^^^^^^
> 77 |       </section>
     | ^^^^^^
  78 |
  79 |       {/* Story & Tips Section */}
  80 |       <section className="bg-surface-alt py-20 px-6 md:px-12 w-full mt-12 relative overflow-hidden">

Parsing ecmascript source code failed @ http://localhost:3000/_next/static/chunks/node_modules_next_dist_1gdrd03._.js:1945
[ 6784320ms] [ERROR] ./src/app/page.tsx:76:15
Expected '</', got 'jsx text'
  74 |             </div>
  75 |           </div>
> 76 |         </div>
     |               ^^^^^^^^^^^^^^^^^^^^^^^^^^^^^^^^^^^^^^^^^^^^^^^^^^^^^^^^^^^^^^^^^^^^^^^^^^^^^^^^^^^^^^^^^^^^^^^^^^^^^^^^^^^^^^^^^^^^^^^^^^^^^^^^^^^^^^^^^^^^^^^^^^^^^^^^^^^^^^^^^
> 77 |       </section>
     | ^^^^^^
  78 |
  79 |       {/* Story & Tips Section */}
  80 |       <section className="bg-surface-alt py-20 px-6 md:px-12 w-full mt-12 relative overflow-hidden">

Parsing ecmascript source code failed @ http://localhost:3000/_next/static/chunks/node_modules_next_dist_1gdrd03._.js:1945
[ 6784382ms] [ERROR] ./src/app/page.tsx:76:15
Expected '</', got 'jsx text'
  74 |             </div>
  75 |           </div>
> 76 |         </div>
     |               ^^^^^^^^^^^^^^^^^^^^^^^^^^^^^^^^^^^^^^^^^^^^^^^^^^^^^^^^^^^^^^^^^^^^^^^^^^^^^^^^^^^^^^^^^^^^^^^^^^^^^^^^^^^^^^^^^^^^^^^^^^^^^^^^^^^^^^^^^^^^^^^^^^^^^^^^^^^^^^^^^
> 77 |       </section>
     | ^^^^^^
  78 |
  79 |       {/* Story & Tips Section */}
  80 |       <section className="bg-surface-alt py-20 px-6 md:px-12 w-full mt-12 relative overflow-hidden">

Parsing ecmascript source code failed @ http://localhost:3000/_next/static/chunks/node_modules_next_dist_1gdrd03._.js:1945
[ 6784445ms] [ERROR] ./src/app/page.tsx:76:15
Expected '</', got 'jsx text'
  74 |             </div>
  75 |           </div>
> 76 |         </div>
     |               ^^^^^^^^^^^^^^^^^^^^^^^^^^^^^^^^^^^^^^^^^^^^^^^^^^^^^^^^^^^^^^^^^^^^^^^^^^^^^^^^^^^^^^^^^^^^^^^^^^^^^^^^^^^^^^^^^^^^^^^^^^^^^^^^^^^^^^^^^^^^^^^^^^^^^^^^^^^^^^^^^
> 77 |       </section>
     | ^^^^^^
  78 |
  79 |       {/* Story & Tips Section */}
  80 |       <section className="bg-surface-alt py-20 px-6 md:px-12 w-full mt-12 relative overflow-hidden">

Parsing ecmascript source code failed @ http://localhost:3000/_next/static/chunks/node_modules_next_dist_1gdrd03._.js:1945
[ 6784506ms] [ERROR] ./src/app/page.tsx:76:15
Expected '</', got 'jsx text'
  74 |             </div>
  75 |           </div>
> 76 |         </div>
     |               ^^^^^^^^^^^^^^^^^^^^^^^^^^^^^^^^^^^^^^^^^^^^^^^^^^^^^^^^^^^^^^^^^^^^^^^^^^^^^^^^^^^^^^^^^^^^^^^^^^^^^^^^^^^^^^^^^^^^^^^^^^^^^^^^^^^^^^^^^^^^^^^^^^^^^^^^^^^^^^^^^
> 77 |       </section>
     | ^^^^^^
  78 |
  79 |       {/* Story & Tips Section */}
  80 |       <section className="bg-surface-alt py-20 px-6 md:px-12 w-full mt-12 relative overflow-hidden">

Parsing ecmascript source code failed @ http://localhost:3000/_next/static/chunks/node_modules_next_dist_1gdrd03._.js:1945
[ 6784570ms] [ERROR] ./src/app/page.tsx:76:15
Expected '</', got 'jsx text'
  74 |             </div>
  75 |           </div>
> 76 |         </div>
     |               ^^^^^^^^^^^^^^^^^^^^^^^^^^^^^^^^^^^^^^^^^^^^^^^^^^^^^^^^^^^^^^^^^^^^^^^^^^^^^^^^^^^^^^^^^^^^^^^^^^^^^^^^^^^^^^^^^^^^^^^^^^^^^^^^^^^^^^^^^^^^^^^^^^^^^^^^^^^^^^^^^
> 77 |       </section>
     | ^^^^^^
  78 |
  79 |       {/* Story & Tips Section */}
  80 |       <section className="bg-surface-alt py-20 px-6 md:px-12 w-full mt-12 relative overflow-hidden">

Parsing ecmascript source code failed @ http://localhost:3000/_next/static/chunks/node_modules_next_dist_1gdrd03._.js:1945
[ 6784648ms] [ERROR] ./src/app/page.tsx:76:15
Expected '</', got 'jsx text'
  74 |             </div>
  75 |           </div>
> 76 |         </div>
     |               ^^^^^^^^^^^^^^^^^^^^^^^^^^^^^^^^^^^^^^^^^^^^^^^^^^^^^^^^^^^^^^^^^^^^^^^^^^^^^^^^^^^^^^^^^^^^^^^^^^^^^^^^^^^^^^^^^^^^^^^^^^^^^^^^^^^^^^^^^^^^^^^^^^^^^^^^^^^^^^^^^
> 77 |       </section>
     | ^^^^^^
  78 |
  79 |       {/* Story & Tips Section */}
  80 |       <section className="bg-surface-alt py-20 px-6 md:px-12 w-full mt-12 relative overflow-hidden">

Parsing ecmascript source code failed @ http://localhost:3000/_next/static/chunks/node_modules_next_dist_1gdrd03._.js:1945
[ 6784714ms] [ERROR] ./src/app/page.tsx:76:15
Expected '</', got 'jsx text'
  74 |             </div>
  75 |           </div>
> 76 |         </div>
     |               ^^^^^^^^^^^^^^^^^^^^^^^^^^^^^^^^^^^^^^^^^^^^^^^^^^^^^^^^^^^^^^^^^^^^^^^^^^^^^^^^^^^^^^^^^^^^^^^^^^^^^^^^^^^^^^^^^^^^^^^^^^^^^^^^^^^^^^^^^^^^^^^^^^^^^^^^^^^^^^^^^
> 77 |       </section>
     | ^^^^^^
  78 |
  79 |       {/* Story & Tips Section */}
  80 |       <section className="bg-surface-alt py-20 px-6 md:px-12 w-full mt-12 relative overflow-hidden">

Parsing ecmascript source code failed @ http://localhost:3000/_next/static/chunks/node_modules_next_dist_1gdrd03._.js:1945
[ 6784773ms] [ERROR] ./src/app/page.tsx:76:15
Expected '</', got 'jsx text'
  74 |             </div>
  75 |           </div>
> 76 |         </div>
     |               ^^^^^^^^^^^^^^^^^^^^^^^^^^^^^^^^^^^^^^^^^^^^^^^^^^^^^^^^^^^^^^^^^^^^^^^^^^^^^^^^^^^^^^^^^^^^^^^^^^^^^^^^^^^^^^^^^^^^^^^^^^^^^^^^^^^^^^^^^^^^^^^^^^^^^^^^^^^^^^^^^
> 77 |       </section>
     | ^^^^^^
  78 |
  79 |       {/* Story & Tips Section */}
  80 |       <section className="bg-surface-alt py-20 px-6 md:px-12 w-full mt-12 relative overflow-hidden">

Parsing ecmascript source code failed @ http://localhost:3000/_next/static/chunks/node_modules_next_dist_1gdrd03._.js:1945
[ 6784832ms] [ERROR] ./src/app/page.tsx:76:15
Expected '</', got 'jsx text'
  74 |             </div>
  75 |           </div>
> 76 |         </div>
     |               ^^^^^^^^^^^^^^^^^^^^^^^^^^^^^^^^^^^^^^^^^^^^^^^^^^^^^^^^^^^^^^^^^^^^^^^^^^^^^^^^^^^^^^^^^^^^^^^^^^^^^^^^^^^^^^^^^^^^^^^^^^^^^^^^^^^^^^^^^^^^^^^^^^^^^^^^^^^^^^^^^
> 77 |       </section>
     | ^^^^^^
  78 |
  79 |       {/* Story & Tips Section */}
  80 |       <section className="bg-surface-alt py-20 px-6 md:px-12 w-full mt-12 relative overflow-hidden">

Parsing ecmascript source code failed @ http://localhost:3000/_next/static/chunks/node_modules_next_dist_1gdrd03._.js:1945
[ 6784893ms] [ERROR] ./src/app/page.tsx:76:15
Expected '</', got 'jsx text'
  74 |             </div>
  75 |           </div>
> 76 |         </div>
     |               ^^^^^^^^^^^^^^^^^^^^^^^^^^^^^^^^^^^^^^^^^^^^^^^^^^^^^^^^^^^^^^^^^^^^^^^^^^^^^^^^^^^^^^^^^^^^^^^^^^^^^^^^^^^^^^^^^^^^^^^^^^^^^^^^^^^^^^^^^^^^^^^^^^^^^^^^^^^^^^^^^
> 77 |       </section>
     | ^^^^^^
  78 |
  79 |       {/* Story & Tips Section */}
  80 |       <section className="bg-surface-alt py-20 px-6 md:px-12 w-full mt-12 relative overflow-hidden">

Parsing ecmascript source code failed @ http://localhost:3000/_next/static/chunks/node_modules_next_dist_1gdrd03._.js:1945
[ 6784955ms] [ERROR] ./src/app/page.tsx:76:15
Expected '</', got 'jsx text'
  74 |             </div>
  75 |           </div>
> 76 |         </div>
     |               ^^^^^^^^^^^^^^^^^^^^^^^^^^^^^^^^^^^^^^^^^^^^^^^^^^^^^^^^^^^^^^^^^^^^^^^^^^^^^^^^^^^^^^^^^^^^^^^^^^^^^^^^^^^^^^^^^^^^^^^^^^^^^^^^^^^^^^^^^^^^^^^^^^^^^^^^^^^^^^^^^
> 77 |       </section>
     | ^^^^^^
  78 |
  79 |       {/* Story & Tips Section */}
  80 |       <section className="bg-surface-alt py-20 px-6 md:px-12 w-full mt-12 relative overflow-hidden">

Parsing ecmascript source code failed @ http://localhost:3000/_next/static/chunks/node_modules_next_dist_1gdrd03._.js:1945
[ 6785018ms] [ERROR] ./src/app/page.tsx:76:15
Expected '</', got 'jsx text'
  74 |             </div>
  75 |           </div>
> 76 |         </div>
     |               ^^^^^^^^^^^^^^^^^^^^^^^^^^^^^^^^^^^^^^^^^^^^^^^^^^^^^^^^^^^^^^^^^^^^^^^^^^^^^^^^^^^^^^^^^^^^^^^^^^^^^^^^^^^^^^^^^^^^^^^^^^^^^^^^^^^^^^^^^^^^^^^^^^^^^^^^^^^^^^^^^
> 77 |       </section>
     | ^^^^^^
  78 |
  79 |       {/* Story & Tips Section */}
  80 |       <section className="bg-surface-alt py-20 px-6 md:px-12 w-full mt-12 relative overflow-hidden">

Parsing ecmascript source code failed @ http://localhost:3000/_next/static/chunks/node_modules_next_dist_1gdrd03._.js:1945
[ 6785081ms] [ERROR] ./src/app/page.tsx:76:15
Expected '</', got 'jsx text'
  74 |             </div>
  75 |           </div>
> 76 |         </div>
     |               ^^^^^^^^^^^^^^^^^^^^^^^^^^^^^^^^^^^^^^^^^^^^^^^^^^^^^^^^^^^^^^^^^^^^^^^^^^^^^^^^^^^^^^^^^^^^^^^^^^^^^^^^^^^^^^^^^^^^^^^^^^^^^^^^^^^^^^^^^^^^^^^^^^^^^^^^^^^^^^^^^
> 77 |       </section>
     | ^^^^^^
  78 |
  79 |       {/* Story & Tips Section */}
  80 |       <section className="bg-surface-alt py-20 px-6 md:px-12 w-full mt-12 relative overflow-hidden">

Parsing ecmascript source code failed @ http://localhost:3000/_next/static/chunks/node_modules_next_dist_1gdrd03._.js:1945
[ 6785142ms] [ERROR] ./src/app/page.tsx:76:15
Expected '</', got 'jsx text'
  74 |             </div>
  75 |           </div>
> 76 |         </div>
     |               ^^^^^^^^^^^^^^^^^^^^^^^^^^^^^^^^^^^^^^^^^^^^^^^^^^^^^^^^^^^^^^^^^^^^^^^^^^^^^^^^^^^^^^^^^^^^^^^^^^^^^^^^^^^^^^^^^^^^^^^^^^^^^^^^^^^^^^^^^^^^^^^^^^^^^^^^^^^^^^^^^
> 77 |       </section>
     | ^^^^^^
  78 |
  79 |       {/* Story & Tips Section */}
  80 |       <section className="bg-surface-alt py-20 px-6 md:px-12 w-full mt-12 relative overflow-hidden">

Parsing ecmascript source code failed @ http://localhost:3000/_next/static/chunks/node_modules_next_dist_1gdrd03._.js:1945
[ 6785204ms] [ERROR] ./src/app/page.tsx:76:15
Expected '</', got 'jsx text'
  74 |             </div>
  75 |           </div>
> 76 |         </div>
     |               ^^^^^^^^^^^^^^^^^^^^^^^^^^^^^^^^^^^^^^^^^^^^^^^^^^^^^^^^^^^^^^^^^^^^^^^^^^^^^^^^^^^^^^^^^^^^^^^^^^^^^^^^^^^^^^^^^^^^^^^^^^^^^^^^^^^^^^^^^^^^^^^^^^^^^^^^^^^^^^^^^
> 77 |       </section>
     | ^^^^^^
  78 |
  79 |       {/* Story & Tips Section */}
  80 |       <section className="bg-surface-alt py-20 px-6 md:px-12 w-full mt-12 relative overflow-hidden">

Parsing ecmascript source code failed @ http://localhost:3000/_next/static/chunks/node_modules_next_dist_1gdrd03._.js:1945
[ 6785268ms] [ERROR] ./src/app/page.tsx:76:15
Expected '</', got 'jsx text'
  74 |             </div>
  75 |           </div>
> 76 |         </div>
     |               ^^^^^^^^^^^^^^^^^^^^^^^^^^^^^^^^^^^^^^^^^^^^^^^^^^^^^^^^^^^^^^^^^^^^^^^^^^^^^^^^^^^^^^^^^^^^^^^^^^^^^^^^^^^^^^^^^^^^^^^^^^^^^^^^^^^^^^^^^^^^^^^^^^^^^^^^^^^^^^^^^
> 77 |       </section>
     | ^^^^^^
  78 |
  79 |       {/* Story & Tips Section */}
  80 |       <section className="bg-surface-alt py-20 px-6 md:px-12 w-full mt-12 relative overflow-hidden">

Parsing ecmascript source code failed @ http://localhost:3000/_next/static/chunks/node_modules_next_dist_1gdrd03._.js:1945
[ 6785329ms] [ERROR] ./src/app/page.tsx:76:15
Expected '</', got 'jsx text'
  74 |             </div>
  75 |           </div>
> 76 |         </div>
     |               ^^^^^^^^^^^^^^^^^^^^^^^^^^^^^^^^^^^^^^^^^^^^^^^^^^^^^^^^^^^^^^^^^^^^^^^^^^^^^^^^^^^^^^^^^^^^^^^^^^^^^^^^^^^^^^^^^^^^^^^^^^^^^^^^^^^^^^^^^^^^^^^^^^^^^^^^^^^^^^^^^
> 77 |       </section>
     | ^^^^^^
  78 |
  79 |       {/* Story & Tips Section */}
  80 |       <section className="bg-surface-alt py-20 px-6 md:px-12 w-full mt-12 relative overflow-hidden">

Parsing ecmascript source code failed @ http://localhost:3000/_next/static/chunks/node_modules_next_dist_1gdrd03._.js:1945
[ 6785390ms] [ERROR] ./src/app/page.tsx:76:15
Expected '</', got 'jsx text'
  74 |             </div>
  75 |           </div>
> 76 |         </div>
     |               ^^^^^^^^^^^^^^^^^^^^^^^^^^^^^^^^^^^^^^^^^^^^^^^^^^^^^^^^^^^^^^^^^^^^^^^^^^^^^^^^^^^^^^^^^^^^^^^^^^^^^^^^^^^^^^^^^^^^^^^^^^^^^^^^^^^^^^^^^^^^^^^^^^^^^^^^^^^^^^^^^
> 77 |       </section>
     | ^^^^^^
  78 |
  79 |       {/* Story & Tips Section */}
  80 |       <section className="bg-surface-alt py-20 px-6 md:px-12 w-full mt-12 relative overflow-hidden">

Parsing ecmascript source code failed @ http://localhost:3000/_next/static/chunks/node_modules_next_dist_1gdrd03._.js:1945
[ 6785451ms] [ERROR] ./src/app/page.tsx:76:15
Expected '</', got 'jsx text'
  74 |             </div>
  75 |           </div>
> 76 |         </div>
     |               ^^^^^^^^^^^^^^^^^^^^^^^^^^^^^^^^^^^^^^^^^^^^^^^^^^^^^^^^^^^^^^^^^^^^^^^^^^^^^^^^^^^^^^^^^^^^^^^^^^^^^^^^^^^^^^^^^^^^^^^^^^^^^^^^^^^^^^^^^^^^^^^^^^^^^^^^^^^^^^^^^
> 77 |       </section>
     | ^^^^^^
  78 |
  79 |       {/* Story & Tips Section */}
  80 |       <section className="bg-surface-alt py-20 px-6 md:px-12 w-full mt-12 relative overflow-hidden">

Parsing ecmascript source code failed @ http://localhost:3000/_next/static/chunks/node_modules_next_dist_1gdrd03._.js:1945
[ 6785515ms] [ERROR] ./src/app/page.tsx:76:15
Expected '</', got 'jsx text'
  74 |             </div>
  75 |           </div>
> 76 |         </div>
     |               ^^^^^^^^^^^^^^^^^^^^^^^^^^^^^^^^^^^^^^^^^^^^^^^^^^^^^^^^^^^^^^^^^^^^^^^^^^^^^^^^^^^^^^^^^^^^^^^^^^^^^^^^^^^^^^^^^^^^^^^^^^^^^^^^^^^^^^^^^^^^^^^^^^^^^^^^^^^^^^^^^
> 77 |       </section>
     | ^^^^^^
  78 |
  79 |       {/* Story & Tips Section */}
  80 |       <section className="bg-surface-alt py-20 px-6 md:px-12 w-full mt-12 relative overflow-hidden">

Parsing ecmascript source code failed @ http://localhost:3000/_next/static/chunks/node_modules_next_dist_1gdrd03._.js:1945
[ 6785581ms] [ERROR] ./src/app/page.tsx:76:15
Expected '</', got 'jsx text'
  74 |             </div>
  75 |           </div>
> 76 |         </div>
     |               ^^^^^^^^^^^^^^^^^^^^^^^^^^^^^^^^^^^^^^^^^^^^^^^^^^^^^^^^^^^^^^^^^^^^^^^^^^^^^^^^^^^^^^^^^^^^^^^^^^^^^^^^^^^^^^^^^^^^^^^^^^^^^^^^^^^^^^^^^^^^^^^^^^^^^^^^^^^^^^^^^
> 77 |       </section>
     | ^^^^^^
  78 |
  79 |       {/* Story & Tips Section */}
  80 |       <section className="bg-surface-alt py-20 px-6 md:px-12 w-full mt-12 relative overflow-hidden">

Parsing ecmascript source code failed @ http://localhost:3000/_next/static/chunks/node_modules_next_dist_1gdrd03._.js:1945
[ 6785640ms] [ERROR] ./src/app/page.tsx:76:15
Expected '</', got 'jsx text'
  74 |             </div>
  75 |           </div>
> 76 |         </div>
     |               ^^^^^^^^^^^^^^^^^^^^^^^^^^^^^^^^^^^^^^^^^^^^^^^^^^^^^^^^^^^^^^^^^^^^^^^^^^^^^^^^^^^^^^^^^^^^^^^^^^^^^^^^^^^^^^^^^^^^^^^^^^^^^^^^^^^^^^^^^^^^^^^^^^^^^^^^^^^^^^^^^
> 77 |       </section>
     | ^^^^^^
  78 |
  79 |       {/* Story & Tips Section */}
  80 |       <section className="bg-surface-alt py-20 px-6 md:px-12 w-full mt-12 relative overflow-hidden">

Parsing ecmascript source code failed @ http://localhost:3000/_next/static/chunks/node_modules_next_dist_1gdrd03._.js:1945
[ 6785705ms] [ERROR] ./src/app/page.tsx:76:15
Expected '</', got 'jsx text'
  74 |             </div>
  75 |           </div>
> 76 |         </div>
     |               ^^^^^^^^^^^^^^^^^^^^^^^^^^^^^^^^^^^^^^^^^^^^^^^^^^^^^^^^^^^^^^^^^^^^^^^^^^^^^^^^^^^^^^^^^^^^^^^^^^^^^^^^^^^^^^^^^^^^^^^^^^^^^^^^^^^^^^^^^^^^^^^^^^^^^^^^^^^^^^^^^
> 77 |       </section>
     | ^^^^^^
  78 |
  79 |       {/* Story & Tips Section */}
  80 |       <section className="bg-surface-alt py-20 px-6 md:px-12 w-full mt-12 relative overflow-hidden">

Parsing ecmascript source code failed @ http://localhost:3000/_next/static/chunks/node_modules_next_dist_1gdrd03._.js:1945
[ 6785818ms] [LOG] [Fast Refresh] rebuilding @ http://localhost:3000/_next/static/chunks/node_modules_next_dist_1gdrd03._.js:1226
[ 6785831ms] [ERROR] ./src/app/page.tsx:76:15
Expected '</', got 'jsx text'
  74 |             </div>
  75 |           </div>
> 76 |         </div>
     |               ^^^^^^^^^^^^^^^^^^^^^^^^^^^^^^^^^^^^^^^^^^^^^^^^^^^^^^^^^^^^^^^^^^^^^^^^^^^^^^^^^^^^^^^^^^^^^^^^^^^^^^^^^^^^^^^^^^^^^^^^^^^^^^^^^^^^^^^^^^^^^^^^^^^^^^^^^^^^^^^^^
> 77 |       </section>
     | ^^^^^^
  78 |
  79 |       {/* Story & Tips Section */}
  80 |       <section className="bg-surface-alt py-20 px-6 md:px-12 w-full mt-12 relative overflow-hidden">

Parsing ecmascript source code failed @ http://localhost:3000/_next/static/chunks/node_modules_next_dist_1gdrd03._.js:1945
[ 6785903ms] [ERROR] ./src/app/page.tsx:76:15
Expected '</', got 'jsx text'
  74 |             </div>
  75 |           </div>
> 76 |         </div>
     |               ^^^^^^^^^^^^^^^^^^^^^^^^^^^^^^^^^^^^^^^^^^^^^^^^^^^^^^^^^^^^^^^^^^^^^^^^^^^^^^^^^^^^^^^^^^^^^^^^^^^^^^^^^^^^^^^^^^^^^^^^^^^^^^^^^^^^^^^^^^^^^^^^^^^^^^^^^^^^^^^^^
> 77 |       </section>
     | ^^^^^^
  78 |
  79 |       {/* Story & Tips Section */}
  80 |       <section className="bg-surface-alt py-20 px-6 md:px-12 w-full mt-12 relative overflow-hidden">

Parsing ecmascript source code failed @ http://localhost:3000/_next/static/chunks/node_modules_next_dist_1gdrd03._.js:1945
[ 6785965ms] [ERROR] ./src/app/page.tsx:76:15
Expected '</', got 'jsx text'
  74 |             </div>
  75 |           </div>
> 76 |         </div>
     |               ^^^^^^^^^^^^^^^^^^^^^^^^^^^^^^^^^^^^^^^^^^^^^^^^^^^^^^^^^^^^^^^^^^^^^^^^^^^^^^^^^^^^^^^^^^^^^^^^^^^^^^^^^^^^^^^^^^^^^^^^^^^^^^^^^^^^^^^^^^^^^^^^^^^^^^^^^^^^^^^^^
> 77 |       </section>
     | ^^^^^^
  78 |
  79 |       {/* Story & Tips Section */}
  80 |       <section className="bg-surface-alt py-20 px-6 md:px-12 w-full mt-12 relative overflow-hidden">

Parsing ecmascript source code failed @ http://localhost:3000/_next/static/chunks/node_modules_next_dist_1gdrd03._.js:1945
[ 6786028ms] [ERROR] ./src/app/page.tsx:76:15
Expected '</', got 'jsx text'
  74 |             </div>
  75 |           </div>
> 76 |         </div>
     |               ^^^^^^^^^^^^^^^^^^^^^^^^^^^^^^^^^^^^^^^^^^^^^^^^^^^^^^^^^^^^^^^^^^^^^^^^^^^^^^^^^^^^^^^^^^^^^^^^^^^^^^^^^^^^^^^^^^^^^^^^^^^^^^^^^^^^^^^^^^^^^^^^^^^^^^^^^^^^^^^^^
> 77 |       </section>
     | ^^^^^^
  78 |
  79 |       {/* Story & Tips Section */}
  80 |       <section className="bg-surface-alt py-20 px-6 md:px-12 w-full mt-12 relative overflow-hidden">

Parsing ecmascript source code failed @ http://localhost:3000/_next/static/chunks/node_modules_next_dist_1gdrd03._.js:1945
[ 6786087ms] [ERROR] ./src/app/page.tsx:76:15
Expected '</', got 'jsx text'
  74 |             </div>
  75 |           </div>
> 76 |         </div>
     |               ^^^^^^^^^^^^^^^^^^^^^^^^^^^^^^^^^^^^^^^^^^^^^^^^^^^^^^^^^^^^^^^^^^^^^^^^^^^^^^^^^^^^^^^^^^^^^^^^^^^^^^^^^^^^^^^^^^^^^^^^^^^^^^^^^^^^^^^^^^^^^^^^^^^^^^^^^^^^^^^^^
> 77 |       </section>
     | ^^^^^^
  78 |
  79 |       {/* Story & Tips Section */}
  80 |       <section className="bg-surface-alt py-20 px-6 md:px-12 w-full mt-12 relative overflow-hidden">

Parsing ecmascript source code failed @ http://localhost:3000/_next/static/chunks/node_modules_next_dist_1gdrd03._.js:1945
[ 6786148ms] [ERROR] ./src/app/page.tsx:76:15
Expected '</', got 'jsx text'
  74 |             </div>
  75 |           </div>
> 76 |         </div>
     |               ^^^^^^^^^^^^^^^^^^^^^^^^^^^^^^^^^^^^^^^^^^^^^^^^^^^^^^^^^^^^^^^^^^^^^^^^^^^^^^^^^^^^^^^^^^^^^^^^^^^^^^^^^^^^^^^^^^^^^^^^^^^^^^^^^^^^^^^^^^^^^^^^^^^^^^^^^^^^^^^^^
> 77 |       </section>
     | ^^^^^^
  78 |
  79 |       {/* Story & Tips Section */}
  80 |       <section className="bg-surface-alt py-20 px-6 md:px-12 w-full mt-12 relative overflow-hidden">

Parsing ecmascript source code failed @ http://localhost:3000/_next/static/chunks/node_modules_next_dist_1gdrd03._.js:1945
[ 6786210ms] [ERROR] ./src/app/page.tsx:76:15
Expected '</', got 'jsx text'
  74 |             </div>
  75 |           </div>
> 76 |         </div>
     |               ^^^^^^^^^^^^^^^^^^^^^^^^^^^^^^^^^^^^^^^^^^^^^^^^^^^^^^^^^^^^^^^^^^^^^^^^^^^^^^^^^^^^^^^^^^^^^^^^^^^^^^^^^^^^^^^^^^^^^^^^^^^^^^^^^^^^^^^^^^^^^^^^^^^^^^^^^^^^^^^^^
> 77 |       </section>
     | ^^^^^^
  78 |
  79 |       {/* Story & Tips Section */}
  80 |       <section className="bg-surface-alt py-20 px-6 md:px-12 w-full mt-12 relative overflow-hidden">

Parsing ecmascript source code failed @ http://localhost:3000/_next/static/chunks/node_modules_next_dist_1gdrd03._.js:1945
[ 6786271ms] [ERROR] ./src/app/page.tsx:76:15
Expected '</', got 'jsx text'
  74 |             </div>
  75 |           </div>
> 76 |         </div>
     |               ^^^^^^^^^^^^^^^^^^^^^^^^^^^^^^^^^^^^^^^^^^^^^^^^^^^^^^^^^^^^^^^^^^^^^^^^^^^^^^^^^^^^^^^^^^^^^^^^^^^^^^^^^^^^^^^^^^^^^^^^^^^^^^^^^^^^^^^^^^^^^^^^^^^^^^^^^^^^^^^^^
> 77 |       </section>
     | ^^^^^^
  78 |
  79 |       {/* Story & Tips Section */}
  80 |       <section className="bg-surface-alt py-20 px-6 md:px-12 w-full mt-12 relative overflow-hidden">

Parsing ecmascript source code failed @ http://localhost:3000/_next/static/chunks/node_modules_next_dist_1gdrd03._.js:1945
[ 6786333ms] [ERROR] ./src/app/page.tsx:76:15
Expected '</', got 'jsx text'
  74 |             </div>
  75 |           </div>
> 76 |         </div>
     |               ^^^^^^^^^^^^^^^^^^^^^^^^^^^^^^^^^^^^^^^^^^^^^^^^^^^^^^^^^^^^^^^^^^^^^^^^^^^^^^^^^^^^^^^^^^^^^^^^^^^^^^^^^^^^^^^^^^^^^^^^^^^^^^^^^^^^^^^^^^^^^^^^^^^^^^^^^^^^^^^^^
> 77 |       </section>
     | ^^^^^^
  78 |
  79 |       {/* Story & Tips Section */}
  80 |       <section className="bg-surface-alt py-20 px-6 md:px-12 w-full mt-12 relative overflow-hidden">

Parsing ecmascript source code failed @ http://localhost:3000/_next/static/chunks/node_modules_next_dist_1gdrd03._.js:1945
[ 6786397ms] [ERROR] ./src/app/page.tsx:76:15
Expected '</', got 'jsx text'
  74 |             </div>
  75 |           </div>
> 76 |         </div>
     |               ^^^^^^^^^^^^^^^^^^^^^^^^^^^^^^^^^^^^^^^^^^^^^^^^^^^^^^^^^^^^^^^^^^^^^^^^^^^^^^^^^^^^^^^^^^^^^^^^^^^^^^^^^^^^^^^^^^^^^^^^^^^^^^^^^^^^^^^^^^^^^^^^^^^^^^^^^^^^^^^^^
> 77 |       </section>
     | ^^^^^^
  78 |
  79 |       {/* Story & Tips Section */}
  80 |       <section className="bg-surface-alt py-20 px-6 md:px-12 w-full mt-12 relative overflow-hidden">

Parsing ecmascript source code failed @ http://localhost:3000/_next/static/chunks/node_modules_next_dist_1gdrd03._.js:1945
[ 6786455ms] [ERROR] ./src/app/page.tsx:76:15
Expected '</', got 'jsx text'
  74 |             </div>
  75 |           </div>
> 76 |         </div>
     |               ^^^^^^^^^^^^^^^^^^^^^^^^^^^^^^^^^^^^^^^^^^^^^^^^^^^^^^^^^^^^^^^^^^^^^^^^^^^^^^^^^^^^^^^^^^^^^^^^^^^^^^^^^^^^^^^^^^^^^^^^^^^^^^^^^^^^^^^^^^^^^^^^^^^^^^^^^^^^^^^^^
> 77 |       </section>
     | ^^^^^^
  78 |
  79 |       {/* Story & Tips Section */}
  80 |       <section className="bg-surface-alt py-20 px-6 md:px-12 w-full mt-12 relative overflow-hidden">

Parsing ecmascript source code failed @ http://localhost:3000/_next/static/chunks/node_modules_next_dist_1gdrd03._.js:1945
[ 6786517ms] [ERROR] ./src/app/page.tsx:76:15
Expected '</', got 'jsx text'
  74 |             </div>
  75 |           </div>
> 76 |         </div>
     |               ^^^^^^^^^^^^^^^^^^^^^^^^^^^^^^^^^^^^^^^^^^^^^^^^^^^^^^^^^^^^^^^^^^^^^^^^^^^^^^^^^^^^^^^^^^^^^^^^^^^^^^^^^^^^^^^^^^^^^^^^^^^^^^^^^^^^^^^^^^^^^^^^^^^^^^^^^^^^^^^^^
> 77 |       </section>
     | ^^^^^^
  78 |
  79 |       {/* Story & Tips Section */}
  80 |       <section className="bg-surface-alt py-20 px-6 md:px-12 w-full mt-12 relative overflow-hidden">

Parsing ecmascript source code failed @ http://localhost:3000/_next/static/chunks/node_modules_next_dist_1gdrd03._.js:1945
[ 6786581ms] [ERROR] ./src/app/page.tsx:76:15
Expected '</', got 'jsx text'
  74 |             </div>
  75 |           </div>
> 76 |         </div>
     |               ^^^^^^^^^^^^^^^^^^^^^^^^^^^^^^^^^^^^^^^^^^^^^^^^^^^^^^^^^^^^^^^^^^^^^^^^^^^^^^^^^^^^^^^^^^^^^^^^^^^^^^^^^^^^^^^^^^^^^^^^^^^^^^^^^^^^^^^^^^^^^^^^^^^^^^^^^^^^^^^^^
> 77 |       </section>
     | ^^^^^^
  78 |
  79 |       {/* Story & Tips Section */}
  80 |       <section className="bg-surface-alt py-20 px-6 md:px-12 w-full mt-12 relative overflow-hidden">

Parsing ecmascript source code failed @ http://localhost:3000/_next/static/chunks/node_modules_next_dist_1gdrd03._.js:1945
[ 6786641ms] [ERROR] ./src/app/page.tsx:76:15
Expected '</', got 'jsx text'
  74 |             </div>
  75 |           </div>
> 76 |         </div>
     |               ^^^^^^^^^^^^^^^^^^^^^^^^^^^^^^^^^^^^^^^^^^^^^^^^^^^^^^^^^^^^^^^^^^^^^^^^^^^^^^^^^^^^^^^^^^^^^^^^^^^^^^^^^^^^^^^^^^^^^^^^^^^^^^^^^^^^^^^^^^^^^^^^^^^^^^^^^^^^^^^^^
> 77 |       </section>
     | ^^^^^^
  78 |
  79 |       {/* Story & Tips Section */}
  80 |       <section className="bg-surface-alt py-20 px-6 md:px-12 w-full mt-12 relative overflow-hidden">

Parsing ecmascript source code failed @ http://localhost:3000/_next/static/chunks/node_modules_next_dist_1gdrd03._.js:1945
[ 6786717ms] [ERROR] ./src/app/page.tsx:76:15
Expected '</', got 'jsx text'
  74 |             </div>
  75 |           </div>
> 76 |         </div>
     |               ^^^^^^^^^^^^^^^^^^^^^^^^^^^^^^^^^^^^^^^^^^^^^^^^^^^^^^^^^^^^^^^^^^^^^^^^^^^^^^^^^^^^^^^^^^^^^^^^^^^^^^^^^^^^^^^^^^^^^^^^^^^^^^^^^^^^^^^^^^^^^^^^^^^^^^^^^^^^^^^^^
> 77 |       </section>
     | ^^^^^^
  78 |
  79 |       {/* Story & Tips Section */}
  80 |       <section className="bg-surface-alt py-20 px-6 md:px-12 w-full mt-12 relative overflow-hidden">

Parsing ecmascript source code failed @ http://localhost:3000/_next/static/chunks/node_modules_next_dist_1gdrd03._.js:1945
[ 6786779ms] [ERROR] ./src/app/page.tsx:76:15
Expected '</', got 'jsx text'
  74 |             </div>
  75 |           </div>
> 76 |         </div>
     |               ^^^^^^^^^^^^^^^^^^^^^^^^^^^^^^^^^^^^^^^^^^^^^^^^^^^^^^^^^^^^^^^^^^^^^^^^^^^^^^^^^^^^^^^^^^^^^^^^^^^^^^^^^^^^^^^^^^^^^^^^^^^^^^^^^^^^^^^^^^^^^^^^^^^^^^^^^^^^^^^^^
> 77 |       </section>
     | ^^^^^^
  78 |
  79 |       {/* Story & Tips Section */}
  80 |       <section className="bg-surface-alt py-20 px-6 md:px-12 w-full mt-12 relative overflow-hidden">

Parsing ecmascript source code failed @ http://localhost:3000/_next/static/chunks/node_modules_next_dist_1gdrd03._.js:1945
[ 6786840ms] [ERROR] ./src/app/page.tsx:76:15
Expected '</', got 'jsx text'
  74 |             </div>
  75 |           </div>
> 76 |         </div>
     |               ^^^^^^^^^^^^^^^^^^^^^^^^^^^^^^^^^^^^^^^^^^^^^^^^^^^^^^^^^^^^^^^^^^^^^^^^^^^^^^^^^^^^^^^^^^^^^^^^^^^^^^^^^^^^^^^^^^^^^^^^^^^^^^^^^^^^^^^^^^^^^^^^^^^^^^^^^^^^^^^^^
> 77 |       </section>
     | ^^^^^^
  78 |
  79 |       {/* Story & Tips Section */}
  80 |       <section className="bg-surface-alt py-20 px-6 md:px-12 w-full mt-12 relative overflow-hidden">

Parsing ecmascript source code failed @ http://localhost:3000/_next/static/chunks/node_modules_next_dist_1gdrd03._.js:1945
[ 6786901ms] [ERROR] ./src/app/page.tsx:76:15
Expected '</', got 'jsx text'
  74 |             </div>
  75 |           </div>
> 76 |         </div>
     |               ^^^^^^^^^^^^^^^^^^^^^^^^^^^^^^^^^^^^^^^^^^^^^^^^^^^^^^^^^^^^^^^^^^^^^^^^^^^^^^^^^^^^^^^^^^^^^^^^^^^^^^^^^^^^^^^^^^^^^^^^^^^^^^^^^^^^^^^^^^^^^^^^^^^^^^^^^^^^^^^^^
> 77 |       </section>
     | ^^^^^^
  78 |
  79 |       {/* Story & Tips Section */}
  80 |       <section className="bg-surface-alt py-20 px-6 md:px-12 w-full mt-12 relative overflow-hidden">

Parsing ecmascript source code failed @ http://localhost:3000/_next/static/chunks/node_modules_next_dist_1gdrd03._.js:1945
[ 6786965ms] [ERROR] ./src/app/page.tsx:76:15
Expected '</', got 'jsx text'
  74 |             </div>
  75 |           </div>
> 76 |         </div>
     |               ^^^^^^^^^^^^^^^^^^^^^^^^^^^^^^^^^^^^^^^^^^^^^^^^^^^^^^^^^^^^^^^^^^^^^^^^^^^^^^^^^^^^^^^^^^^^^^^^^^^^^^^^^^^^^^^^^^^^^^^^^^^^^^^^^^^^^^^^^^^^^^^^^^^^^^^^^^^^^^^^^
> 77 |       </section>
     | ^^^^^^
  78 |
  79 |       {/* Story & Tips Section */}
  80 |       <section className="bg-surface-alt py-20 px-6 md:px-12 w-full mt-12 relative overflow-hidden">

Parsing ecmascript source code failed @ http://localhost:3000/_next/static/chunks/node_modules_next_dist_1gdrd03._.js:1945
[ 6787026ms] [ERROR] ./src/app/page.tsx:76:15
Expected '</', got 'jsx text'
  74 |             </div>
  75 |           </div>
> 76 |         </div>
     |               ^^^^^^^^^^^^^^^^^^^^^^^^^^^^^^^^^^^^^^^^^^^^^^^^^^^^^^^^^^^^^^^^^^^^^^^^^^^^^^^^^^^^^^^^^^^^^^^^^^^^^^^^^^^^^^^^^^^^^^^^^^^^^^^^^^^^^^^^^^^^^^^^^^^^^^^^^^^^^^^^^
> 77 |       </section>
     | ^^^^^^
  78 |
  79 |       {/* Story & Tips Section */}
  80 |       <section className="bg-surface-alt py-20 px-6 md:px-12 w-full mt-12 relative overflow-hidden">

Parsing ecmascript source code failed @ http://localhost:3000/_next/static/chunks/node_modules_next_dist_1gdrd03._.js:1945
[ 6787086ms] [ERROR] ./src/app/page.tsx:76:15
Expected '</', got 'jsx text'
  74 |             </div>
  75 |           </div>
> 76 |         </div>
     |               ^^^^^^^^^^^^^^^^^^^^^^^^^^^^^^^^^^^^^^^^^^^^^^^^^^^^^^^^^^^^^^^^^^^^^^^^^^^^^^^^^^^^^^^^^^^^^^^^^^^^^^^^^^^^^^^^^^^^^^^^^^^^^^^^^^^^^^^^^^^^^^^^^^^^^^^^^^^^^^^^^
> 77 |       </section>
     | ^^^^^^
  78 |
  79 |       {/* Story & Tips Section */}
  80 |       <section className="bg-surface-alt py-20 px-6 md:px-12 w-full mt-12 relative overflow-hidden">

Parsing ecmascript source code failed @ http://localhost:3000/_next/static/chunks/node_modules_next_dist_1gdrd03._.js:1945
[ 6787149ms] [ERROR] ./src/app/page.tsx:76:15
Expected '</', got 'jsx text'
  74 |             </div>
  75 |           </div>
> 76 |         </div>
     |               ^^^^^^^^^^^^^^^^^^^^^^^^^^^^^^^^^^^^^^^^^^^^^^^^^^^^^^^^^^^^^^^^^^^^^^^^^^^^^^^^^^^^^^^^^^^^^^^^^^^^^^^^^^^^^^^^^^^^^^^^^^^^^^^^^^^^^^^^^^^^^^^^^^^^^^^^^^^^^^^^^
> 77 |       </section>
     | ^^^^^^
  78 |
  79 |       {/* Story & Tips Section */}
  80 |       <section className="bg-surface-alt py-20 px-6 md:px-12 w-full mt-12 relative overflow-hidden">

Parsing ecmascript source code failed @ http://localhost:3000/_next/static/chunks/node_modules_next_dist_1gdrd03._.js:1945
[ 6787212ms] [ERROR] ./src/app/page.tsx:76:15
Expected '</', got 'jsx text'
  74 |             </div>
  75 |           </div>
> 76 |         </div>
     |               ^^^^^^^^^^^^^^^^^^^^^^^^^^^^^^^^^^^^^^^^^^^^^^^^^^^^^^^^^^^^^^^^^^^^^^^^^^^^^^^^^^^^^^^^^^^^^^^^^^^^^^^^^^^^^^^^^^^^^^^^^^^^^^^^^^^^^^^^^^^^^^^^^^^^^^^^^^^^^^^^^
> 77 |       </section>
     | ^^^^^^
  78 |
  79 |       {/* Story & Tips Section */}
  80 |       <section className="bg-surface-alt py-20 px-6 md:px-12 w-full mt-12 relative overflow-hidden">

Parsing ecmascript source code failed @ http://localhost:3000/_next/static/chunks/node_modules_next_dist_1gdrd03._.js:1945
[ 6787274ms] [ERROR] ./src/app/page.tsx:76:15
Expected '</', got 'jsx text'
  74 |             </div>
  75 |           </div>
> 76 |         </div>
     |               ^^^^^^^^^^^^^^^^^^^^^^^^^^^^^^^^^^^^^^^^^^^^^^^^^^^^^^^^^^^^^^^^^^^^^^^^^^^^^^^^^^^^^^^^^^^^^^^^^^^^^^^^^^^^^^^^^^^^^^^^^^^^^^^^^^^^^^^^^^^^^^^^^^^^^^^^^^^^^^^^^
> 77 |       </section>
     | ^^^^^^
  78 |
  79 |       {/* Story & Tips Section */}
  80 |       <section className="bg-surface-alt py-20 px-6 md:px-12 w-full mt-12 relative overflow-hidden">

Parsing ecmascript source code failed @ http://localhost:3000/_next/static/chunks/node_modules_next_dist_1gdrd03._.js:1945
[ 6787337ms] [ERROR] ./src/app/page.tsx:76:15
Expected '</', got 'jsx text'
  74 |             </div>
  75 |           </div>
> 76 |         </div>
     |               ^^^^^^^^^^^^^^^^^^^^^^^^^^^^^^^^^^^^^^^^^^^^^^^^^^^^^^^^^^^^^^^^^^^^^^^^^^^^^^^^^^^^^^^^^^^^^^^^^^^^^^^^^^^^^^^^^^^^^^^^^^^^^^^^^^^^^^^^^^^^^^^^^^^^^^^^^^^^^^^^^
> 77 |       </section>
     | ^^^^^^
  78 |
  79 |       {/* Story & Tips Section */}
  80 |       <section className="bg-surface-alt py-20 px-6 md:px-12 w-full mt-12 relative overflow-hidden">

Parsing ecmascript source code failed @ http://localhost:3000/_next/static/chunks/node_modules_next_dist_1gdrd03._.js:1945
[ 6787401ms] [ERROR] ./src/app/page.tsx:76:15
Expected '</', got 'jsx text'
  74 |             </div>
  75 |           </div>
> 76 |         </div>
     |               ^^^^^^^^^^^^^^^^^^^^^^^^^^^^^^^^^^^^^^^^^^^^^^^^^^^^^^^^^^^^^^^^^^^^^^^^^^^^^^^^^^^^^^^^^^^^^^^^^^^^^^^^^^^^^^^^^^^^^^^^^^^^^^^^^^^^^^^^^^^^^^^^^^^^^^^^^^^^^^^^^
> 77 |       </section>
     | ^^^^^^
  78 |
  79 |       {/* Story & Tips Section */}
  80 |       <section className="bg-surface-alt py-20 px-6 md:px-12 w-full mt-12 relative overflow-hidden">

Parsing ecmascript source code failed @ http://localhost:3000/_next/static/chunks/node_modules_next_dist_1gdrd03._.js:1945
[ 6787463ms] [ERROR] ./src/app/page.tsx:76:15
Expected '</', got 'jsx text'
  74 |             </div>
  75 |           </div>
> 76 |         </div>
     |               ^^^^^^^^^^^^^^^^^^^^^^^^^^^^^^^^^^^^^^^^^^^^^^^^^^^^^^^^^^^^^^^^^^^^^^^^^^^^^^^^^^^^^^^^^^^^^^^^^^^^^^^^^^^^^^^^^^^^^^^^^^^^^^^^^^^^^^^^^^^^^^^^^^^^^^^^^^^^^^^^^
> 77 |       </section>
     | ^^^^^^
  78 |
  79 |       {/* Story & Tips Section */}
  80 |       <section className="bg-surface-alt py-20 px-6 md:px-12 w-full mt-12 relative overflow-hidden">

Parsing ecmascript source code failed @ http://localhost:3000/_next/static/chunks/node_modules_next_dist_1gdrd03._.js:1945
[ 6787525ms] [ERROR] ./src/app/page.tsx:76:15
Expected '</', got 'jsx text'
  74 |             </div>
  75 |           </div>
> 76 |         </div>
     |               ^^^^^^^^^^^^^^^^^^^^^^^^^^^^^^^^^^^^^^^^^^^^^^^^^^^^^^^^^^^^^^^^^^^^^^^^^^^^^^^^^^^^^^^^^^^^^^^^^^^^^^^^^^^^^^^^^^^^^^^^^^^^^^^^^^^^^^^^^^^^^^^^^^^^^^^^^^^^^^^^^
> 77 |       </section>
     | ^^^^^^
  78 |
  79 |       {/* Story & Tips Section */}
  80 |       <section className="bg-surface-alt py-20 px-6 md:px-12 w-full mt-12 relative overflow-hidden">

Parsing ecmascript source code failed @ http://localhost:3000/_next/static/chunks/node_modules_next_dist_1gdrd03._.js:1945
[ 6787587ms] [ERROR] ./src/app/page.tsx:76:15
Expected '</', got 'jsx text'
  74 |             </div>
  75 |           </div>
> 76 |         </div>
     |               ^^^^^^^^^^^^^^^^^^^^^^^^^^^^^^^^^^^^^^^^^^^^^^^^^^^^^^^^^^^^^^^^^^^^^^^^^^^^^^^^^^^^^^^^^^^^^^^^^^^^^^^^^^^^^^^^^^^^^^^^^^^^^^^^^^^^^^^^^^^^^^^^^^^^^^^^^^^^^^^^^
> 77 |       </section>
     | ^^^^^^
  78 |
  79 |       {/* Story & Tips Section */}
  80 |       <section className="bg-surface-alt py-20 px-6 md:px-12 w-full mt-12 relative overflow-hidden">

Parsing ecmascript source code failed @ http://localhost:3000/_next/static/chunks/node_modules_next_dist_1gdrd03._.js:1945
[ 6787649ms] [ERROR] ./src/app/page.tsx:76:15
Expected '</', got 'jsx text'
  74 |             </div>
  75 |           </div>
> 76 |         </div>
     |               ^^^^^^^^^^^^^^^^^^^^^^^^^^^^^^^^^^^^^^^^^^^^^^^^^^^^^^^^^^^^^^^^^^^^^^^^^^^^^^^^^^^^^^^^^^^^^^^^^^^^^^^^^^^^^^^^^^^^^^^^^^^^^^^^^^^^^^^^^^^^^^^^^^^^^^^^^^^^^^^^^
> 77 |       </section>
     | ^^^^^^
  78 |
  79 |       {/* Story & Tips Section */}
  80 |       <section className="bg-surface-alt py-20 px-6 md:px-12 w-full mt-12 relative overflow-hidden">

Parsing ecmascript source code failed @ http://localhost:3000/_next/static/chunks/node_modules_next_dist_1gdrd03._.js:1945
[ 6787712ms] [ERROR] ./src/app/page.tsx:76:15
Expected '</', got 'jsx text'
  74 |             </div>
  75 |           </div>
> 76 |         </div>
     |               ^^^^^^^^^^^^^^^^^^^^^^^^^^^^^^^^^^^^^^^^^^^^^^^^^^^^^^^^^^^^^^^^^^^^^^^^^^^^^^^^^^^^^^^^^^^^^^^^^^^^^^^^^^^^^^^^^^^^^^^^^^^^^^^^^^^^^^^^^^^^^^^^^^^^^^^^^^^^^^^^^
> 77 |       </section>
     | ^^^^^^
  78 |
  79 |       {/* Story & Tips Section */}
  80 |       <section className="bg-surface-alt py-20 px-6 md:px-12 w-full mt-12 relative overflow-hidden">

Parsing ecmascript source code failed @ http://localhost:3000/_next/static/chunks/node_modules_next_dist_1gdrd03._.js:1945
[ 6787773ms] [ERROR] ./src/app/page.tsx:76:15
Expected '</', got 'jsx text'
  74 |             </div>
  75 |           </div>
> 76 |         </div>
     |               ^^^^^^^^^^^^^^^^^^^^^^^^^^^^^^^^^^^^^^^^^^^^^^^^^^^^^^^^^^^^^^^^^^^^^^^^^^^^^^^^^^^^^^^^^^^^^^^^^^^^^^^^^^^^^^^^^^^^^^^^^^^^^^^^^^^^^^^^^^^^^^^^^^^^^^^^^^^^^^^^^
> 77 |       </section>
     | ^^^^^^
  78 |
  79 |       {/* Story & Tips Section */}
  80 |       <section className="bg-surface-alt py-20 px-6 md:px-12 w-full mt-12 relative overflow-hidden">

Parsing ecmascript source code failed @ http://localhost:3000/_next/static/chunks/node_modules_next_dist_1gdrd03._.js:1945
[ 6787834ms] [ERROR] ./src/app/page.tsx:76:15
Expected '</', got 'jsx text'
  74 |             </div>
  75 |           </div>
> 76 |         </div>
     |               ^^^^^^^^^^^^^^^^^^^^^^^^^^^^^^^^^^^^^^^^^^^^^^^^^^^^^^^^^^^^^^^^^^^^^^^^^^^^^^^^^^^^^^^^^^^^^^^^^^^^^^^^^^^^^^^^^^^^^^^^^^^^^^^^^^^^^^^^^^^^^^^^^^^^^^^^^^^^^^^^^
> 77 |       </section>
     | ^^^^^^
  78 |
  79 |       {/* Story & Tips Section */}
  80 |       <section className="bg-surface-alt py-20 px-6 md:px-12 w-full mt-12 relative overflow-hidden">

Parsing ecmascript source code failed @ http://localhost:3000/_next/static/chunks/node_modules_next_dist_1gdrd03._.js:1945
[ 6787894ms] [ERROR] ./src/app/page.tsx:76:15
Expected '</', got 'jsx text'
  74 |             </div>
  75 |           </div>
> 76 |         </div>
     |               ^^^^^^^^^^^^^^^^^^^^^^^^^^^^^^^^^^^^^^^^^^^^^^^^^^^^^^^^^^^^^^^^^^^^^^^^^^^^^^^^^^^^^^^^^^^^^^^^^^^^^^^^^^^^^^^^^^^^^^^^^^^^^^^^^^^^^^^^^^^^^^^^^^^^^^^^^^^^^^^^^
> 77 |       </section>
     | ^^^^^^
  78 |
  79 |       {/* Story & Tips Section */}
  80 |       <section className="bg-surface-alt py-20 px-6 md:px-12 w-full mt-12 relative overflow-hidden">

Parsing ecmascript source code failed @ http://localhost:3000/_next/static/chunks/node_modules_next_dist_1gdrd03._.js:1945
[ 6787956ms] [ERROR] ./src/app/page.tsx:76:15
Expected '</', got 'jsx text'
  74 |             </div>
  75 |           </div>
> 76 |         </div>
     |               ^^^^^^^^^^^^^^^^^^^^^^^^^^^^^^^^^^^^^^^^^^^^^^^^^^^^^^^^^^^^^^^^^^^^^^^^^^^^^^^^^^^^^^^^^^^^^^^^^^^^^^^^^^^^^^^^^^^^^^^^^^^^^^^^^^^^^^^^^^^^^^^^^^^^^^^^^^^^^^^^^
> 77 |       </section>
     | ^^^^^^
  78 |
  79 |       {/* Story & Tips Section */}
  80 |       <section className="bg-surface-alt py-20 px-6 md:px-12 w-full mt-12 relative overflow-hidden">

Parsing ecmascript source code failed @ http://localhost:3000/_next/static/chunks/node_modules_next_dist_1gdrd03._.js:1945
[ 6788018ms] [ERROR] ./src/app/page.tsx:76:15
Expected '</', got 'jsx text'
  74 |             </div>
  75 |           </div>
> 76 |         </div>
     |               ^^^^^^^^^^^^^^^^^^^^^^^^^^^^^^^^^^^^^^^^^^^^^^^^^^^^^^^^^^^^^^^^^^^^^^^^^^^^^^^^^^^^^^^^^^^^^^^^^^^^^^^^^^^^^^^^^^^^^^^^^^^^^^^^^^^^^^^^^^^^^^^^^^^^^^^^^^^^^^^^^
> 77 |       </section>
     | ^^^^^^
  78 |
  79 |       {/* Story & Tips Section */}
  80 |       <section className="bg-surface-alt py-20 px-6 md:px-12 w-full mt-12 relative overflow-hidden">

Parsing ecmascript source code failed @ http://localhost:3000/_next/static/chunks/node_modules_next_dist_1gdrd03._.js:1945
[ 6788081ms] [ERROR] ./src/app/page.tsx:76:15
Expected '</', got 'jsx text'
  74 |             </div>
  75 |           </div>
> 76 |         </div>
     |               ^^^^^^^^^^^^^^^^^^^^^^^^^^^^^^^^^^^^^^^^^^^^^^^^^^^^^^^^^^^^^^^^^^^^^^^^^^^^^^^^^^^^^^^^^^^^^^^^^^^^^^^^^^^^^^^^^^^^^^^^^^^^^^^^^^^^^^^^^^^^^^^^^^^^^^^^^^^^^^^^^
> 77 |       </section>
     | ^^^^^^
  78 |
  79 |       {/* Story & Tips Section */}
  80 |       <section className="bg-surface-alt py-20 px-6 md:px-12 w-full mt-12 relative overflow-hidden">

Parsing ecmascript source code failed @ http://localhost:3000/_next/static/chunks/node_modules_next_dist_1gdrd03._.js:1945
[ 6788142ms] [ERROR] ./src/app/page.tsx:76:15
Expected '</', got 'jsx text'
  74 |             </div>
  75 |           </div>
> 76 |         </div>
     |               ^^^^^^^^^^^^^^^^^^^^^^^^^^^^^^^^^^^^^^^^^^^^^^^^^^^^^^^^^^^^^^^^^^^^^^^^^^^^^^^^^^^^^^^^^^^^^^^^^^^^^^^^^^^^^^^^^^^^^^^^^^^^^^^^^^^^^^^^^^^^^^^^^^^^^^^^^^^^^^^^^
> 77 |       </section>
     | ^^^^^^
  78 |
  79 |       {/* Story & Tips Section */}
  80 |       <section className="bg-surface-alt py-20 px-6 md:px-12 w-full mt-12 relative overflow-hidden">

Parsing ecmascript source code failed @ http://localhost:3000/_next/static/chunks/node_modules_next_dist_1gdrd03._.js:1945
[ 6788204ms] [ERROR] ./src/app/page.tsx:76:15
Expected '</', got 'jsx text'
  74 |             </div>
  75 |           </div>
> 76 |         </div>
     |               ^^^^^^^^^^^^^^^^^^^^^^^^^^^^^^^^^^^^^^^^^^^^^^^^^^^^^^^^^^^^^^^^^^^^^^^^^^^^^^^^^^^^^^^^^^^^^^^^^^^^^^^^^^^^^^^^^^^^^^^^^^^^^^^^^^^^^^^^^^^^^^^^^^^^^^^^^^^^^^^^^
> 77 |       </section>
     | ^^^^^^
  78 |
  79 |       {/* Story & Tips Section */}
  80 |       <section className="bg-surface-alt py-20 px-6 md:px-12 w-full mt-12 relative overflow-hidden">

Parsing ecmascript source code failed @ http://localhost:3000/_next/static/chunks/node_modules_next_dist_1gdrd03._.js:1945
[ 6788266ms] [ERROR] ./src/app/page.tsx:76:15
Expected '</', got 'jsx text'
  74 |             </div>
  75 |           </div>
> 76 |         </div>
     |               ^^^^^^^^^^^^^^^^^^^^^^^^^^^^^^^^^^^^^^^^^^^^^^^^^^^^^^^^^^^^^^^^^^^^^^^^^^^^^^^^^^^^^^^^^^^^^^^^^^^^^^^^^^^^^^^^^^^^^^^^^^^^^^^^^^^^^^^^^^^^^^^^^^^^^^^^^^^^^^^^^
> 77 |       </section>
     | ^^^^^^
  78 |
  79 |       {/* Story & Tips Section */}
  80 |       <section className="bg-surface-alt py-20 px-6 md:px-12 w-full mt-12 relative overflow-hidden">

Parsing ecmascript source code failed @ http://localhost:3000/_next/static/chunks/node_modules_next_dist_1gdrd03._.js:1945
[ 6788329ms] [ERROR] ./src/app/page.tsx:76:15
Expected '</', got 'jsx text'
  74 |             </div>
  75 |           </div>
> 76 |         </div>
     |               ^^^^^^^^^^^^^^^^^^^^^^^^^^^^^^^^^^^^^^^^^^^^^^^^^^^^^^^^^^^^^^^^^^^^^^^^^^^^^^^^^^^^^^^^^^^^^^^^^^^^^^^^^^^^^^^^^^^^^^^^^^^^^^^^^^^^^^^^^^^^^^^^^^^^^^^^^^^^^^^^^
> 77 |       </section>
     | ^^^^^^
  78 |
  79 |       {/* Story & Tips Section */}
  80 |       <section className="bg-surface-alt py-20 px-6 md:px-12 w-full mt-12 relative overflow-hidden">

Parsing ecmascript source code failed @ http://localhost:3000/_next/static/chunks/node_modules_next_dist_1gdrd03._.js:1945
[ 6788393ms] [ERROR] ./src/app/page.tsx:76:15
Expected '</', got 'jsx text'
  74 |             </div>
  75 |           </div>
> 76 |         </div>
     |               ^^^^^^^^^^^^^^^^^^^^^^^^^^^^^^^^^^^^^^^^^^^^^^^^^^^^^^^^^^^^^^^^^^^^^^^^^^^^^^^^^^^^^^^^^^^^^^^^^^^^^^^^^^^^^^^^^^^^^^^^^^^^^^^^^^^^^^^^^^^^^^^^^^^^^^^^^^^^^^^^^
> 77 |       </section>
     | ^^^^^^
  78 |
  79 |       {/* Story & Tips Section */}
  80 |       <section className="bg-surface-alt py-20 px-6 md:px-12 w-full mt-12 relative overflow-hidden">

Parsing ecmascript source code failed @ http://localhost:3000/_next/static/chunks/node_modules_next_dist_1gdrd03._.js:1945
[ 6788455ms] [ERROR] ./src/app/page.tsx:76:15
Expected '</', got 'jsx text'
  74 |             </div>
  75 |           </div>
> 76 |         </div>
     |               ^^^^^^^^^^^^^^^^^^^^^^^^^^^^^^^^^^^^^^^^^^^^^^^^^^^^^^^^^^^^^^^^^^^^^^^^^^^^^^^^^^^^^^^^^^^^^^^^^^^^^^^^^^^^^^^^^^^^^^^^^^^^^^^^^^^^^^^^^^^^^^^^^^^^^^^^^^^^^^^^^
> 77 |       </section>
     | ^^^^^^
  78 |
  79 |       {/* Story & Tips Section */}
  80 |       <section className="bg-surface-alt py-20 px-6 md:px-12 w-full mt-12 relative overflow-hidden">

Parsing ecmascript source code failed @ http://localhost:3000/_next/static/chunks/node_modules_next_dist_1gdrd03._.js:1945
[ 6788518ms] [ERROR] ./src/app/page.tsx:76:15
Expected '</', got 'jsx text'
  74 |             </div>
  75 |           </div>
> 76 |         </div>
     |               ^^^^^^^^^^^^^^^^^^^^^^^^^^^^^^^^^^^^^^^^^^^^^^^^^^^^^^^^^^^^^^^^^^^^^^^^^^^^^^^^^^^^^^^^^^^^^^^^^^^^^^^^^^^^^^^^^^^^^^^^^^^^^^^^^^^^^^^^^^^^^^^^^^^^^^^^^^^^^^^^^
> 77 |       </section>
     | ^^^^^^
  78 |
  79 |       {/* Story & Tips Section */}
  80 |       <section className="bg-surface-alt py-20 px-6 md:px-12 w-full mt-12 relative overflow-hidden">

Parsing ecmascript source code failed @ http://localhost:3000/_next/static/chunks/node_modules_next_dist_1gdrd03._.js:1945
[ 6788580ms] [ERROR] ./src/app/page.tsx:76:15
Expected '</', got 'jsx text'
  74 |             </div>
  75 |           </div>
> 76 |         </div>
     |               ^^^^^^^^^^^^^^^^^^^^^^^^^^^^^^^^^^^^^^^^^^^^^^^^^^^^^^^^^^^^^^^^^^^^^^^^^^^^^^^^^^^^^^^^^^^^^^^^^^^^^^^^^^^^^^^^^^^^^^^^^^^^^^^^^^^^^^^^^^^^^^^^^^^^^^^^^^^^^^^^^
> 77 |       </section>
     | ^^^^^^
  78 |
  79 |       {/* Story & Tips Section */}
  80 |       <section className="bg-surface-alt py-20 px-6 md:px-12 w-full mt-12 relative overflow-hidden">

Parsing ecmascript source code failed @ http://localhost:3000/_next/static/chunks/node_modules_next_dist_1gdrd03._.js:1945
[ 6788641ms] [ERROR] ./src/app/page.tsx:76:15
Expected '</', got 'jsx text'
  74 |             </div>
  75 |           </div>
> 76 |         </div>
     |               ^^^^^^^^^^^^^^^^^^^^^^^^^^^^^^^^^^^^^^^^^^^^^^^^^^^^^^^^^^^^^^^^^^^^^^^^^^^^^^^^^^^^^^^^^^^^^^^^^^^^^^^^^^^^^^^^^^^^^^^^^^^^^^^^^^^^^^^^^^^^^^^^^^^^^^^^^^^^^^^^^
> 77 |       </section>
     | ^^^^^^
  78 |
  79 |       {/* Story & Tips Section */}
  80 |       <section className="bg-surface-alt py-20 px-6 md:px-12 w-full mt-12 relative overflow-hidden">

Parsing ecmascript source code failed @ http://localhost:3000/_next/static/chunks/node_modules_next_dist_1gdrd03._.js:1945
[ 6788703ms] [ERROR] ./src/app/page.tsx:76:15
Expected '</', got 'jsx text'
  74 |             </div>
  75 |           </div>
> 76 |         </div>
     |               ^^^^^^^^^^^^^^^^^^^^^^^^^^^^^^^^^^^^^^^^^^^^^^^^^^^^^^^^^^^^^^^^^^^^^^^^^^^^^^^^^^^^^^^^^^^^^^^^^^^^^^^^^^^^^^^^^^^^^^^^^^^^^^^^^^^^^^^^^^^^^^^^^^^^^^^^^^^^^^^^^
> 77 |       </section>
     | ^^^^^^
  78 |
  79 |       {/* Story & Tips Section */}
  80 |       <section className="bg-surface-alt py-20 px-6 md:px-12 w-full mt-12 relative overflow-hidden">

Parsing ecmascript source code failed @ http://localhost:3000/_next/static/chunks/node_modules_next_dist_1gdrd03._.js:1945
[ 6788785ms] [ERROR] ./src/app/page.tsx:76:15
Expected '</', got 'jsx text'
  74 |             </div>
  75 |           </div>
> 76 |         </div>
     |               ^^^^^^^^^^^^^^^^^^^^^^^^^^^^^^^^^^^^^^^^^^^^^^^^^^^^^^^^^^^^^^^^^^^^^^^^^^^^^^^^^^^^^^^^^^^^^^^^^^^^^^^^^^^^^^^^^^^^^^^^^^^^^^^^^^^^^^^^^^^^^^^^^^^^^^^^^^^^^^^^^
> 77 |       </section>
     | ^^^^^^
  78 |
  79 |       {/* Story & Tips Section */}
  80 |       <section className="bg-surface-alt py-20 px-6 md:px-12 w-full mt-12 relative overflow-hidden">

Parsing ecmascript source code failed @ http://localhost:3000/_next/static/chunks/node_modules_next_dist_1gdrd03._.js:1945
[ 6788856ms] [ERROR] ./src/app/page.tsx:76:15
Expected '</', got 'jsx text'
  74 |             </div>
  75 |           </div>
> 76 |         </div>
     |               ^^^^^^^^^^^^^^^^^^^^^^^^^^^^^^^^^^^^^^^^^^^^^^^^^^^^^^^^^^^^^^^^^^^^^^^^^^^^^^^^^^^^^^^^^^^^^^^^^^^^^^^^^^^^^^^^^^^^^^^^^^^^^^^^^^^^^^^^^^^^^^^^^^^^^^^^^^^^^^^^^
> 77 |       </section>
     | ^^^^^^
  78 |
  79 |       {/* Story & Tips Section */}
  80 |       <section className="bg-surface-alt py-20 px-6 md:px-12 w-full mt-12 relative overflow-hidden">

Parsing ecmascript source code failed @ http://localhost:3000/_next/static/chunks/node_modules_next_dist_1gdrd03._.js:1945
[ 6788918ms] [ERROR] ./src/app/page.tsx:76:15
Expected '</', got 'jsx text'
  74 |             </div>
  75 |           </div>
> 76 |         </div>
     |               ^^^^^^^^^^^^^^^^^^^^^^^^^^^^^^^^^^^^^^^^^^^^^^^^^^^^^^^^^^^^^^^^^^^^^^^^^^^^^^^^^^^^^^^^^^^^^^^^^^^^^^^^^^^^^^^^^^^^^^^^^^^^^^^^^^^^^^^^^^^^^^^^^^^^^^^^^^^^^^^^^
> 77 |       </section>
     | ^^^^^^
  78 |
  79 |       {/* Story & Tips Section */}
  80 |       <section className="bg-surface-alt py-20 px-6 md:px-12 w-full mt-12 relative overflow-hidden">

Parsing ecmascript source code failed @ http://localhost:3000/_next/static/chunks/node_modules_next_dist_1gdrd03._.js:1945
[ 6788981ms] [ERROR] ./src/app/page.tsx:76:15
Expected '</', got 'jsx text'
  74 |             </div>
  75 |           </div>
> 76 |         </div>
     |               ^^^^^^^^^^^^^^^^^^^^^^^^^^^^^^^^^^^^^^^^^^^^^^^^^^^^^^^^^^^^^^^^^^^^^^^^^^^^^^^^^^^^^^^^^^^^^^^^^^^^^^^^^^^^^^^^^^^^^^^^^^^^^^^^^^^^^^^^^^^^^^^^^^^^^^^^^^^^^^^^^
> 77 |       </section>
     | ^^^^^^
  78 |
  79 |       {/* Story & Tips Section */}
  80 |       <section className="bg-surface-alt py-20 px-6 md:px-12 w-full mt-12 relative overflow-hidden">

Parsing ecmascript source code failed @ http://localhost:3000/_next/static/chunks/node_modules_next_dist_1gdrd03._.js:1945
[ 6789044ms] [ERROR] ./src/app/page.tsx:76:15
Expected '</', got 'jsx text'
  74 |             </div>
  75 |           </div>
> 76 |         </div>
     |               ^^^^^^^^^^^^^^^^^^^^^^^^^^^^^^^^^^^^^^^^^^^^^^^^^^^^^^^^^^^^^^^^^^^^^^^^^^^^^^^^^^^^^^^^^^^^^^^^^^^^^^^^^^^^^^^^^^^^^^^^^^^^^^^^^^^^^^^^^^^^^^^^^^^^^^^^^^^^^^^^^
> 77 |       </section>
     | ^^^^^^
  78 |
  79 |       {/* Story & Tips Section */}
  80 |       <section className="bg-surface-alt py-20 px-6 md:px-12 w-full mt-12 relative overflow-hidden">

Parsing ecmascript source code failed @ http://localhost:3000/_next/static/chunks/node_modules_next_dist_1gdrd03._.js:1945
[ 6789105ms] [ERROR] ./src/app/page.tsx:76:15
Expected '</', got 'jsx text'
  74 |             </div>
  75 |           </div>
> 76 |         </div>
     |               ^^^^^^^^^^^^^^^^^^^^^^^^^^^^^^^^^^^^^^^^^^^^^^^^^^^^^^^^^^^^^^^^^^^^^^^^^^^^^^^^^^^^^^^^^^^^^^^^^^^^^^^^^^^^^^^^^^^^^^^^^^^^^^^^^^^^^^^^^^^^^^^^^^^^^^^^^^^^^^^^^
> 77 |       </section>
     | ^^^^^^
  78 |
  79 |       {/* Story & Tips Section */}
  80 |       <section className="bg-surface-alt py-20 px-6 md:px-12 w-full mt-12 relative overflow-hidden">

Parsing ecmascript source code failed @ http://localhost:3000/_next/static/chunks/node_modules_next_dist_1gdrd03._.js:1945
[ 6789166ms] [ERROR] ./src/app/page.tsx:76:15
Expected '</', got 'jsx text'
  74 |             </div>
  75 |           </div>
> 76 |         </div>
     |               ^^^^^^^^^^^^^^^^^^^^^^^^^^^^^^^^^^^^^^^^^^^^^^^^^^^^^^^^^^^^^^^^^^^^^^^^^^^^^^^^^^^^^^^^^^^^^^^^^^^^^^^^^^^^^^^^^^^^^^^^^^^^^^^^^^^^^^^^^^^^^^^^^^^^^^^^^^^^^^^^^
> 77 |       </section>
     | ^^^^^^
  78 |
  79 |       {/* Story & Tips Section */}
  80 |       <section className="bg-surface-alt py-20 px-6 md:px-12 w-full mt-12 relative overflow-hidden">

Parsing ecmascript source code failed @ http://localhost:3000/_next/static/chunks/node_modules_next_dist_1gdrd03._.js:1945
[ 6789228ms] [ERROR] ./src/app/page.tsx:76:15
Expected '</', got 'jsx text'
  74 |             </div>
  75 |           </div>
> 76 |         </div>
     |               ^^^^^^^^^^^^^^^^^^^^^^^^^^^^^^^^^^^^^^^^^^^^^^^^^^^^^^^^^^^^^^^^^^^^^^^^^^^^^^^^^^^^^^^^^^^^^^^^^^^^^^^^^^^^^^^^^^^^^^^^^^^^^^^^^^^^^^^^^^^^^^^^^^^^^^^^^^^^^^^^^
> 77 |       </section>
     | ^^^^^^
  78 |
  79 |       {/* Story & Tips Section */}
  80 |       <section className="bg-surface-alt py-20 px-6 md:px-12 w-full mt-12 relative overflow-hidden">

Parsing ecmascript source code failed @ http://localhost:3000/_next/static/chunks/node_modules_next_dist_1gdrd03._.js:1945
[ 6789290ms] [ERROR] ./src/app/page.tsx:76:15
Expected '</', got 'jsx text'
  74 |             </div>
  75 |           </div>
> 76 |         </div>
     |               ^^^^^^^^^^^^^^^^^^^^^^^^^^^^^^^^^^^^^^^^^^^^^^^^^^^^^^^^^^^^^^^^^^^^^^^^^^^^^^^^^^^^^^^^^^^^^^^^^^^^^^^^^^^^^^^^^^^^^^^^^^^^^^^^^^^^^^^^^^^^^^^^^^^^^^^^^^^^^^^^^
> 77 |       </section>
     | ^^^^^^
  78 |
  79 |       {/* Story & Tips Section */}
  80 |       <section className="bg-surface-alt py-20 px-6 md:px-12 w-full mt-12 relative overflow-hidden">

Parsing ecmascript source code failed @ http://localhost:3000/_next/static/chunks/node_modules_next_dist_1gdrd03._.js:1945
[ 6789352ms] [ERROR] ./src/app/page.tsx:76:15
Expected '</', got 'jsx text'
  74 |             </div>
  75 |           </div>
> 76 |         </div>
     |               ^^^^^^^^^^^^^^^^^^^^^^^^^^^^^^^^^^^^^^^^^^^^^^^^^^^^^^^^^^^^^^^^^^^^^^^^^^^^^^^^^^^^^^^^^^^^^^^^^^^^^^^^^^^^^^^^^^^^^^^^^^^^^^^^^^^^^^^^^^^^^^^^^^^^^^^^^^^^^^^^^
> 77 |       </section>
     | ^^^^^^
  78 |
  79 |       {/* Story & Tips Section */}
  80 |       <section className="bg-surface-alt py-20 px-6 md:px-12 w-full mt-12 relative overflow-hidden">

Parsing ecmascript source code failed @ http://localhost:3000/_next/static/chunks/node_modules_next_dist_1gdrd03._.js:1945
[ 6789416ms] [ERROR] ./src/app/page.tsx:76:15
Expected '</', got 'jsx text'
  74 |             </div>
  75 |           </div>
> 76 |         </div>
     |               ^^^^^^^^^^^^^^^^^^^^^^^^^^^^^^^^^^^^^^^^^^^^^^^^^^^^^^^^^^^^^^^^^^^^^^^^^^^^^^^^^^^^^^^^^^^^^^^^^^^^^^^^^^^^^^^^^^^^^^^^^^^^^^^^^^^^^^^^^^^^^^^^^^^^^^^^^^^^^^^^^
> 77 |       </section>
     | ^^^^^^
  78 |
  79 |       {/* Story & Tips Section */}
  80 |       <section className="bg-surface-alt py-20 px-6 md:px-12 w-full mt-12 relative overflow-hidden">

Parsing ecmascript source code failed @ http://localhost:3000/_next/static/chunks/node_modules_next_dist_1gdrd03._.js:1945
[ 6789479ms] [ERROR] ./src/app/page.tsx:76:15
Expected '</', got 'jsx text'
  74 |             </div>
  75 |           </div>
> 76 |         </div>
     |               ^^^^^^^^^^^^^^^^^^^^^^^^^^^^^^^^^^^^^^^^^^^^^^^^^^^^^^^^^^^^^^^^^^^^^^^^^^^^^^^^^^^^^^^^^^^^^^^^^^^^^^^^^^^^^^^^^^^^^^^^^^^^^^^^^^^^^^^^^^^^^^^^^^^^^^^^^^^^^^^^^
> 77 |       </section>
     | ^^^^^^
  78 |
  79 |       {/* Story & Tips Section */}
  80 |       <section className="bg-surface-alt py-20 px-6 md:px-12 w-full mt-12 relative overflow-hidden">

Parsing ecmascript source code failed @ http://localhost:3000/_next/static/chunks/node_modules_next_dist_1gdrd03._.js:1945
[ 6789538ms] [ERROR] ./src/app/page.tsx:76:15
Expected '</', got 'jsx text'
  74 |             </div>
  75 |           </div>
> 76 |         </div>
     |               ^^^^^^^^^^^^^^^^^^^^^^^^^^^^^^^^^^^^^^^^^^^^^^^^^^^^^^^^^^^^^^^^^^^^^^^^^^^^^^^^^^^^^^^^^^^^^^^^^^^^^^^^^^^^^^^^^^^^^^^^^^^^^^^^^^^^^^^^^^^^^^^^^^^^^^^^^^^^^^^^^
> 77 |       </section>
     | ^^^^^^
  78 |
  79 |       {/* Story & Tips Section */}
  80 |       <section className="bg-surface-alt py-20 px-6 md:px-12 w-full mt-12 relative overflow-hidden">

Parsing ecmascript source code failed @ http://localhost:3000/_next/static/chunks/node_modules_next_dist_1gdrd03._.js:1945
[ 6789600ms] [ERROR] ./src/app/page.tsx:76:15
Expected '</', got 'jsx text'
  74 |             </div>
  75 |           </div>
> 76 |         </div>
     |               ^^^^^^^^^^^^^^^^^^^^^^^^^^^^^^^^^^^^^^^^^^^^^^^^^^^^^^^^^^^^^^^^^^^^^^^^^^^^^^^^^^^^^^^^^^^^^^^^^^^^^^^^^^^^^^^^^^^^^^^^^^^^^^^^^^^^^^^^^^^^^^^^^^^^^^^^^^^^^^^^^
> 77 |       </section>
     | ^^^^^^
  78 |
  79 |       {/* Story & Tips Section */}
  80 |       <section className="bg-surface-alt py-20 px-6 md:px-12 w-full mt-12 relative overflow-hidden">

Parsing ecmascript source code failed @ http://localhost:3000/_next/static/chunks/node_modules_next_dist_1gdrd03._.js:1945
[ 6789661ms] [ERROR] ./src/app/page.tsx:76:15
Expected '</', got 'jsx text'
  74 |             </div>
  75 |           </div>
> 76 |         </div>
     |               ^^^^^^^^^^^^^^^^^^^^^^^^^^^^^^^^^^^^^^^^^^^^^^^^^^^^^^^^^^^^^^^^^^^^^^^^^^^^^^^^^^^^^^^^^^^^^^^^^^^^^^^^^^^^^^^^^^^^^^^^^^^^^^^^^^^^^^^^^^^^^^^^^^^^^^^^^^^^^^^^^
> 77 |       </section>
     | ^^^^^^
  78 |
  79 |       {/* Story & Tips Section */}
  80 |       <section className="bg-surface-alt py-20 px-6 md:px-12 w-full mt-12 relative overflow-hidden">

Parsing ecmascript source code failed @ http://localhost:3000/_next/static/chunks/node_modules_next_dist_1gdrd03._.js:1945
[ 6789722ms] [ERROR] ./src/app/page.tsx:76:15
Expected '</', got 'jsx text'
  74 |             </div>
  75 |           </div>
> 76 |         </div>
     |               ^^^^^^^^^^^^^^^^^^^^^^^^^^^^^^^^^^^^^^^^^^^^^^^^^^^^^^^^^^^^^^^^^^^^^^^^^^^^^^^^^^^^^^^^^^^^^^^^^^^^^^^^^^^^^^^^^^^^^^^^^^^^^^^^^^^^^^^^^^^^^^^^^^^^^^^^^^^^^^^^^
> 77 |       </section>
     | ^^^^^^
  78 |
  79 |       {/* Story & Tips Section */}
  80 |       <section className="bg-surface-alt py-20 px-6 md:px-12 w-full mt-12 relative overflow-hidden">

Parsing ecmascript source code failed @ http://localhost:3000/_next/static/chunks/node_modules_next_dist_1gdrd03._.js:1945
[ 6789797ms] [ERROR] ./src/app/page.tsx:76:15
Expected '</', got 'jsx text'
  74 |             </div>
  75 |           </div>
> 76 |         </div>
     |               ^^^^^^^^^^^^^^^^^^^^^^^^^^^^^^^^^^^^^^^^^^^^^^^^^^^^^^^^^^^^^^^^^^^^^^^^^^^^^^^^^^^^^^^^^^^^^^^^^^^^^^^^^^^^^^^^^^^^^^^^^^^^^^^^^^^^^^^^^^^^^^^^^^^^^^^^^^^^^^^^^
> 77 |       </section>
     | ^^^^^^
  78 |
  79 |       {/* Story & Tips Section */}
  80 |       <section className="bg-surface-alt py-20 px-6 md:px-12 w-full mt-12 relative overflow-hidden">

Parsing ecmascript source code failed @ http://localhost:3000/_next/static/chunks/node_modules_next_dist_1gdrd03._.js:1945
[ 6789864ms] [ERROR] ./src/app/page.tsx:76:15
Expected '</', got 'jsx text'
  74 |             </div>
  75 |           </div>
> 76 |         </div>
     |               ^^^^^^^^^^^^^^^^^^^^^^^^^^^^^^^^^^^^^^^^^^^^^^^^^^^^^^^^^^^^^^^^^^^^^^^^^^^^^^^^^^^^^^^^^^^^^^^^^^^^^^^^^^^^^^^^^^^^^^^^^^^^^^^^^^^^^^^^^^^^^^^^^^^^^^^^^^^^^^^^^
> 77 |       </section>
     | ^^^^^^
  78 |
  79 |       {/* Story & Tips Section */}
  80 |       <section className="bg-surface-alt py-20 px-6 md:px-12 w-full mt-12 relative overflow-hidden">

Parsing ecmascript source code failed @ http://localhost:3000/_next/static/chunks/node_modules_next_dist_1gdrd03._.js:1945
[ 6789926ms] [ERROR] ./src/app/page.tsx:76:15
Expected '</', got 'jsx text'
  74 |             </div>
  75 |           </div>
> 76 |         </div>
     |               ^^^^^^^^^^^^^^^^^^^^^^^^^^^^^^^^^^^^^^^^^^^^^^^^^^^^^^^^^^^^^^^^^^^^^^^^^^^^^^^^^^^^^^^^^^^^^^^^^^^^^^^^^^^^^^^^^^^^^^^^^^^^^^^^^^^^^^^^^^^^^^^^^^^^^^^^^^^^^^^^^
> 77 |       </section>
     | ^^^^^^
  78 |
  79 |       {/* Story & Tips Section */}
  80 |       <section className="bg-surface-alt py-20 px-6 md:px-12 w-full mt-12 relative overflow-hidden">

Parsing ecmascript source code failed @ http://localhost:3000/_next/static/chunks/node_modules_next_dist_1gdrd03._.js:1945
[ 6789989ms] [ERROR] ./src/app/page.tsx:76:15
Expected '</', got 'jsx text'
  74 |             </div>
  75 |           </div>
> 76 |         </div>
     |               ^^^^^^^^^^^^^^^^^^^^^^^^^^^^^^^^^^^^^^^^^^^^^^^^^^^^^^^^^^^^^^^^^^^^^^^^^^^^^^^^^^^^^^^^^^^^^^^^^^^^^^^^^^^^^^^^^^^^^^^^^^^^^^^^^^^^^^^^^^^^^^^^^^^^^^^^^^^^^^^^^
> 77 |       </section>
     | ^^^^^^
  78 |
  79 |       {/* Story & Tips Section */}
  80 |       <section className="bg-surface-alt py-20 px-6 md:px-12 w-full mt-12 relative overflow-hidden">

Parsing ecmascript source code failed @ http://localhost:3000/_next/static/chunks/node_modules_next_dist_1gdrd03._.js:1945
[ 6790050ms] [ERROR] ./src/app/page.tsx:76:15
Expected '</', got 'jsx text'
  74 |             </div>
  75 |           </div>
> 76 |         </div>
     |               ^^^^^^^^^^^^^^^^^^^^^^^^^^^^^^^^^^^^^^^^^^^^^^^^^^^^^^^^^^^^^^^^^^^^^^^^^^^^^^^^^^^^^^^^^^^^^^^^^^^^^^^^^^^^^^^^^^^^^^^^^^^^^^^^^^^^^^^^^^^^^^^^^^^^^^^^^^^^^^^^^
> 77 |       </section>
     | ^^^^^^
  78 |
  79 |       {/* Story & Tips Section */}
  80 |       <section className="bg-surface-alt py-20 px-6 md:px-12 w-full mt-12 relative overflow-hidden">

Parsing ecmascript source code failed @ http://localhost:3000/_next/static/chunks/node_modules_next_dist_1gdrd03._.js:1945
[ 6790111ms] [ERROR] ./src/app/page.tsx:76:15
Expected '</', got 'jsx text'
  74 |             </div>
  75 |           </div>
> 76 |         </div>
     |               ^^^^^^^^^^^^^^^^^^^^^^^^^^^^^^^^^^^^^^^^^^^^^^^^^^^^^^^^^^^^^^^^^^^^^^^^^^^^^^^^^^^^^^^^^^^^^^^^^^^^^^^^^^^^^^^^^^^^^^^^^^^^^^^^^^^^^^^^^^^^^^^^^^^^^^^^^^^^^^^^^
> 77 |       </section>
     | ^^^^^^
  78 |
  79 |       {/* Story & Tips Section */}
  80 |       <section className="bg-surface-alt py-20 px-6 md:px-12 w-full mt-12 relative overflow-hidden">

Parsing ecmascript source code failed @ http://localhost:3000/_next/static/chunks/node_modules_next_dist_1gdrd03._.js:1945
[ 6790173ms] [ERROR] ./src/app/page.tsx:76:15
Expected '</', got 'jsx text'
  74 |             </div>
  75 |           </div>
> 76 |         </div>
     |               ^^^^^^^^^^^^^^^^^^^^^^^^^^^^^^^^^^^^^^^^^^^^^^^^^^^^^^^^^^^^^^^^^^^^^^^^^^^^^^^^^^^^^^^^^^^^^^^^^^^^^^^^^^^^^^^^^^^^^^^^^^^^^^^^^^^^^^^^^^^^^^^^^^^^^^^^^^^^^^^^^
> 77 |       </section>
     | ^^^^^^
  78 |
  79 |       {/* Story & Tips Section */}
  80 |       <section className="bg-surface-alt py-20 px-6 md:px-12 w-full mt-12 relative overflow-hidden">

Parsing ecmascript source code failed @ http://localhost:3000/_next/static/chunks/node_modules_next_dist_1gdrd03._.js:1945
[ 6790234ms] [ERROR] ./src/app/page.tsx:76:15
Expected '</', got 'jsx text'
  74 |             </div>
  75 |           </div>
> 76 |         </div>
     |               ^^^^^^^^^^^^^^^^^^^^^^^^^^^^^^^^^^^^^^^^^^^^^^^^^^^^^^^^^^^^^^^^^^^^^^^^^^^^^^^^^^^^^^^^^^^^^^^^^^^^^^^^^^^^^^^^^^^^^^^^^^^^^^^^^^^^^^^^^^^^^^^^^^^^^^^^^^^^^^^^^
> 77 |       </section>
     | ^^^^^^
  78 |
  79 |       {/* Story & Tips Section */}
  80 |       <section className="bg-surface-alt py-20 px-6 md:px-12 w-full mt-12 relative overflow-hidden">

Parsing ecmascript source code failed @ http://localhost:3000/_next/static/chunks/node_modules_next_dist_1gdrd03._.js:1945
[ 6790296ms] [ERROR] ./src/app/page.tsx:76:15
Expected '</', got 'jsx text'
  74 |             </div>
  75 |           </div>
> 76 |         </div>
     |               ^^^^^^^^^^^^^^^^^^^^^^^^^^^^^^^^^^^^^^^^^^^^^^^^^^^^^^^^^^^^^^^^^^^^^^^^^^^^^^^^^^^^^^^^^^^^^^^^^^^^^^^^^^^^^^^^^^^^^^^^^^^^^^^^^^^^^^^^^^^^^^^^^^^^^^^^^^^^^^^^^
> 77 |       </section>
     | ^^^^^^
  78 |
  79 |       {/* Story & Tips Section */}
  80 |       <section className="bg-surface-alt py-20 px-6 md:px-12 w-full mt-12 relative overflow-hidden">

Parsing ecmascript source code failed @ http://localhost:3000/_next/static/chunks/node_modules_next_dist_1gdrd03._.js:1945
[ 6790358ms] [ERROR] ./src/app/page.tsx:76:15
Expected '</', got 'jsx text'
  74 |             </div>
  75 |           </div>
> 76 |         </div>
     |               ^^^^^^^^^^^^^^^^^^^^^^^^^^^^^^^^^^^^^^^^^^^^^^^^^^^^^^^^^^^^^^^^^^^^^^^^^^^^^^^^^^^^^^^^^^^^^^^^^^^^^^^^^^^^^^^^^^^^^^^^^^^^^^^^^^^^^^^^^^^^^^^^^^^^^^^^^^^^^^^^^
> 77 |       </section>
     | ^^^^^^
  78 |
  79 |       {/* Story & Tips Section */}
  80 |       <section className="bg-surface-alt py-20 px-6 md:px-12 w-full mt-12 relative overflow-hidden">

Parsing ecmascript source code failed @ http://localhost:3000/_next/static/chunks/node_modules_next_dist_1gdrd03._.js:1945
[ 6790496ms] [LOG] [Fast Refresh] rebuilding @ http://localhost:3000/_next/static/chunks/node_modules_next_dist_1gdrd03._.js:1226
[ 6790539ms] [ERROR] ./src/app/page.tsx:76:15
Expected '</', got 'jsx text'
  74 |             </div>
  75 |           </div>
> 76 |         </div>
     |               ^^^^^^^^^^^^^^^^^^^^^^^^^^^^^^^^^^^^^^^^^^^^^^^^^^^^^^^^^^^^^^^^^^^^^^^^^^^^^^^^^^^^^^^^^^^^^^^^^^^^^^^^^^^^^^^^^^^^^^^^^^^^^^^^^^^^^^^^^^^^^^^^^^^^^^^^^^^^^^^^^
> 77 |       </section>
     | ^^^^^^
  78 |
  79 |       {/* Story & Tips Section */}
  80 |       <section className="bg-surface-alt py-20 px-6 md:px-12 w-full mt-12 relative overflow-hidden">

Parsing ecmascript source code failed @ http://localhost:3000/_next/static/chunks/node_modules_next_dist_1gdrd03._.js:1945
[ 6790592ms] [ERROR] ./src/app/page.tsx:76:15
Expected '</', got 'jsx text'
  74 |             </div>
  75 |           </div>
> 76 |         </div>
     |               ^^^^^^^^^^^^^^^^^^^^^^^^^^^^^^^^^^^^^^^^^^^^^^^^^^^^^^^^^^^^^^^^^^^^^^^^^^^^^^^^^^^^^^^^^^^^^^^^^^^^^^^^^^^^^^^^^^^^^^^^^^^^^^^^^^^^^^^^^^^^^^^^^^^^^^^^^^^^^^^^^
> 77 |       </section>
     | ^^^^^^
  78 |
  79 |       {/* Story & Tips Section */}
  80 |       <section className="bg-surface-alt py-20 px-6 md:px-12 w-full mt-12 relative overflow-hidden">

Parsing ecmascript source code failed @ http://localhost:3000/_next/static/chunks/node_modules_next_dist_1gdrd03._.js:1945
[ 6790654ms] [ERROR] ./src/app/page.tsx:76:15
Expected '</', got 'jsx text'
  74 |             </div>
  75 |           </div>
> 76 |         </div>
     |               ^^^^^^^^^^^^^^^^^^^^^^^^^^^^^^^^^^^^^^^^^^^^^^^^^^^^^^^^^^^^^^^^^^^^^^^^^^^^^^^^^^^^^^^^^^^^^^^^^^^^^^^^^^^^^^^^^^^^^^^^^^^^^^^^^^^^^^^^^^^^^^^^^^^^^^^^^^^^^^^^^
> 77 |       </section>
     | ^^^^^^
  78 |
  79 |       {/* Story & Tips Section */}
  80 |       <section className="bg-surface-alt py-20 px-6 md:px-12 w-full mt-12 relative overflow-hidden">

Parsing ecmascript source code failed @ http://localhost:3000/_next/static/chunks/node_modules_next_dist_1gdrd03._.js:1945
[ 6790716ms] [ERROR] ./src/app/page.tsx:76:15
Expected '</', got 'jsx text'
  74 |             </div>
  75 |           </div>
> 76 |         </div>
     |               ^^^^^^^^^^^^^^^^^^^^^^^^^^^^^^^^^^^^^^^^^^^^^^^^^^^^^^^^^^^^^^^^^^^^^^^^^^^^^^^^^^^^^^^^^^^^^^^^^^^^^^^^^^^^^^^^^^^^^^^^^^^^^^^^^^^^^^^^^^^^^^^^^^^^^^^^^^^^^^^^^
> 77 |       </section>
     | ^^^^^^
  78 |
  79 |       {/* Story & Tips Section */}
  80 |       <section className="bg-surface-alt py-20 px-6 md:px-12 w-full mt-12 relative overflow-hidden">

Parsing ecmascript source code failed @ http://localhost:3000/_next/static/chunks/node_modules_next_dist_1gdrd03._.js:1945
[ 6790779ms] [ERROR] ./src/app/page.tsx:76:15
Expected '</', got 'jsx text'
  74 |             </div>
  75 |           </div>
> 76 |         </div>
     |               ^^^^^^^^^^^^^^^^^^^^^^^^^^^^^^^^^^^^^^^^^^^^^^^^^^^^^^^^^^^^^^^^^^^^^^^^^^^^^^^^^^^^^^^^^^^^^^^^^^^^^^^^^^^^^^^^^^^^^^^^^^^^^^^^^^^^^^^^^^^^^^^^^^^^^^^^^^^^^^^^^
> 77 |       </section>
     | ^^^^^^
  78 |
  79 |       {/* Story & Tips Section */}
  80 |       <section className="bg-surface-alt py-20 px-6 md:px-12 w-full mt-12 relative overflow-hidden">

Parsing ecmascript source code failed @ http://localhost:3000/_next/static/chunks/node_modules_next_dist_1gdrd03._.js:1945
[ 6790839ms] [ERROR] ./src/app/page.tsx:76:15
Expected '</', got 'jsx text'
  74 |             </div>
  75 |           </div>
> 76 |         </div>
     |               ^^^^^^^^^^^^^^^^^^^^^^^^^^^^^^^^^^^^^^^^^^^^^^^^^^^^^^^^^^^^^^^^^^^^^^^^^^^^^^^^^^^^^^^^^^^^^^^^^^^^^^^^^^^^^^^^^^^^^^^^^^^^^^^^^^^^^^^^^^^^^^^^^^^^^^^^^^^^^^^^^
> 77 |       </section>
     | ^^^^^^
  78 |
  79 |       {/* Story & Tips Section */}
  80 |       <section className="bg-surface-alt py-20 px-6 md:px-12 w-full mt-12 relative overflow-hidden">

Parsing ecmascript source code failed @ http://localhost:3000/_next/static/chunks/node_modules_next_dist_1gdrd03._.js:1945
[ 6790901ms] [ERROR] ./src/app/page.tsx:76:15
Expected '</', got 'jsx text'
  74 |             </div>
  75 |           </div>
> 76 |         </div>
     |               ^^^^^^^^^^^^^^^^^^^^^^^^^^^^^^^^^^^^^^^^^^^^^^^^^^^^^^^^^^^^^^^^^^^^^^^^^^^^^^^^^^^^^^^^^^^^^^^^^^^^^^^^^^^^^^^^^^^^^^^^^^^^^^^^^^^^^^^^^^^^^^^^^^^^^^^^^^^^^^^^^
> 77 |       </section>
     | ^^^^^^
  78 |
  79 |       {/* Story & Tips Section */}
  80 |       <section className="bg-surface-alt py-20 px-6 md:px-12 w-full mt-12 relative overflow-hidden">

Parsing ecmascript source code failed @ http://localhost:3000/_next/static/chunks/node_modules_next_dist_1gdrd03._.js:1945
[ 6790965ms] [ERROR] ./src/app/page.tsx:76:15
Expected '</', got 'jsx text'
  74 |             </div>
  75 |           </div>
> 76 |         </div>
     |               ^^^^^^^^^^^^^^^^^^^^^^^^^^^^^^^^^^^^^^^^^^^^^^^^^^^^^^^^^^^^^^^^^^^^^^^^^^^^^^^^^^^^^^^^^^^^^^^^^^^^^^^^^^^^^^^^^^^^^^^^^^^^^^^^^^^^^^^^^^^^^^^^^^^^^^^^^^^^^^^^^
> 77 |       </section>
     | ^^^^^^
  78 |
  79 |       {/* Story & Tips Section */}
  80 |       <section className="bg-surface-alt py-20 px-6 md:px-12 w-full mt-12 relative overflow-hidden">

Parsing ecmascript source code failed @ http://localhost:3000/_next/static/chunks/node_modules_next_dist_1gdrd03._.js:1945
[ 6791028ms] [ERROR] ./src/app/page.tsx:76:15
Expected '</', got 'jsx text'
  74 |             </div>
  75 |           </div>
> 76 |         </div>
     |               ^^^^^^^^^^^^^^^^^^^^^^^^^^^^^^^^^^^^^^^^^^^^^^^^^^^^^^^^^^^^^^^^^^^^^^^^^^^^^^^^^^^^^^^^^^^^^^^^^^^^^^^^^^^^^^^^^^^^^^^^^^^^^^^^^^^^^^^^^^^^^^^^^^^^^^^^^^^^^^^^^
> 77 |       </section>
     | ^^^^^^
  78 |
  79 |       {/* Story & Tips Section */}
  80 |       <section className="bg-surface-alt py-20 px-6 md:px-12 w-full mt-12 relative overflow-hidden">

Parsing ecmascript source code failed @ http://localhost:3000/_next/static/chunks/node_modules_next_dist_1gdrd03._.js:1945
[ 6791088ms] [ERROR] ./src/app/page.tsx:76:15
Expected '</', got 'jsx text'
  74 |             </div>
  75 |           </div>
> 76 |         </div>
     |               ^^^^^^^^^^^^^^^^^^^^^^^^^^^^^^^^^^^^^^^^^^^^^^^^^^^^^^^^^^^^^^^^^^^^^^^^^^^^^^^^^^^^^^^^^^^^^^^^^^^^^^^^^^^^^^^^^^^^^^^^^^^^^^^^^^^^^^^^^^^^^^^^^^^^^^^^^^^^^^^^^
> 77 |       </section>
     | ^^^^^^
  78 |
  79 |       {/* Story & Tips Section */}
  80 |       <section className="bg-surface-alt py-20 px-6 md:px-12 w-full mt-12 relative overflow-hidden">

Parsing ecmascript source code failed @ http://localhost:3000/_next/static/chunks/node_modules_next_dist_1gdrd03._.js:1945
[ 6791151ms] [ERROR] ./src/app/page.tsx:76:15
Expected '</', got 'jsx text'
  74 |             </div>
  75 |           </div>
> 76 |         </div>
     |               ^^^^^^^^^^^^^^^^^^^^^^^^^^^^^^^^^^^^^^^^^^^^^^^^^^^^^^^^^^^^^^^^^^^^^^^^^^^^^^^^^^^^^^^^^^^^^^^^^^^^^^^^^^^^^^^^^^^^^^^^^^^^^^^^^^^^^^^^^^^^^^^^^^^^^^^^^^^^^^^^^
> 77 |       </section>
     | ^^^^^^
  78 |
  79 |       {/* Story & Tips Section */}
  80 |       <section className="bg-surface-alt py-20 px-6 md:px-12 w-full mt-12 relative overflow-hidden">

Parsing ecmascript source code failed @ http://localhost:3000/_next/static/chunks/node_modules_next_dist_1gdrd03._.js:1945
[ 6791214ms] [ERROR] ./src/app/page.tsx:76:15
Expected '</', got 'jsx text'
  74 |             </div>
  75 |           </div>
> 76 |         </div>
     |               ^^^^^^^^^^^^^^^^^^^^^^^^^^^^^^^^^^^^^^^^^^^^^^^^^^^^^^^^^^^^^^^^^^^^^^^^^^^^^^^^^^^^^^^^^^^^^^^^^^^^^^^^^^^^^^^^^^^^^^^^^^^^^^^^^^^^^^^^^^^^^^^^^^^^^^^^^^^^^^^^^
> 77 |       </section>
     | ^^^^^^
  78 |
  79 |       {/* Story & Tips Section */}
  80 |       <section className="bg-surface-alt py-20 px-6 md:px-12 w-full mt-12 relative overflow-hidden">

Parsing ecmascript source code failed @ http://localhost:3000/_next/static/chunks/node_modules_next_dist_1gdrd03._.js:1945
[ 6791275ms] [ERROR] ./src/app/page.tsx:76:15
Expected '</', got 'jsx text'
  74 |             </div>
  75 |           </div>
> 76 |         </div>
     |               ^^^^^^^^^^^^^^^^^^^^^^^^^^^^^^^^^^^^^^^^^^^^^^^^^^^^^^^^^^^^^^^^^^^^^^^^^^^^^^^^^^^^^^^^^^^^^^^^^^^^^^^^^^^^^^^^^^^^^^^^^^^^^^^^^^^^^^^^^^^^^^^^^^^^^^^^^^^^^^^^^
> 77 |       </section>
     | ^^^^^^
  78 |
  79 |       {/* Story & Tips Section */}
  80 |       <section className="bg-surface-alt py-20 px-6 md:px-12 w-full mt-12 relative overflow-hidden">

Parsing ecmascript source code failed @ http://localhost:3000/_next/static/chunks/node_modules_next_dist_1gdrd03._.js:1945
[ 6791338ms] [ERROR] ./src/app/page.tsx:76:15
Expected '</', got 'jsx text'
  74 |             </div>
  75 |           </div>
> 76 |         </div>
     |               ^^^^^^^^^^^^^^^^^^^^^^^^^^^^^^^^^^^^^^^^^^^^^^^^^^^^^^^^^^^^^^^^^^^^^^^^^^^^^^^^^^^^^^^^^^^^^^^^^^^^^^^^^^^^^^^^^^^^^^^^^^^^^^^^^^^^^^^^^^^^^^^^^^^^^^^^^^^^^^^^^
> 77 |       </section>
     | ^^^^^^
  78 |
  79 |       {/* Story & Tips Section */}
  80 |       <section className="bg-surface-alt py-20 px-6 md:px-12 w-full mt-12 relative overflow-hidden">

Parsing ecmascript source code failed @ http://localhost:3000/_next/static/chunks/node_modules_next_dist_1gdrd03._.js:1945
[ 6791398ms] [ERROR] ./src/app/page.tsx:76:15
Expected '</', got 'jsx text'
  74 |             </div>
  75 |           </div>
> 76 |         </div>
     |               ^^^^^^^^^^^^^^^^^^^^^^^^^^^^^^^^^^^^^^^^^^^^^^^^^^^^^^^^^^^^^^^^^^^^^^^^^^^^^^^^^^^^^^^^^^^^^^^^^^^^^^^^^^^^^^^^^^^^^^^^^^^^^^^^^^^^^^^^^^^^^^^^^^^^^^^^^^^^^^^^^
> 77 |       </section>
     | ^^^^^^
  78 |
  79 |       {/* Story & Tips Section */}
  80 |       <section className="bg-surface-alt py-20 px-6 md:px-12 w-full mt-12 relative overflow-hidden">

Parsing ecmascript source code failed @ http://localhost:3000/_next/static/chunks/node_modules_next_dist_1gdrd03._.js:1945
[ 6791461ms] [ERROR] ./src/app/page.tsx:76:15
Expected '</', got 'jsx text'
  74 |             </div>
  75 |           </div>
> 76 |         </div>
     |               ^^^^^^^^^^^^^^^^^^^^^^^^^^^^^^^^^^^^^^^^^^^^^^^^^^^^^^^^^^^^^^^^^^^^^^^^^^^^^^^^^^^^^^^^^^^^^^^^^^^^^^^^^^^^^^^^^^^^^^^^^^^^^^^^^^^^^^^^^^^^^^^^^^^^^^^^^^^^^^^^^
> 77 |       </section>
     | ^^^^^^
  78 |
  79 |       {/* Story & Tips Section */}
  80 |       <section className="bg-surface-alt py-20 px-6 md:px-12 w-full mt-12 relative overflow-hidden">

Parsing ecmascript source code failed @ http://localhost:3000/_next/static/chunks/node_modules_next_dist_1gdrd03._.js:1945
[ 6791523ms] [ERROR] ./src/app/page.tsx:76:15
Expected '</', got 'jsx text'
  74 |             </div>
  75 |           </div>
> 76 |         </div>
     |               ^^^^^^^^^^^^^^^^^^^^^^^^^^^^^^^^^^^^^^^^^^^^^^^^^^^^^^^^^^^^^^^^^^^^^^^^^^^^^^^^^^^^^^^^^^^^^^^^^^^^^^^^^^^^^^^^^^^^^^^^^^^^^^^^^^^^^^^^^^^^^^^^^^^^^^^^^^^^^^^^^
> 77 |       </section>
     | ^^^^^^
  78 |
  79 |       {/* Story & Tips Section */}
  80 |       <section className="bg-surface-alt py-20 px-6 md:px-12 w-full mt-12 relative overflow-hidden">

Parsing ecmascript source code failed @ http://localhost:3000/_next/static/chunks/node_modules_next_dist_1gdrd03._.js:1945
[ 6791585ms] [ERROR] ./src/app/page.tsx:76:15
Expected '</', got 'jsx text'
  74 |             </div>
  75 |           </div>
> 76 |         </div>
     |               ^^^^^^^^^^^^^^^^^^^^^^^^^^^^^^^^^^^^^^^^^^^^^^^^^^^^^^^^^^^^^^^^^^^^^^^^^^^^^^^^^^^^^^^^^^^^^^^^^^^^^^^^^^^^^^^^^^^^^^^^^^^^^^^^^^^^^^^^^^^^^^^^^^^^^^^^^^^^^^^^^
> 77 |       </section>
     | ^^^^^^
  78 |
  79 |       {/* Story & Tips Section */}
  80 |       <section className="bg-surface-alt py-20 px-6 md:px-12 w-full mt-12 relative overflow-hidden">

Parsing ecmascript source code failed @ http://localhost:3000/_next/static/chunks/node_modules_next_dist_1gdrd03._.js:1945
[ 6791647ms] [ERROR] ./src/app/page.tsx:76:15
Expected '</', got 'jsx text'
  74 |             </div>
  75 |           </div>
> 76 |         </div>
     |               ^^^^^^^^^^^^^^^^^^^^^^^^^^^^^^^^^^^^^^^^^^^^^^^^^^^^^^^^^^^^^^^^^^^^^^^^^^^^^^^^^^^^^^^^^^^^^^^^^^^^^^^^^^^^^^^^^^^^^^^^^^^^^^^^^^^^^^^^^^^^^^^^^^^^^^^^^^^^^^^^^
> 77 |       </section>
     | ^^^^^^
  78 |
  79 |       {/* Story & Tips Section */}
  80 |       <section className="bg-surface-alt py-20 px-6 md:px-12 w-full mt-12 relative overflow-hidden">

Parsing ecmascript source code failed @ http://localhost:3000/_next/static/chunks/node_modules_next_dist_1gdrd03._.js:1945
[ 6791711ms] [ERROR] ./src/app/page.tsx:76:15
Expected '</', got 'jsx text'
  74 |             </div>
  75 |           </div>
> 76 |         </div>
     |               ^^^^^^^^^^^^^^^^^^^^^^^^^^^^^^^^^^^^^^^^^^^^^^^^^^^^^^^^^^^^^^^^^^^^^^^^^^^^^^^^^^^^^^^^^^^^^^^^^^^^^^^^^^^^^^^^^^^^^^^^^^^^^^^^^^^^^^^^^^^^^^^^^^^^^^^^^^^^^^^^^
> 77 |       </section>
     | ^^^^^^
  78 |
  79 |       {/* Story & Tips Section */}
  80 |       <section className="bg-surface-alt py-20 px-6 md:px-12 w-full mt-12 relative overflow-hidden">

Parsing ecmascript source code failed @ http://localhost:3000/_next/static/chunks/node_modules_next_dist_1gdrd03._.js:1945
[ 6791772ms] [ERROR] ./src/app/page.tsx:76:15
Expected '</', got 'jsx text'
  74 |             </div>
  75 |           </div>
> 76 |         </div>
     |               ^^^^^^^^^^^^^^^^^^^^^^^^^^^^^^^^^^^^^^^^^^^^^^^^^^^^^^^^^^^^^^^^^^^^^^^^^^^^^^^^^^^^^^^^^^^^^^^^^^^^^^^^^^^^^^^^^^^^^^^^^^^^^^^^^^^^^^^^^^^^^^^^^^^^^^^^^^^^^^^^^
> 77 |       </section>
     | ^^^^^^
  78 |
  79 |       {/* Story & Tips Section */}
  80 |       <section className="bg-surface-alt py-20 px-6 md:px-12 w-full mt-12 relative overflow-hidden">

Parsing ecmascript source code failed @ http://localhost:3000/_next/static/chunks/node_modules_next_dist_1gdrd03._.js:1945
[ 6791835ms] [ERROR] ./src/app/page.tsx:76:15
Expected '</', got 'jsx text'
  74 |             </div>
  75 |           </div>
> 76 |         </div>
     |               ^^^^^^^^^^^^^^^^^^^^^^^^^^^^^^^^^^^^^^^^^^^^^^^^^^^^^^^^^^^^^^^^^^^^^^^^^^^^^^^^^^^^^^^^^^^^^^^^^^^^^^^^^^^^^^^^^^^^^^^^^^^^^^^^^^^^^^^^^^^^^^^^^^^^^^^^^^^^^^^^^
> 77 |       </section>
     | ^^^^^^
  78 |
  79 |       {/* Story & Tips Section */}
  80 |       <section className="bg-surface-alt py-20 px-6 md:px-12 w-full mt-12 relative overflow-hidden">

Parsing ecmascript source code failed @ http://localhost:3000/_next/static/chunks/node_modules_next_dist_1gdrd03._.js:1945
[ 6791897ms] [ERROR] ./src/app/page.tsx:76:15
Expected '</', got 'jsx text'
  74 |             </div>
  75 |           </div>
> 76 |         </div>
     |               ^^^^^^^^^^^^^^^^^^^^^^^^^^^^^^^^^^^^^^^^^^^^^^^^^^^^^^^^^^^^^^^^^^^^^^^^^^^^^^^^^^^^^^^^^^^^^^^^^^^^^^^^^^^^^^^^^^^^^^^^^^^^^^^^^^^^^^^^^^^^^^^^^^^^^^^^^^^^^^^^^
> 77 |       </section>
     | ^^^^^^
  78 |
  79 |       {/* Story & Tips Section */}
  80 |       <section className="bg-surface-alt py-20 px-6 md:px-12 w-full mt-12 relative overflow-hidden">

Parsing ecmascript source code failed @ http://localhost:3000/_next/static/chunks/node_modules_next_dist_1gdrd03._.js:1945
[ 6791958ms] [ERROR] ./src/app/page.tsx:76:15
Expected '</', got 'jsx text'
  74 |             </div>
  75 |           </div>
> 76 |         </div>
     |               ^^^^^^^^^^^^^^^^^^^^^^^^^^^^^^^^^^^^^^^^^^^^^^^^^^^^^^^^^^^^^^^^^^^^^^^^^^^^^^^^^^^^^^^^^^^^^^^^^^^^^^^^^^^^^^^^^^^^^^^^^^^^^^^^^^^^^^^^^^^^^^^^^^^^^^^^^^^^^^^^^
> 77 |       </section>
     | ^^^^^^
  78 |
  79 |       {/* Story & Tips Section */}
  80 |       <section className="bg-surface-alt py-20 px-6 md:px-12 w-full mt-12 relative overflow-hidden">

Parsing ecmascript source code failed @ http://localhost:3000/_next/static/chunks/node_modules_next_dist_1gdrd03._.js:1945
[ 6792020ms] [ERROR] ./src/app/page.tsx:76:15
Expected '</', got 'jsx text'
  74 |             </div>
  75 |           </div>
> 76 |         </div>
     |               ^^^^^^^^^^^^^^^^^^^^^^^^^^^^^^^^^^^^^^^^^^^^^^^^^^^^^^^^^^^^^^^^^^^^^^^^^^^^^^^^^^^^^^^^^^^^^^^^^^^^^^^^^^^^^^^^^^^^^^^^^^^^^^^^^^^^^^^^^^^^^^^^^^^^^^^^^^^^^^^^^
> 77 |       </section>
     | ^^^^^^
  78 |
  79 |       {/* Story & Tips Section */}
  80 |       <section className="bg-surface-alt py-20 px-6 md:px-12 w-full mt-12 relative overflow-hidden">

Parsing ecmascript source code failed @ http://localhost:3000/_next/static/chunks/node_modules_next_dist_1gdrd03._.js:1945
[ 6792083ms] [ERROR] ./src/app/page.tsx:76:15
Expected '</', got 'jsx text'
  74 |             </div>
  75 |           </div>
> 76 |         </div>
     |               ^^^^^^^^^^^^^^^^^^^^^^^^^^^^^^^^^^^^^^^^^^^^^^^^^^^^^^^^^^^^^^^^^^^^^^^^^^^^^^^^^^^^^^^^^^^^^^^^^^^^^^^^^^^^^^^^^^^^^^^^^^^^^^^^^^^^^^^^^^^^^^^^^^^^^^^^^^^^^^^^^
> 77 |       </section>
     | ^^^^^^
  78 |
  79 |       {/* Story & Tips Section */}
  80 |       <section className="bg-surface-alt py-20 px-6 md:px-12 w-full mt-12 relative overflow-hidden">

Parsing ecmascript source code failed @ http://localhost:3000/_next/static/chunks/node_modules_next_dist_1gdrd03._.js:1945
[ 6792146ms] [ERROR] ./src/app/page.tsx:76:15
Expected '</', got 'jsx text'
  74 |             </div>
  75 |           </div>
> 76 |         </div>
     |               ^^^^^^^^^^^^^^^^^^^^^^^^^^^^^^^^^^^^^^^^^^^^^^^^^^^^^^^^^^^^^^^^^^^^^^^^^^^^^^^^^^^^^^^^^^^^^^^^^^^^^^^^^^^^^^^^^^^^^^^^^^^^^^^^^^^^^^^^^^^^^^^^^^^^^^^^^^^^^^^^^
> 77 |       </section>
     | ^^^^^^
  78 |
  79 |       {/* Story & Tips Section */}
  80 |       <section className="bg-surface-alt py-20 px-6 md:px-12 w-full mt-12 relative overflow-hidden">

Parsing ecmascript source code failed @ http://localhost:3000/_next/static/chunks/node_modules_next_dist_1gdrd03._.js:1945
[ 6792204ms] [ERROR] ./src/app/page.tsx:76:15
Expected '</', got 'jsx text'
  74 |             </div>
  75 |           </div>
> 76 |         </div>
     |               ^^^^^^^^^^^^^^^^^^^^^^^^^^^^^^^^^^^^^^^^^^^^^^^^^^^^^^^^^^^^^^^^^^^^^^^^^^^^^^^^^^^^^^^^^^^^^^^^^^^^^^^^^^^^^^^^^^^^^^^^^^^^^^^^^^^^^^^^^^^^^^^^^^^^^^^^^^^^^^^^^
> 77 |       </section>
     | ^^^^^^
  78 |
  79 |       {/* Story & Tips Section */}
  80 |       <section className="bg-surface-alt py-20 px-6 md:px-12 w-full mt-12 relative overflow-hidden">

Parsing ecmascript source code failed @ http://localhost:3000/_next/static/chunks/node_modules_next_dist_1gdrd03._.js:1945
[ 6792266ms] [ERROR] ./src/app/page.tsx:76:15
Expected '</', got 'jsx text'
  74 |             </div>
  75 |           </div>
> 76 |         </div>
     |               ^^^^^^^^^^^^^^^^^^^^^^^^^^^^^^^^^^^^^^^^^^^^^^^^^^^^^^^^^^^^^^^^^^^^^^^^^^^^^^^^^^^^^^^^^^^^^^^^^^^^^^^^^^^^^^^^^^^^^^^^^^^^^^^^^^^^^^^^^^^^^^^^^^^^^^^^^^^^^^^^^
> 77 |       </section>
     | ^^^^^^
  78 |
  79 |       {/* Story & Tips Section */}
  80 |       <section className="bg-surface-alt py-20 px-6 md:px-12 w-full mt-12 relative overflow-hidden">

Parsing ecmascript source code failed @ http://localhost:3000/_next/static/chunks/node_modules_next_dist_1gdrd03._.js:1945
[ 6792329ms] [ERROR] ./src/app/page.tsx:76:15
Expected '</', got 'jsx text'
  74 |             </div>
  75 |           </div>
> 76 |         </div>
     |               ^^^^^^^^^^^^^^^^^^^^^^^^^^^^^^^^^^^^^^^^^^^^^^^^^^^^^^^^^^^^^^^^^^^^^^^^^^^^^^^^^^^^^^^^^^^^^^^^^^^^^^^^^^^^^^^^^^^^^^^^^^^^^^^^^^^^^^^^^^^^^^^^^^^^^^^^^^^^^^^^^
> 77 |       </section>
     | ^^^^^^
  78 |
  79 |       {/* Story & Tips Section */}
  80 |       <section className="bg-surface-alt py-20 px-6 md:px-12 w-full mt-12 relative overflow-hidden">

Parsing ecmascript source code failed @ http://localhost:3000/_next/static/chunks/node_modules_next_dist_1gdrd03._.js:1945
[ 6792391ms] [ERROR] ./src/app/page.tsx:76:15
Expected '</', got 'jsx text'
  74 |             </div>
  75 |           </div>
> 76 |         </div>
     |               ^^^^^^^^^^^^^^^^^^^^^^^^^^^^^^^^^^^^^^^^^^^^^^^^^^^^^^^^^^^^^^^^^^^^^^^^^^^^^^^^^^^^^^^^^^^^^^^^^^^^^^^^^^^^^^^^^^^^^^^^^^^^^^^^^^^^^^^^^^^^^^^^^^^^^^^^^^^^^^^^^
> 77 |       </section>
     | ^^^^^^
  78 |
  79 |       {/* Story & Tips Section */}
  80 |       <section className="bg-surface-alt py-20 px-6 md:px-12 w-full mt-12 relative overflow-hidden">

Parsing ecmascript source code failed @ http://localhost:3000/_next/static/chunks/node_modules_next_dist_1gdrd03._.js:1945
[ 6792453ms] [ERROR] ./src/app/page.tsx:76:15
Expected '</', got 'jsx text'
  74 |             </div>
  75 |           </div>
> 76 |         </div>
     |               ^^^^^^^^^^^^^^^^^^^^^^^^^^^^^^^^^^^^^^^^^^^^^^^^^^^^^^^^^^^^^^^^^^^^^^^^^^^^^^^^^^^^^^^^^^^^^^^^^^^^^^^^^^^^^^^^^^^^^^^^^^^^^^^^^^^^^^^^^^^^^^^^^^^^^^^^^^^^^^^^^
> 77 |       </section>
     | ^^^^^^
  78 |
  79 |       {/* Story & Tips Section */}
  80 |       <section className="bg-surface-alt py-20 px-6 md:px-12 w-full mt-12 relative overflow-hidden">

Parsing ecmascript source code failed @ http://localhost:3000/_next/static/chunks/node_modules_next_dist_1gdrd03._.js:1945
[ 6792514ms] [ERROR] ./src/app/page.tsx:76:15
Expected '</', got 'jsx text'
  74 |             </div>
  75 |           </div>
> 76 |         </div>
     |               ^^^^^^^^^^^^^^^^^^^^^^^^^^^^^^^^^^^^^^^^^^^^^^^^^^^^^^^^^^^^^^^^^^^^^^^^^^^^^^^^^^^^^^^^^^^^^^^^^^^^^^^^^^^^^^^^^^^^^^^^^^^^^^^^^^^^^^^^^^^^^^^^^^^^^^^^^^^^^^^^^
> 77 |       </section>
     | ^^^^^^
  78 |
  79 |       {/* Story & Tips Section */}
  80 |       <section className="bg-surface-alt py-20 px-6 md:px-12 w-full mt-12 relative overflow-hidden">

Parsing ecmascript source code failed @ http://localhost:3000/_next/static/chunks/node_modules_next_dist_1gdrd03._.js:1945
[ 6792575ms] [ERROR] ./src/app/page.tsx:76:15
Expected '</', got 'jsx text'
  74 |             </div>
  75 |           </div>
> 76 |         </div>
     |               ^^^^^^^^^^^^^^^^^^^^^^^^^^^^^^^^^^^^^^^^^^^^^^^^^^^^^^^^^^^^^^^^^^^^^^^^^^^^^^^^^^^^^^^^^^^^^^^^^^^^^^^^^^^^^^^^^^^^^^^^^^^^^^^^^^^^^^^^^^^^^^^^^^^^^^^^^^^^^^^^^
> 77 |       </section>
     | ^^^^^^
  78 |
  79 |       {/* Story & Tips Section */}
  80 |       <section className="bg-surface-alt py-20 px-6 md:px-12 w-full mt-12 relative overflow-hidden">

Parsing ecmascript source code failed @ http://localhost:3000/_next/static/chunks/node_modules_next_dist_1gdrd03._.js:1945
[ 6792638ms] [ERROR] ./src/app/page.tsx:76:15
Expected '</', got 'jsx text'
  74 |             </div>
  75 |           </div>
> 76 |         </div>
     |               ^^^^^^^^^^^^^^^^^^^^^^^^^^^^^^^^^^^^^^^^^^^^^^^^^^^^^^^^^^^^^^^^^^^^^^^^^^^^^^^^^^^^^^^^^^^^^^^^^^^^^^^^^^^^^^^^^^^^^^^^^^^^^^^^^^^^^^^^^^^^^^^^^^^^^^^^^^^^^^^^^
> 77 |       </section>
     | ^^^^^^
  78 |
  79 |       {/* Story & Tips Section */}
  80 |       <section className="bg-surface-alt py-20 px-6 md:px-12 w-full mt-12 relative overflow-hidden">

Parsing ecmascript source code failed @ http://localhost:3000/_next/static/chunks/node_modules_next_dist_1gdrd03._.js:1945
[ 6792701ms] [ERROR] ./src/app/page.tsx:76:15
Expected '</', got 'jsx text'
  74 |             </div>
  75 |           </div>
> 76 |         </div>
     |               ^^^^^^^^^^^^^^^^^^^^^^^^^^^^^^^^^^^^^^^^^^^^^^^^^^^^^^^^^^^^^^^^^^^^^^^^^^^^^^^^^^^^^^^^^^^^^^^^^^^^^^^^^^^^^^^^^^^^^^^^^^^^^^^^^^^^^^^^^^^^^^^^^^^^^^^^^^^^^^^^^
> 77 |       </section>
     | ^^^^^^
  78 |
  79 |       {/* Story & Tips Section */}
  80 |       <section className="bg-surface-alt py-20 px-6 md:px-12 w-full mt-12 relative overflow-hidden">

Parsing ecmascript source code failed @ http://localhost:3000/_next/static/chunks/node_modules_next_dist_1gdrd03._.js:1945
[ 6792768ms] [ERROR] ./src/app/page.tsx:76:15
Expected '</', got 'jsx text'
  74 |             </div>
  75 |           </div>
> 76 |         </div>
     |               ^^^^^^^^^^^^^^^^^^^^^^^^^^^^^^^^^^^^^^^^^^^^^^^^^^^^^^^^^^^^^^^^^^^^^^^^^^^^^^^^^^^^^^^^^^^^^^^^^^^^^^^^^^^^^^^^^^^^^^^^^^^^^^^^^^^^^^^^^^^^^^^^^^^^^^^^^^^^^^^^^
> 77 |       </section>
     | ^^^^^^
  78 |
  79 |       {/* Story & Tips Section */}
  80 |       <section className="bg-surface-alt py-20 px-6 md:px-12 w-full mt-12 relative overflow-hidden">

Parsing ecmascript source code failed @ http://localhost:3000/_next/static/chunks/node_modules_next_dist_1gdrd03._.js:1945
[ 6792853ms] [ERROR] ./src/app/page.tsx:76:15
Expected '</', got 'jsx text'
  74 |             </div>
  75 |           </div>
> 76 |         </div>
     |               ^^^^^^^^^^^^^^^^^^^^^^^^^^^^^^^^^^^^^^^^^^^^^^^^^^^^^^^^^^^^^^^^^^^^^^^^^^^^^^^^^^^^^^^^^^^^^^^^^^^^^^^^^^^^^^^^^^^^^^^^^^^^^^^^^^^^^^^^^^^^^^^^^^^^^^^^^^^^^^^^^
> 77 |       </section>
     | ^^^^^^
  78 |
  79 |       {/* Story & Tips Section */}
  80 |       <section className="bg-surface-alt py-20 px-6 md:px-12 w-full mt-12 relative overflow-hidden">

Parsing ecmascript source code failed @ http://localhost:3000/_next/static/chunks/node_modules_next_dist_1gdrd03._.js:1945
[ 6792913ms] [ERROR] ./src/app/page.tsx:76:15
Expected '</', got 'jsx text'
  74 |             </div>
  75 |           </div>
> 76 |         </div>
     |               ^^^^^^^^^^^^^^^^^^^^^^^^^^^^^^^^^^^^^^^^^^^^^^^^^^^^^^^^^^^^^^^^^^^^^^^^^^^^^^^^^^^^^^^^^^^^^^^^^^^^^^^^^^^^^^^^^^^^^^^^^^^^^^^^^^^^^^^^^^^^^^^^^^^^^^^^^^^^^^^^^
> 77 |       </section>
     | ^^^^^^
  78 |
  79 |       {/* Story & Tips Section */}
  80 |       <section className="bg-surface-alt py-20 px-6 md:px-12 w-full mt-12 relative overflow-hidden">

Parsing ecmascript source code failed @ http://localhost:3000/_next/static/chunks/node_modules_next_dist_1gdrd03._.js:1945
[ 6792974ms] [ERROR] ./src/app/page.tsx:76:15
Expected '</', got 'jsx text'
  74 |             </div>
  75 |           </div>
> 76 |         </div>
     |               ^^^^^^^^^^^^^^^^^^^^^^^^^^^^^^^^^^^^^^^^^^^^^^^^^^^^^^^^^^^^^^^^^^^^^^^^^^^^^^^^^^^^^^^^^^^^^^^^^^^^^^^^^^^^^^^^^^^^^^^^^^^^^^^^^^^^^^^^^^^^^^^^^^^^^^^^^^^^^^^^^
> 77 |       </section>
     | ^^^^^^
  78 |
  79 |       {/* Story & Tips Section */}
  80 |       <section className="bg-surface-alt py-20 px-6 md:px-12 w-full mt-12 relative overflow-hidden">

Parsing ecmascript source code failed @ http://localhost:3000/_next/static/chunks/node_modules_next_dist_1gdrd03._.js:1945
[ 6793055ms] [ERROR] ./src/app/page.tsx:76:15
Expected '</', got 'jsx text'
  74 |             </div>
  75 |           </div>
> 76 |         </div>
     |               ^^^^^^^^^^^^^^^^^^^^^^^^^^^^^^^^^^^^^^^^^^^^^^^^^^^^^^^^^^^^^^^^^^^^^^^^^^^^^^^^^^^^^^^^^^^^^^^^^^^^^^^^^^^^^^^^^^^^^^^^^^^^^^^^^^^^^^^^^^^^^^^^^^^^^^^^^^^^^^^^^
> 77 |       </section>
     | ^^^^^^
  78 |
  79 |       {/* Story & Tips Section */}
  80 |       <section className="bg-surface-alt py-20 px-6 md:px-12 w-full mt-12 relative overflow-hidden">

Parsing ecmascript source code failed @ http://localhost:3000/_next/static/chunks/node_modules_next_dist_1gdrd03._.js:1945
[ 6793115ms] [ERROR] ./src/app/page.tsx:76:15
Expected '</', got 'jsx text'
  74 |             </div>
  75 |           </div>
> 76 |         </div>
     |               ^^^^^^^^^^^^^^^^^^^^^^^^^^^^^^^^^^^^^^^^^^^^^^^^^^^^^^^^^^^^^^^^^^^^^^^^^^^^^^^^^^^^^^^^^^^^^^^^^^^^^^^^^^^^^^^^^^^^^^^^^^^^^^^^^^^^^^^^^^^^^^^^^^^^^^^^^^^^^^^^^
> 77 |       </section>
     | ^^^^^^
  78 |
  79 |       {/* Story & Tips Section */}
  80 |       <section className="bg-surface-alt py-20 px-6 md:px-12 w-full mt-12 relative overflow-hidden">

Parsing ecmascript source code failed @ http://localhost:3000/_next/static/chunks/node_modules_next_dist_1gdrd03._.js:1945
[ 6793174ms] [ERROR] ./src/app/page.tsx:76:15
Expected '</', got 'jsx text'
  74 |             </div>
  75 |           </div>
> 76 |         </div>
     |               ^^^^^^^^^^^^^^^^^^^^^^^^^^^^^^^^^^^^^^^^^^^^^^^^^^^^^^^^^^^^^^^^^^^^^^^^^^^^^^^^^^^^^^^^^^^^^^^^^^^^^^^^^^^^^^^^^^^^^^^^^^^^^^^^^^^^^^^^^^^^^^^^^^^^^^^^^^^^^^^^^
> 77 |       </section>
     | ^^^^^^
  78 |
  79 |       {/* Story & Tips Section */}
  80 |       <section className="bg-surface-alt py-20 px-6 md:px-12 w-full mt-12 relative overflow-hidden">

Parsing ecmascript source code failed @ http://localhost:3000/_next/static/chunks/node_modules_next_dist_1gdrd03._.js:1945
[ 6793235ms] [ERROR] ./src/app/page.tsx:76:15
Expected '</', got 'jsx text'
  74 |             </div>
  75 |           </div>
> 76 |         </div>
     |               ^^^^^^^^^^^^^^^^^^^^^^^^^^^^^^^^^^^^^^^^^^^^^^^^^^^^^^^^^^^^^^^^^^^^^^^^^^^^^^^^^^^^^^^^^^^^^^^^^^^^^^^^^^^^^^^^^^^^^^^^^^^^^^^^^^^^^^^^^^^^^^^^^^^^^^^^^^^^^^^^^
> 77 |       </section>
     | ^^^^^^
  78 |
  79 |       {/* Story & Tips Section */}
  80 |       <section className="bg-surface-alt py-20 px-6 md:px-12 w-full mt-12 relative overflow-hidden">

Parsing ecmascript source code failed @ http://localhost:3000/_next/static/chunks/node_modules_next_dist_1gdrd03._.js:1945
[ 6793295ms] [ERROR] ./src/app/page.tsx:76:15
Expected '</', got 'jsx text'
  74 |             </div>
  75 |           </div>
> 76 |         </div>
     |               ^^^^^^^^^^^^^^^^^^^^^^^^^^^^^^^^^^^^^^^^^^^^^^^^^^^^^^^^^^^^^^^^^^^^^^^^^^^^^^^^^^^^^^^^^^^^^^^^^^^^^^^^^^^^^^^^^^^^^^^^^^^^^^^^^^^^^^^^^^^^^^^^^^^^^^^^^^^^^^^^^
> 77 |       </section>
     | ^^^^^^
  78 |
  79 |       {/* Story & Tips Section */}
  80 |       <section className="bg-surface-alt py-20 px-6 md:px-12 w-full mt-12 relative overflow-hidden">

Parsing ecmascript source code failed @ http://localhost:3000/_next/static/chunks/node_modules_next_dist_1gdrd03._.js:1945
[ 6793355ms] [ERROR] ./src/app/page.tsx:76:15
Expected '</', got 'jsx text'
  74 |             </div>
  75 |           </div>
> 76 |         </div>
     |               ^^^^^^^^^^^^^^^^^^^^^^^^^^^^^^^^^^^^^^^^^^^^^^^^^^^^^^^^^^^^^^^^^^^^^^^^^^^^^^^^^^^^^^^^^^^^^^^^^^^^^^^^^^^^^^^^^^^^^^^^^^^^^^^^^^^^^^^^^^^^^^^^^^^^^^^^^^^^^^^^^
> 77 |       </section>
     | ^^^^^^
  78 |
  79 |       {/* Story & Tips Section */}
  80 |       <section className="bg-surface-alt py-20 px-6 md:px-12 w-full mt-12 relative overflow-hidden">

Parsing ecmascript source code failed @ http://localhost:3000/_next/static/chunks/node_modules_next_dist_1gdrd03._.js:1945
[ 6793416ms] [ERROR] ./src/app/page.tsx:76:15
Expected '</', got 'jsx text'
  74 |             </div>
  75 |           </div>
> 76 |         </div>
     |               ^^^^^^^^^^^^^^^^^^^^^^^^^^^^^^^^^^^^^^^^^^^^^^^^^^^^^^^^^^^^^^^^^^^^^^^^^^^^^^^^^^^^^^^^^^^^^^^^^^^^^^^^^^^^^^^^^^^^^^^^^^^^^^^^^^^^^^^^^^^^^^^^^^^^^^^^^^^^^^^^^
> 77 |       </section>
     | ^^^^^^
  78 |
  79 |       {/* Story & Tips Section */}
  80 |       <section className="bg-surface-alt py-20 px-6 md:px-12 w-full mt-12 relative overflow-hidden">

Parsing ecmascript source code failed @ http://localhost:3000/_next/static/chunks/node_modules_next_dist_1gdrd03._.js:1945
[ 6793477ms] [ERROR] ./src/app/page.tsx:76:15
Expected '</', got 'jsx text'
  74 |             </div>
  75 |           </div>
> 76 |         </div>
     |               ^^^^^^^^^^^^^^^^^^^^^^^^^^^^^^^^^^^^^^^^^^^^^^^^^^^^^^^^^^^^^^^^^^^^^^^^^^^^^^^^^^^^^^^^^^^^^^^^^^^^^^^^^^^^^^^^^^^^^^^^^^^^^^^^^^^^^^^^^^^^^^^^^^^^^^^^^^^^^^^^^
> 77 |       </section>
     | ^^^^^^
  78 |
  79 |       {/* Story & Tips Section */}
  80 |       <section className="bg-surface-alt py-20 px-6 md:px-12 w-full mt-12 relative overflow-hidden">

Parsing ecmascript source code failed @ http://localhost:3000/_next/static/chunks/node_modules_next_dist_1gdrd03._.js:1945
[ 6793539ms] [ERROR] ./src/app/page.tsx:76:15
Expected '</', got 'jsx text'
  74 |             </div>
  75 |           </div>
> 76 |         </div>
     |               ^^^^^^^^^^^^^^^^^^^^^^^^^^^^^^^^^^^^^^^^^^^^^^^^^^^^^^^^^^^^^^^^^^^^^^^^^^^^^^^^^^^^^^^^^^^^^^^^^^^^^^^^^^^^^^^^^^^^^^^^^^^^^^^^^^^^^^^^^^^^^^^^^^^^^^^^^^^^^^^^^
> 77 |       </section>
     | ^^^^^^
  78 |
  79 |       {/* Story & Tips Section */}
  80 |       <section className="bg-surface-alt py-20 px-6 md:px-12 w-full mt-12 relative overflow-hidden">

Parsing ecmascript source code failed @ http://localhost:3000/_next/static/chunks/node_modules_next_dist_1gdrd03._.js:1945
[ 6793599ms] [ERROR] ./src/app/page.tsx:76:15
Expected '</', got 'jsx text'
  74 |             </div>
  75 |           </div>
> 76 |         </div>
     |               ^^^^^^^^^^^^^^^^^^^^^^^^^^^^^^^^^^^^^^^^^^^^^^^^^^^^^^^^^^^^^^^^^^^^^^^^^^^^^^^^^^^^^^^^^^^^^^^^^^^^^^^^^^^^^^^^^^^^^^^^^^^^^^^^^^^^^^^^^^^^^^^^^^^^^^^^^^^^^^^^^
> 77 |       </section>
     | ^^^^^^
  78 |
  79 |       {/* Story & Tips Section */}
  80 |       <section className="bg-surface-alt py-20 px-6 md:px-12 w-full mt-12 relative overflow-hidden">

Parsing ecmascript source code failed @ http://localhost:3000/_next/static/chunks/node_modules_next_dist_1gdrd03._.js:1945
[ 6793662ms] [ERROR] ./src/app/page.tsx:76:15
Expected '</', got 'jsx text'
  74 |             </div>
  75 |           </div>
> 76 |         </div>
     |               ^^^^^^^^^^^^^^^^^^^^^^^^^^^^^^^^^^^^^^^^^^^^^^^^^^^^^^^^^^^^^^^^^^^^^^^^^^^^^^^^^^^^^^^^^^^^^^^^^^^^^^^^^^^^^^^^^^^^^^^^^^^^^^^^^^^^^^^^^^^^^^^^^^^^^^^^^^^^^^^^^
> 77 |       </section>
     | ^^^^^^
  78 |
  79 |       {/* Story & Tips Section */}
  80 |       <section className="bg-surface-alt py-20 px-6 md:px-12 w-full mt-12 relative overflow-hidden">

Parsing ecmascript source code failed @ http://localhost:3000/_next/static/chunks/node_modules_next_dist_1gdrd03._.js:1945
[ 6793720ms] [ERROR] ./src/app/page.tsx:76:15
Expected '</', got 'jsx text'
  74 |             </div>
  75 |           </div>
> 76 |         </div>
     |               ^^^^^^^^^^^^^^^^^^^^^^^^^^^^^^^^^^^^^^^^^^^^^^^^^^^^^^^^^^^^^^^^^^^^^^^^^^^^^^^^^^^^^^^^^^^^^^^^^^^^^^^^^^^^^^^^^^^^^^^^^^^^^^^^^^^^^^^^^^^^^^^^^^^^^^^^^^^^^^^^^
> 77 |       </section>
     | ^^^^^^
  78 |
  79 |       {/* Story & Tips Section */}
  80 |       <section className="bg-surface-alt py-20 px-6 md:px-12 w-full mt-12 relative overflow-hidden">

Parsing ecmascript source code failed @ http://localhost:3000/_next/static/chunks/node_modules_next_dist_1gdrd03._.js:1945
[ 6793782ms] [ERROR] ./src/app/page.tsx:76:15
Expected '</', got 'jsx text'
  74 |             </div>
  75 |           </div>
> 76 |         </div>
     |               ^^^^^^^^^^^^^^^^^^^^^^^^^^^^^^^^^^^^^^^^^^^^^^^^^^^^^^^^^^^^^^^^^^^^^^^^^^^^^^^^^^^^^^^^^^^^^^^^^^^^^^^^^^^^^^^^^^^^^^^^^^^^^^^^^^^^^^^^^^^^^^^^^^^^^^^^^^^^^^^^^
> 77 |       </section>
     | ^^^^^^
  78 |
  79 |       {/* Story & Tips Section */}
  80 |       <section className="bg-surface-alt py-20 px-6 md:px-12 w-full mt-12 relative overflow-hidden">

Parsing ecmascript source code failed @ http://localhost:3000/_next/static/chunks/node_modules_next_dist_1gdrd03._.js:1945
[ 6793844ms] [ERROR] ./src/app/page.tsx:76:15
Expected '</', got 'jsx text'
  74 |             </div>
  75 |           </div>
> 76 |         </div>
     |               ^^^^^^^^^^^^^^^^^^^^^^^^^^^^^^^^^^^^^^^^^^^^^^^^^^^^^^^^^^^^^^^^^^^^^^^^^^^^^^^^^^^^^^^^^^^^^^^^^^^^^^^^^^^^^^^^^^^^^^^^^^^^^^^^^^^^^^^^^^^^^^^^^^^^^^^^^^^^^^^^^
> 77 |       </section>
     | ^^^^^^
  78 |
  79 |       {/* Story & Tips Section */}
  80 |       <section className="bg-surface-alt py-20 px-6 md:px-12 w-full mt-12 relative overflow-hidden">

Parsing ecmascript source code failed @ http://localhost:3000/_next/static/chunks/node_modules_next_dist_1gdrd03._.js:1945
[ 6793903ms] [ERROR] ./src/app/page.tsx:76:15
Expected '</', got 'jsx text'
  74 |             </div>
  75 |           </div>
> 76 |         </div>
     |               ^^^^^^^^^^^^^^^^^^^^^^^^^^^^^^^^^^^^^^^^^^^^^^^^^^^^^^^^^^^^^^^^^^^^^^^^^^^^^^^^^^^^^^^^^^^^^^^^^^^^^^^^^^^^^^^^^^^^^^^^^^^^^^^^^^^^^^^^^^^^^^^^^^^^^^^^^^^^^^^^^
> 77 |       </section>
     | ^^^^^^
  78 |
  79 |       {/* Story & Tips Section */}
  80 |       <section className="bg-surface-alt py-20 px-6 md:px-12 w-full mt-12 relative overflow-hidden">

Parsing ecmascript source code failed @ http://localhost:3000/_next/static/chunks/node_modules_next_dist_1gdrd03._.js:1945
[ 6793965ms] [ERROR] ./src/app/page.tsx:76:15
Expected '</', got 'jsx text'
  74 |             </div>
  75 |           </div>
> 76 |         </div>
     |               ^^^^^^^^^^^^^^^^^^^^^^^^^^^^^^^^^^^^^^^^^^^^^^^^^^^^^^^^^^^^^^^^^^^^^^^^^^^^^^^^^^^^^^^^^^^^^^^^^^^^^^^^^^^^^^^^^^^^^^^^^^^^^^^^^^^^^^^^^^^^^^^^^^^^^^^^^^^^^^^^^
> 77 |       </section>
     | ^^^^^^
  78 |
  79 |       {/* Story & Tips Section */}
  80 |       <section className="bg-surface-alt py-20 px-6 md:px-12 w-full mt-12 relative overflow-hidden">

Parsing ecmascript source code failed @ http://localhost:3000/_next/static/chunks/node_modules_next_dist_1gdrd03._.js:1945
[ 6794027ms] [ERROR] ./src/app/page.tsx:76:15
Expected '</', got 'jsx text'
  74 |             </div>
  75 |           </div>
> 76 |         </div>
     |               ^^^^^^^^^^^^^^^^^^^^^^^^^^^^^^^^^^^^^^^^^^^^^^^^^^^^^^^^^^^^^^^^^^^^^^^^^^^^^^^^^^^^^^^^^^^^^^^^^^^^^^^^^^^^^^^^^^^^^^^^^^^^^^^^^^^^^^^^^^^^^^^^^^^^^^^^^^^^^^^^^
> 77 |       </section>
     | ^^^^^^
  78 |
  79 |       {/* Story & Tips Section */}
  80 |       <section className="bg-surface-alt py-20 px-6 md:px-12 w-full mt-12 relative overflow-hidden">

Parsing ecmascript source code failed @ http://localhost:3000/_next/static/chunks/node_modules_next_dist_1gdrd03._.js:1945
[ 6794087ms] [ERROR] ./src/app/page.tsx:76:15
Expected '</', got 'jsx text'
  74 |             </div>
  75 |           </div>
> 76 |         </div>
     |               ^^^^^^^^^^^^^^^^^^^^^^^^^^^^^^^^^^^^^^^^^^^^^^^^^^^^^^^^^^^^^^^^^^^^^^^^^^^^^^^^^^^^^^^^^^^^^^^^^^^^^^^^^^^^^^^^^^^^^^^^^^^^^^^^^^^^^^^^^^^^^^^^^^^^^^^^^^^^^^^^^
> 77 |       </section>
     | ^^^^^^
  78 |
  79 |       {/* Story & Tips Section */}
  80 |       <section className="bg-surface-alt py-20 px-6 md:px-12 w-full mt-12 relative overflow-hidden">

Parsing ecmascript source code failed @ http://localhost:3000/_next/static/chunks/node_modules_next_dist_1gdrd03._.js:1945
[ 6794149ms] [ERROR] ./src/app/page.tsx:76:15
Expected '</', got 'jsx text'
  74 |             </div>
  75 |           </div>
> 76 |         </div>
     |               ^^^^^^^^^^^^^^^^^^^^^^^^^^^^^^^^^^^^^^^^^^^^^^^^^^^^^^^^^^^^^^^^^^^^^^^^^^^^^^^^^^^^^^^^^^^^^^^^^^^^^^^^^^^^^^^^^^^^^^^^^^^^^^^^^^^^^^^^^^^^^^^^^^^^^^^^^^^^^^^^^
> 77 |       </section>
     | ^^^^^^
  78 |
  79 |       {/* Story & Tips Section */}
  80 |       <section className="bg-surface-alt py-20 px-6 md:px-12 w-full mt-12 relative overflow-hidden">

Parsing ecmascript source code failed @ http://localhost:3000/_next/static/chunks/node_modules_next_dist_1gdrd03._.js:1945
[ 6794211ms] [ERROR] ./src/app/page.tsx:76:15
Expected '</', got 'jsx text'
  74 |             </div>
  75 |           </div>
> 76 |         </div>
     |               ^^^^^^^^^^^^^^^^^^^^^^^^^^^^^^^^^^^^^^^^^^^^^^^^^^^^^^^^^^^^^^^^^^^^^^^^^^^^^^^^^^^^^^^^^^^^^^^^^^^^^^^^^^^^^^^^^^^^^^^^^^^^^^^^^^^^^^^^^^^^^^^^^^^^^^^^^^^^^^^^^
> 77 |       </section>
     | ^^^^^^
  78 |
  79 |       {/* Story & Tips Section */}
  80 |       <section className="bg-surface-alt py-20 px-6 md:px-12 w-full mt-12 relative overflow-hidden">

Parsing ecmascript source code failed @ http://localhost:3000/_next/static/chunks/node_modules_next_dist_1gdrd03._.js:1945
[ 6794273ms] [ERROR] ./src/app/page.tsx:76:15
Expected '</', got 'jsx text'
  74 |             </div>
  75 |           </div>
> 76 |         </div>
     |               ^^^^^^^^^^^^^^^^^^^^^^^^^^^^^^^^^^^^^^^^^^^^^^^^^^^^^^^^^^^^^^^^^^^^^^^^^^^^^^^^^^^^^^^^^^^^^^^^^^^^^^^^^^^^^^^^^^^^^^^^^^^^^^^^^^^^^^^^^^^^^^^^^^^^^^^^^^^^^^^^^
> 77 |       </section>
     | ^^^^^^
  78 |
  79 |       {/* Story & Tips Section */}
  80 |       <section className="bg-surface-alt py-20 px-6 md:px-12 w-full mt-12 relative overflow-hidden">

Parsing ecmascript source code failed @ http://localhost:3000/_next/static/chunks/node_modules_next_dist_1gdrd03._.js:1945
[ 6794334ms] [ERROR] ./src/app/page.tsx:76:15
Expected '</', got 'jsx text'
  74 |             </div>
  75 |           </div>
> 76 |         </div>
     |               ^^^^^^^^^^^^^^^^^^^^^^^^^^^^^^^^^^^^^^^^^^^^^^^^^^^^^^^^^^^^^^^^^^^^^^^^^^^^^^^^^^^^^^^^^^^^^^^^^^^^^^^^^^^^^^^^^^^^^^^^^^^^^^^^^^^^^^^^^^^^^^^^^^^^^^^^^^^^^^^^^
> 77 |       </section>
     | ^^^^^^
  78 |
  79 |       {/* Story & Tips Section */}
  80 |       <section className="bg-surface-alt py-20 px-6 md:px-12 w-full mt-12 relative overflow-hidden">

Parsing ecmascript source code failed @ http://localhost:3000/_next/static/chunks/node_modules_next_dist_1gdrd03._.js:1945
[ 6794398ms] [ERROR] ./src/app/page.tsx:76:15
Expected '</', got 'jsx text'
  74 |             </div>
  75 |           </div>
> 76 |         </div>
     |               ^^^^^^^^^^^^^^^^^^^^^^^^^^^^^^^^^^^^^^^^^^^^^^^^^^^^^^^^^^^^^^^^^^^^^^^^^^^^^^^^^^^^^^^^^^^^^^^^^^^^^^^^^^^^^^^^^^^^^^^^^^^^^^^^^^^^^^^^^^^^^^^^^^^^^^^^^^^^^^^^^
> 77 |       </section>
     | ^^^^^^
  78 |
  79 |       {/* Story & Tips Section */}
  80 |       <section className="bg-surface-alt py-20 px-6 md:px-12 w-full mt-12 relative overflow-hidden">

Parsing ecmascript source code failed @ http://localhost:3000/_next/static/chunks/node_modules_next_dist_1gdrd03._.js:1945
[ 6794462ms] [ERROR] ./src/app/page.tsx:76:15
Expected '</', got 'jsx text'
  74 |             </div>
  75 |           </div>
> 76 |         </div>
     |               ^^^^^^^^^^^^^^^^^^^^^^^^^^^^^^^^^^^^^^^^^^^^^^^^^^^^^^^^^^^^^^^^^^^^^^^^^^^^^^^^^^^^^^^^^^^^^^^^^^^^^^^^^^^^^^^^^^^^^^^^^^^^^^^^^^^^^^^^^^^^^^^^^^^^^^^^^^^^^^^^^
> 77 |       </section>
     | ^^^^^^
  78 |
  79 |       {/* Story & Tips Section */}
  80 |       <section className="bg-surface-alt py-20 px-6 md:px-12 w-full mt-12 relative overflow-hidden">

Parsing ecmascript source code failed @ http://localhost:3000/_next/static/chunks/node_modules_next_dist_1gdrd03._.js:1945
[ 6794522ms] [ERROR] ./src/app/page.tsx:76:15
Expected '</', got 'jsx text'
  74 |             </div>
  75 |           </div>
> 76 |         </div>
     |               ^^^^^^^^^^^^^^^^^^^^^^^^^^^^^^^^^^^^^^^^^^^^^^^^^^^^^^^^^^^^^^^^^^^^^^^^^^^^^^^^^^^^^^^^^^^^^^^^^^^^^^^^^^^^^^^^^^^^^^^^^^^^^^^^^^^^^^^^^^^^^^^^^^^^^^^^^^^^^^^^^
> 77 |       </section>
     | ^^^^^^
  78 |
  79 |       {/* Story & Tips Section */}
  80 |       <section className="bg-surface-alt py-20 px-6 md:px-12 w-full mt-12 relative overflow-hidden">

Parsing ecmascript source code failed @ http://localhost:3000/_next/static/chunks/node_modules_next_dist_1gdrd03._.js:1945
[ 6794584ms] [ERROR] ./src/app/page.tsx:76:15
Expected '</', got 'jsx text'
  74 |             </div>
  75 |           </div>
> 76 |         </div>
     |               ^^^^^^^^^^^^^^^^^^^^^^^^^^^^^^^^^^^^^^^^^^^^^^^^^^^^^^^^^^^^^^^^^^^^^^^^^^^^^^^^^^^^^^^^^^^^^^^^^^^^^^^^^^^^^^^^^^^^^^^^^^^^^^^^^^^^^^^^^^^^^^^^^^^^^^^^^^^^^^^^^
> 77 |       </section>
     | ^^^^^^
  78 |
  79 |       {/* Story & Tips Section */}
  80 |       <section className="bg-surface-alt py-20 px-6 md:px-12 w-full mt-12 relative overflow-hidden">

Parsing ecmascript source code failed @ http://localhost:3000/_next/static/chunks/node_modules_next_dist_1gdrd03._.js:1945
[ 6794647ms] [ERROR] ./src/app/page.tsx:76:15
Expected '</', got 'jsx text'
  74 |             </div>
  75 |           </div>
> 76 |         </div>
     |               ^^^^^^^^^^^^^^^^^^^^^^^^^^^^^^^^^^^^^^^^^^^^^^^^^^^^^^^^^^^^^^^^^^^^^^^^^^^^^^^^^^^^^^^^^^^^^^^^^^^^^^^^^^^^^^^^^^^^^^^^^^^^^^^^^^^^^^^^^^^^^^^^^^^^^^^^^^^^^^^^^
> 77 |       </section>
     | ^^^^^^
  78 |
  79 |       {/* Story & Tips Section */}
  80 |       <section className="bg-surface-alt py-20 px-6 md:px-12 w-full mt-12 relative overflow-hidden">

Parsing ecmascript source code failed @ http://localhost:3000/_next/static/chunks/node_modules_next_dist_1gdrd03._.js:1945
[ 6794709ms] [ERROR] ./src/app/page.tsx:76:15
Expected '</', got 'jsx text'
  74 |             </div>
  75 |           </div>
> 76 |         </div>
     |               ^^^^^^^^^^^^^^^^^^^^^^^^^^^^^^^^^^^^^^^^^^^^^^^^^^^^^^^^^^^^^^^^^^^^^^^^^^^^^^^^^^^^^^^^^^^^^^^^^^^^^^^^^^^^^^^^^^^^^^^^^^^^^^^^^^^^^^^^^^^^^^^^^^^^^^^^^^^^^^^^^
> 77 |       </section>
     | ^^^^^^
  78 |
  79 |       {/* Story & Tips Section */}
  80 |       <section className="bg-surface-alt py-20 px-6 md:px-12 w-full mt-12 relative overflow-hidden">

Parsing ecmascript source code failed @ http://localhost:3000/_next/static/chunks/node_modules_next_dist_1gdrd03._.js:1945
[ 6794775ms] [ERROR] ./src/app/page.tsx:76:15
Expected '</', got 'jsx text'
  74 |             </div>
  75 |           </div>
> 76 |         </div>
     |               ^^^^^^^^^^^^^^^^^^^^^^^^^^^^^^^^^^^^^^^^^^^^^^^^^^^^^^^^^^^^^^^^^^^^^^^^^^^^^^^^^^^^^^^^^^^^^^^^^^^^^^^^^^^^^^^^^^^^^^^^^^^^^^^^^^^^^^^^^^^^^^^^^^^^^^^^^^^^^^^^^
> 77 |       </section>
     | ^^^^^^
  78 |
  79 |       {/* Story & Tips Section */}
  80 |       <section className="bg-surface-alt py-20 px-6 md:px-12 w-full mt-12 relative overflow-hidden">

Parsing ecmascript source code failed @ http://localhost:3000/_next/static/chunks/node_modules_next_dist_1gdrd03._.js:1945
[ 6794835ms] [ERROR] ./src/app/page.tsx:76:15
Expected '</', got 'jsx text'
  74 |             </div>
  75 |           </div>
> 76 |         </div>
     |               ^^^^^^^^^^^^^^^^^^^^^^^^^^^^^^^^^^^^^^^^^^^^^^^^^^^^^^^^^^^^^^^^^^^^^^^^^^^^^^^^^^^^^^^^^^^^^^^^^^^^^^^^^^^^^^^^^^^^^^^^^^^^^^^^^^^^^^^^^^^^^^^^^^^^^^^^^^^^^^^^^
> 77 |       </section>
     | ^^^^^^
  78 |
  79 |       {/* Story & Tips Section */}
  80 |       <section className="bg-surface-alt py-20 px-6 md:px-12 w-full mt-12 relative overflow-hidden">

Parsing ecmascript source code failed @ http://localhost:3000/_next/static/chunks/node_modules_next_dist_1gdrd03._.js:1945
[ 6794897ms] [ERROR] ./src/app/page.tsx:76:15
Expected '</', got 'jsx text'
  74 |             </div>
  75 |           </div>
> 76 |         </div>
     |               ^^^^^^^^^^^^^^^^^^^^^^^^^^^^^^^^^^^^^^^^^^^^^^^^^^^^^^^^^^^^^^^^^^^^^^^^^^^^^^^^^^^^^^^^^^^^^^^^^^^^^^^^^^^^^^^^^^^^^^^^^^^^^^^^^^^^^^^^^^^^^^^^^^^^^^^^^^^^^^^^^
> 77 |       </section>
     | ^^^^^^
  78 |
  79 |       {/* Story & Tips Section */}
  80 |       <section className="bg-surface-alt py-20 px-6 md:px-12 w-full mt-12 relative overflow-hidden">

Parsing ecmascript source code failed @ http://localhost:3000/_next/static/chunks/node_modules_next_dist_1gdrd03._.js:1945
[ 6794960ms] [ERROR] ./src/app/page.tsx:76:15
Expected '</', got 'jsx text'
  74 |             </div>
  75 |           </div>
> 76 |         </div>
     |               ^^^^^^^^^^^^^^^^^^^^^^^^^^^^^^^^^^^^^^^^^^^^^^^^^^^^^^^^^^^^^^^^^^^^^^^^^^^^^^^^^^^^^^^^^^^^^^^^^^^^^^^^^^^^^^^^^^^^^^^^^^^^^^^^^^^^^^^^^^^^^^^^^^^^^^^^^^^^^^^^^
> 77 |       </section>
     | ^^^^^^
  78 |
  79 |       {/* Story & Tips Section */}
  80 |       <section className="bg-surface-alt py-20 px-6 md:px-12 w-full mt-12 relative overflow-hidden">

Parsing ecmascript source code failed @ http://localhost:3000/_next/static/chunks/node_modules_next_dist_1gdrd03._.js:1945
[ 6795024ms] [ERROR] ./src/app/page.tsx:76:15
Expected '</', got 'jsx text'
  74 |             </div>
  75 |           </div>
> 76 |         </div>
     |               ^^^^^^^^^^^^^^^^^^^^^^^^^^^^^^^^^^^^^^^^^^^^^^^^^^^^^^^^^^^^^^^^^^^^^^^^^^^^^^^^^^^^^^^^^^^^^^^^^^^^^^^^^^^^^^^^^^^^^^^^^^^^^^^^^^^^^^^^^^^^^^^^^^^^^^^^^^^^^^^^^
> 77 |       </section>
     | ^^^^^^
  78 |
  79 |       {/* Story & Tips Section */}
  80 |       <section className="bg-surface-alt py-20 px-6 md:px-12 w-full mt-12 relative overflow-hidden">

Parsing ecmascript source code failed @ http://localhost:3000/_next/static/chunks/node_modules_next_dist_1gdrd03._.js:1945
[ 6795086ms] [ERROR] ./src/app/page.tsx:76:15
Expected '</', got 'jsx text'
  74 |             </div>
  75 |           </div>
> 76 |         </div>
     |               ^^^^^^^^^^^^^^^^^^^^^^^^^^^^^^^^^^^^^^^^^^^^^^^^^^^^^^^^^^^^^^^^^^^^^^^^^^^^^^^^^^^^^^^^^^^^^^^^^^^^^^^^^^^^^^^^^^^^^^^^^^^^^^^^^^^^^^^^^^^^^^^^^^^^^^^^^^^^^^^^^
> 77 |       </section>
     | ^^^^^^
  78 |
  79 |       {/* Story & Tips Section */}
  80 |       <section className="bg-surface-alt py-20 px-6 md:px-12 w-full mt-12 relative overflow-hidden">

Parsing ecmascript source code failed @ http://localhost:3000/_next/static/chunks/node_modules_next_dist_1gdrd03._.js:1945
[ 6795149ms] [ERROR] ./src/app/page.tsx:76:15
Expected '</', got 'jsx text'
  74 |             </div>
  75 |           </div>
> 76 |         </div>
     |               ^^^^^^^^^^^^^^^^^^^^^^^^^^^^^^^^^^^^^^^^^^^^^^^^^^^^^^^^^^^^^^^^^^^^^^^^^^^^^^^^^^^^^^^^^^^^^^^^^^^^^^^^^^^^^^^^^^^^^^^^^^^^^^^^^^^^^^^^^^^^^^^^^^^^^^^^^^^^^^^^^
> 77 |       </section>
     | ^^^^^^
  78 |
  79 |       {/* Story & Tips Section */}
  80 |       <section className="bg-surface-alt py-20 px-6 md:px-12 w-full mt-12 relative overflow-hidden">

Parsing ecmascript source code failed @ http://localhost:3000/_next/static/chunks/node_modules_next_dist_1gdrd03._.js:1945
[ 6795212ms] [ERROR] ./src/app/page.tsx:76:15
Expected '</', got 'jsx text'
  74 |             </div>
  75 |           </div>
> 76 |         </div>
     |               ^^^^^^^^^^^^^^^^^^^^^^^^^^^^^^^^^^^^^^^^^^^^^^^^^^^^^^^^^^^^^^^^^^^^^^^^^^^^^^^^^^^^^^^^^^^^^^^^^^^^^^^^^^^^^^^^^^^^^^^^^^^^^^^^^^^^^^^^^^^^^^^^^^^^^^^^^^^^^^^^^
> 77 |       </section>
     | ^^^^^^
  78 |
  79 |       {/* Story & Tips Section */}
  80 |       <section className="bg-surface-alt py-20 px-6 md:px-12 w-full mt-12 relative overflow-hidden">

Parsing ecmascript source code failed @ http://localhost:3000/_next/static/chunks/node_modules_next_dist_1gdrd03._.js:1945
[ 6795274ms] [ERROR] ./src/app/page.tsx:76:15
Expected '</', got 'jsx text'
  74 |             </div>
  75 |           </div>
> 76 |         </div>
     |               ^^^^^^^^^^^^^^^^^^^^^^^^^^^^^^^^^^^^^^^^^^^^^^^^^^^^^^^^^^^^^^^^^^^^^^^^^^^^^^^^^^^^^^^^^^^^^^^^^^^^^^^^^^^^^^^^^^^^^^^^^^^^^^^^^^^^^^^^^^^^^^^^^^^^^^^^^^^^^^^^^
> 77 |       </section>
     | ^^^^^^
  78 |
  79 |       {/* Story & Tips Section */}
  80 |       <section className="bg-surface-alt py-20 px-6 md:px-12 w-full mt-12 relative overflow-hidden">

Parsing ecmascript source code failed @ http://localhost:3000/_next/static/chunks/node_modules_next_dist_1gdrd03._.js:1945
[ 6795337ms] [ERROR] ./src/app/page.tsx:76:15
Expected '</', got 'jsx text'
  74 |             </div>
  75 |           </div>
> 76 |         </div>
     |               ^^^^^^^^^^^^^^^^^^^^^^^^^^^^^^^^^^^^^^^^^^^^^^^^^^^^^^^^^^^^^^^^^^^^^^^^^^^^^^^^^^^^^^^^^^^^^^^^^^^^^^^^^^^^^^^^^^^^^^^^^^^^^^^^^^^^^^^^^^^^^^^^^^^^^^^^^^^^^^^^^
> 77 |       </section>
     | ^^^^^^
  78 |
  79 |       {/* Story & Tips Section */}
  80 |       <section className="bg-surface-alt py-20 px-6 md:px-12 w-full mt-12 relative overflow-hidden">

Parsing ecmascript source code failed @ http://localhost:3000/_next/static/chunks/node_modules_next_dist_1gdrd03._.js:1945
[ 6795397ms] [ERROR] ./src/app/page.tsx:76:15
Expected '</', got 'jsx text'
  74 |             </div>
  75 |           </div>
> 76 |         </div>
     |               ^^^^^^^^^^^^^^^^^^^^^^^^^^^^^^^^^^^^^^^^^^^^^^^^^^^^^^^^^^^^^^^^^^^^^^^^^^^^^^^^^^^^^^^^^^^^^^^^^^^^^^^^^^^^^^^^^^^^^^^^^^^^^^^^^^^^^^^^^^^^^^^^^^^^^^^^^^^^^^^^^
> 77 |       </section>
     | ^^^^^^
  78 |
  79 |       {/* Story & Tips Section */}
  80 |       <section className="bg-surface-alt py-20 px-6 md:px-12 w-full mt-12 relative overflow-hidden">

Parsing ecmascript source code failed @ http://localhost:3000/_next/static/chunks/node_modules_next_dist_1gdrd03._.js:1945
[ 6795460ms] [ERROR] ./src/app/page.tsx:76:15
Expected '</', got 'jsx text'
  74 |             </div>
  75 |           </div>
> 76 |         </div>
     |               ^^^^^^^^^^^^^^^^^^^^^^^^^^^^^^^^^^^^^^^^^^^^^^^^^^^^^^^^^^^^^^^^^^^^^^^^^^^^^^^^^^^^^^^^^^^^^^^^^^^^^^^^^^^^^^^^^^^^^^^^^^^^^^^^^^^^^^^^^^^^^^^^^^^^^^^^^^^^^^^^^
> 77 |       </section>
     | ^^^^^^
  78 |
  79 |       {/* Story & Tips Section */}
  80 |       <section className="bg-surface-alt py-20 px-6 md:px-12 w-full mt-12 relative overflow-hidden">

Parsing ecmascript source code failed @ http://localhost:3000/_next/static/chunks/node_modules_next_dist_1gdrd03._.js:1945
[ 6795521ms] [ERROR] ./src/app/page.tsx:76:15
Expected '</', got 'jsx text'
  74 |             </div>
  75 |           </div>
> 76 |         </div>
     |               ^^^^^^^^^^^^^^^^^^^^^^^^^^^^^^^^^^^^^^^^^^^^^^^^^^^^^^^^^^^^^^^^^^^^^^^^^^^^^^^^^^^^^^^^^^^^^^^^^^^^^^^^^^^^^^^^^^^^^^^^^^^^^^^^^^^^^^^^^^^^^^^^^^^^^^^^^^^^^^^^^
> 77 |       </section>
     | ^^^^^^
  78 |
  79 |       {/* Story & Tips Section */}
  80 |       <section className="bg-surface-alt py-20 px-6 md:px-12 w-full mt-12 relative overflow-hidden">

Parsing ecmascript source code failed @ http://localhost:3000/_next/static/chunks/node_modules_next_dist_1gdrd03._.js:1945
[ 6795584ms] [ERROR] ./src/app/page.tsx:76:15
Expected '</', got 'jsx text'
  74 |             </div>
  75 |           </div>
> 76 |         </div>
     |               ^^^^^^^^^^^^^^^^^^^^^^^^^^^^^^^^^^^^^^^^^^^^^^^^^^^^^^^^^^^^^^^^^^^^^^^^^^^^^^^^^^^^^^^^^^^^^^^^^^^^^^^^^^^^^^^^^^^^^^^^^^^^^^^^^^^^^^^^^^^^^^^^^^^^^^^^^^^^^^^^^
> 77 |       </section>
     | ^^^^^^
  78 |
  79 |       {/* Story & Tips Section */}
  80 |       <section className="bg-surface-alt py-20 px-6 md:px-12 w-full mt-12 relative overflow-hidden">

Parsing ecmascript source code failed @ http://localhost:3000/_next/static/chunks/node_modules_next_dist_1gdrd03._.js:1945
[ 6795648ms] [ERROR] ./src/app/page.tsx:76:15
Expected '</', got 'jsx text'
  74 |             </div>
  75 |           </div>
> 76 |         </div>
     |               ^^^^^^^^^^^^^^^^^^^^^^^^^^^^^^^^^^^^^^^^^^^^^^^^^^^^^^^^^^^^^^^^^^^^^^^^^^^^^^^^^^^^^^^^^^^^^^^^^^^^^^^^^^^^^^^^^^^^^^^^^^^^^^^^^^^^^^^^^^^^^^^^^^^^^^^^^^^^^^^^^
> 77 |       </section>
     | ^^^^^^
  78 |
  79 |       {/* Story & Tips Section */}
  80 |       <section className="bg-surface-alt py-20 px-6 md:px-12 w-full mt-12 relative overflow-hidden">

Parsing ecmascript source code failed @ http://localhost:3000/_next/static/chunks/node_modules_next_dist_1gdrd03._.js:1945
[ 6795708ms] [ERROR] ./src/app/page.tsx:76:15
Expected '</', got 'jsx text'
  74 |             </div>
  75 |           </div>
> 76 |         </div>
     |               ^^^^^^^^^^^^^^^^^^^^^^^^^^^^^^^^^^^^^^^^^^^^^^^^^^^^^^^^^^^^^^^^^^^^^^^^^^^^^^^^^^^^^^^^^^^^^^^^^^^^^^^^^^^^^^^^^^^^^^^^^^^^^^^^^^^^^^^^^^^^^^^^^^^^^^^^^^^^^^^^^
> 77 |       </section>
     | ^^^^^^
  78 |
  79 |       {/* Story & Tips Section */}
  80 |       <section className="bg-surface-alt py-20 px-6 md:px-12 w-full mt-12 relative overflow-hidden">

Parsing ecmascript source code failed @ http://localhost:3000/_next/static/chunks/node_modules_next_dist_1gdrd03._.js:1945
[ 6795771ms] [ERROR] ./src/app/page.tsx:76:15
Expected '</', got 'jsx text'
  74 |             </div>
  75 |           </div>
> 76 |         </div>
     |               ^^^^^^^^^^^^^^^^^^^^^^^^^^^^^^^^^^^^^^^^^^^^^^^^^^^^^^^^^^^^^^^^^^^^^^^^^^^^^^^^^^^^^^^^^^^^^^^^^^^^^^^^^^^^^^^^^^^^^^^^^^^^^^^^^^^^^^^^^^^^^^^^^^^^^^^^^^^^^^^^^
> 77 |       </section>
     | ^^^^^^
  78 |
  79 |       {/* Story & Tips Section */}
  80 |       <section className="bg-surface-alt py-20 px-6 md:px-12 w-full mt-12 relative overflow-hidden">

Parsing ecmascript source code failed @ http://localhost:3000/_next/static/chunks/node_modules_next_dist_1gdrd03._.js:1945
[ 6795832ms] [ERROR] ./src/app/page.tsx:76:15
Expected '</', got 'jsx text'
  74 |             </div>
  75 |           </div>
> 76 |         </div>
     |               ^^^^^^^^^^^^^^^^^^^^^^^^^^^^^^^^^^^^^^^^^^^^^^^^^^^^^^^^^^^^^^^^^^^^^^^^^^^^^^^^^^^^^^^^^^^^^^^^^^^^^^^^^^^^^^^^^^^^^^^^^^^^^^^^^^^^^^^^^^^^^^^^^^^^^^^^^^^^^^^^^
> 77 |       </section>
     | ^^^^^^
  78 |
  79 |       {/* Story & Tips Section */}
  80 |       <section className="bg-surface-alt py-20 px-6 md:px-12 w-full mt-12 relative overflow-hidden">

Parsing ecmascript source code failed @ http://localhost:3000/_next/static/chunks/node_modules_next_dist_1gdrd03._.js:1945
[ 6795895ms] [ERROR] ./src/app/page.tsx:76:15
Expected '</', got 'jsx text'
  74 |             </div>
  75 |           </div>
> 76 |         </div>
     |               ^^^^^^^^^^^^^^^^^^^^^^^^^^^^^^^^^^^^^^^^^^^^^^^^^^^^^^^^^^^^^^^^^^^^^^^^^^^^^^^^^^^^^^^^^^^^^^^^^^^^^^^^^^^^^^^^^^^^^^^^^^^^^^^^^^^^^^^^^^^^^^^^^^^^^^^^^^^^^^^^^
> 77 |       </section>
     | ^^^^^^
  78 |
  79 |       {/* Story & Tips Section */}
  80 |       <section className="bg-surface-alt py-20 px-6 md:px-12 w-full mt-12 relative overflow-hidden">

Parsing ecmascript source code failed @ http://localhost:3000/_next/static/chunks/node_modules_next_dist_1gdrd03._.js:1945
[ 6795957ms] [ERROR] ./src/app/page.tsx:76:15
Expected '</', got 'jsx text'
  74 |             </div>
  75 |           </div>
> 76 |         </div>
     |               ^^^^^^^^^^^^^^^^^^^^^^^^^^^^^^^^^^^^^^^^^^^^^^^^^^^^^^^^^^^^^^^^^^^^^^^^^^^^^^^^^^^^^^^^^^^^^^^^^^^^^^^^^^^^^^^^^^^^^^^^^^^^^^^^^^^^^^^^^^^^^^^^^^^^^^^^^^^^^^^^^
> 77 |       </section>
     | ^^^^^^
  78 |
  79 |       {/* Story & Tips Section */}
  80 |       <section className="bg-surface-alt py-20 px-6 md:px-12 w-full mt-12 relative overflow-hidden">

Parsing ecmascript source code failed @ http://localhost:3000/_next/static/chunks/node_modules_next_dist_1gdrd03._.js:1945
[ 6796019ms] [ERROR] ./src/app/page.tsx:76:15
Expected '</', got 'jsx text'
  74 |             </div>
  75 |           </div>
> 76 |         </div>
     |               ^^^^^^^^^^^^^^^^^^^^^^^^^^^^^^^^^^^^^^^^^^^^^^^^^^^^^^^^^^^^^^^^^^^^^^^^^^^^^^^^^^^^^^^^^^^^^^^^^^^^^^^^^^^^^^^^^^^^^^^^^^^^^^^^^^^^^^^^^^^^^^^^^^^^^^^^^^^^^^^^^
> 77 |       </section>
     | ^^^^^^
  78 |
  79 |       {/* Story & Tips Section */}
  80 |       <section className="bg-surface-alt py-20 px-6 md:px-12 w-full mt-12 relative overflow-hidden">

Parsing ecmascript source code failed @ http://localhost:3000/_next/static/chunks/node_modules_next_dist_1gdrd03._.js:1945
[ 6796082ms] [ERROR] ./src/app/page.tsx:76:15
Expected '</', got 'jsx text'
  74 |             </div>
  75 |           </div>
> 76 |         </div>
     |               ^^^^^^^^^^^^^^^^^^^^^^^^^^^^^^^^^^^^^^^^^^^^^^^^^^^^^^^^^^^^^^^^^^^^^^^^^^^^^^^^^^^^^^^^^^^^^^^^^^^^^^^^^^^^^^^^^^^^^^^^^^^^^^^^^^^^^^^^^^^^^^^^^^^^^^^^^^^^^^^^^
> 77 |       </section>
     | ^^^^^^
  78 |
  79 |       {/* Story & Tips Section */}
  80 |       <section className="bg-surface-alt py-20 px-6 md:px-12 w-full mt-12 relative overflow-hidden">

Parsing ecmascript source code failed @ http://localhost:3000/_next/static/chunks/node_modules_next_dist_1gdrd03._.js:1945
[ 6796145ms] [ERROR] ./src/app/page.tsx:76:15
Expected '</', got 'jsx text'
  74 |             </div>
  75 |           </div>
> 76 |         </div>
     |               ^^^^^^^^^^^^^^^^^^^^^^^^^^^^^^^^^^^^^^^^^^^^^^^^^^^^^^^^^^^^^^^^^^^^^^^^^^^^^^^^^^^^^^^^^^^^^^^^^^^^^^^^^^^^^^^^^^^^^^^^^^^^^^^^^^^^^^^^^^^^^^^^^^^^^^^^^^^^^^^^^
> 77 |       </section>
     | ^^^^^^
  78 |
  79 |       {/* Story & Tips Section */}
  80 |       <section className="bg-surface-alt py-20 px-6 md:px-12 w-full mt-12 relative overflow-hidden">

Parsing ecmascript source code failed @ http://localhost:3000/_next/static/chunks/node_modules_next_dist_1gdrd03._.js:1945
[ 6796206ms] [ERROR] ./src/app/page.tsx:76:15
Expected '</', got 'jsx text'
  74 |             </div>
  75 |           </div>
> 76 |         </div>
     |               ^^^^^^^^^^^^^^^^^^^^^^^^^^^^^^^^^^^^^^^^^^^^^^^^^^^^^^^^^^^^^^^^^^^^^^^^^^^^^^^^^^^^^^^^^^^^^^^^^^^^^^^^^^^^^^^^^^^^^^^^^^^^^^^^^^^^^^^^^^^^^^^^^^^^^^^^^^^^^^^^^
> 77 |       </section>
     | ^^^^^^
  78 |
  79 |       {/* Story & Tips Section */}
  80 |       <section className="bg-surface-alt py-20 px-6 md:px-12 w-full mt-12 relative overflow-hidden">

Parsing ecmascript source code failed @ http://localhost:3000/_next/static/chunks/node_modules_next_dist_1gdrd03._.js:1945
[ 6796267ms] [ERROR] ./src/app/page.tsx:76:15
Expected '</', got 'jsx text'
  74 |             </div>
  75 |           </div>
> 76 |         </div>
     |               ^^^^^^^^^^^^^^^^^^^^^^^^^^^^^^^^^^^^^^^^^^^^^^^^^^^^^^^^^^^^^^^^^^^^^^^^^^^^^^^^^^^^^^^^^^^^^^^^^^^^^^^^^^^^^^^^^^^^^^^^^^^^^^^^^^^^^^^^^^^^^^^^^^^^^^^^^^^^^^^^^
> 77 |       </section>
     | ^^^^^^
  78 |
  79 |       {/* Story & Tips Section */}
  80 |       <section className="bg-surface-alt py-20 px-6 md:px-12 w-full mt-12 relative overflow-hidden">

Parsing ecmascript source code failed @ http://localhost:3000/_next/static/chunks/node_modules_next_dist_1gdrd03._.js:1945
[ 6796329ms] [ERROR] ./src/app/page.tsx:76:15
Expected '</', got 'jsx text'
  74 |             </div>
  75 |           </div>
> 76 |         </div>
     |               ^^^^^^^^^^^^^^^^^^^^^^^^^^^^^^^^^^^^^^^^^^^^^^^^^^^^^^^^^^^^^^^^^^^^^^^^^^^^^^^^^^^^^^^^^^^^^^^^^^^^^^^^^^^^^^^^^^^^^^^^^^^^^^^^^^^^^^^^^^^^^^^^^^^^^^^^^^^^^^^^^
> 77 |       </section>
     | ^^^^^^
  78 |
  79 |       {/* Story & Tips Section */}
  80 |       <section className="bg-surface-alt py-20 px-6 md:px-12 w-full mt-12 relative overflow-hidden">

Parsing ecmascript source code failed @ http://localhost:3000/_next/static/chunks/node_modules_next_dist_1gdrd03._.js:1945
[ 6796392ms] [ERROR] ./src/app/page.tsx:76:15
Expected '</', got 'jsx text'
  74 |             </div>
  75 |           </div>
> 76 |         </div>
     |               ^^^^^^^^^^^^^^^^^^^^^^^^^^^^^^^^^^^^^^^^^^^^^^^^^^^^^^^^^^^^^^^^^^^^^^^^^^^^^^^^^^^^^^^^^^^^^^^^^^^^^^^^^^^^^^^^^^^^^^^^^^^^^^^^^^^^^^^^^^^^^^^^^^^^^^^^^^^^^^^^^
> 77 |       </section>
     | ^^^^^^
  78 |
  79 |       {/* Story & Tips Section */}
  80 |       <section className="bg-surface-alt py-20 px-6 md:px-12 w-full mt-12 relative overflow-hidden">

Parsing ecmascript source code failed @ http://localhost:3000/_next/static/chunks/node_modules_next_dist_1gdrd03._.js:1945
[ 6796454ms] [ERROR] ./src/app/page.tsx:76:15
Expected '</', got 'jsx text'
  74 |             </div>
  75 |           </div>
> 76 |         </div>
     |               ^^^^^^^^^^^^^^^^^^^^^^^^^^^^^^^^^^^^^^^^^^^^^^^^^^^^^^^^^^^^^^^^^^^^^^^^^^^^^^^^^^^^^^^^^^^^^^^^^^^^^^^^^^^^^^^^^^^^^^^^^^^^^^^^^^^^^^^^^^^^^^^^^^^^^^^^^^^^^^^^^
> 77 |       </section>
     | ^^^^^^
  78 |
  79 |       {/* Story & Tips Section */}
  80 |       <section className="bg-surface-alt py-20 px-6 md:px-12 w-full mt-12 relative overflow-hidden">

Parsing ecmascript source code failed @ http://localhost:3000/_next/static/chunks/node_modules_next_dist_1gdrd03._.js:1945
[ 6796516ms] [ERROR] ./src/app/page.tsx:76:15
Expected '</', got 'jsx text'
  74 |             </div>
  75 |           </div>
> 76 |         </div>
     |               ^^^^^^^^^^^^^^^^^^^^^^^^^^^^^^^^^^^^^^^^^^^^^^^^^^^^^^^^^^^^^^^^^^^^^^^^^^^^^^^^^^^^^^^^^^^^^^^^^^^^^^^^^^^^^^^^^^^^^^^^^^^^^^^^^^^^^^^^^^^^^^^^^^^^^^^^^^^^^^^^^
> 77 |       </section>
     | ^^^^^^
  78 |
  79 |       {/* Story & Tips Section */}
  80 |       <section className="bg-surface-alt py-20 px-6 md:px-12 w-full mt-12 relative overflow-hidden">

Parsing ecmascript source code failed @ http://localhost:3000/_next/static/chunks/node_modules_next_dist_1gdrd03._.js:1945
[ 6796580ms] [ERROR] ./src/app/page.tsx:76:15
Expected '</', got 'jsx text'
  74 |             </div>
  75 |           </div>
> 76 |         </div>
     |               ^^^^^^^^^^^^^^^^^^^^^^^^^^^^^^^^^^^^^^^^^^^^^^^^^^^^^^^^^^^^^^^^^^^^^^^^^^^^^^^^^^^^^^^^^^^^^^^^^^^^^^^^^^^^^^^^^^^^^^^^^^^^^^^^^^^^^^^^^^^^^^^^^^^^^^^^^^^^^^^^^
> 77 |       </section>
     | ^^^^^^
  78 |
  79 |       {/* Story & Tips Section */}
  80 |       <section className="bg-surface-alt py-20 px-6 md:px-12 w-full mt-12 relative overflow-hidden">

Parsing ecmascript source code failed @ http://localhost:3000/_next/static/chunks/node_modules_next_dist_1gdrd03._.js:1945
[ 6796641ms] [ERROR] ./src/app/page.tsx:76:15
Expected '</', got 'jsx text'
  74 |             </div>
  75 |           </div>
> 76 |         </div>
     |               ^^^^^^^^^^^^^^^^^^^^^^^^^^^^^^^^^^^^^^^^^^^^^^^^^^^^^^^^^^^^^^^^^^^^^^^^^^^^^^^^^^^^^^^^^^^^^^^^^^^^^^^^^^^^^^^^^^^^^^^^^^^^^^^^^^^^^^^^^^^^^^^^^^^^^^^^^^^^^^^^^
> 77 |       </section>
     | ^^^^^^
  78 |
  79 |       {/* Story & Tips Section */}
  80 |       <section className="bg-surface-alt py-20 px-6 md:px-12 w-full mt-12 relative overflow-hidden">

Parsing ecmascript source code failed @ http://localhost:3000/_next/static/chunks/node_modules_next_dist_1gdrd03._.js:1945
[ 6796703ms] [ERROR] ./src/app/page.tsx:76:15
Expected '</', got 'jsx text'
  74 |             </div>
  75 |           </div>
> 76 |         </div>
     |               ^^^^^^^^^^^^^^^^^^^^^^^^^^^^^^^^^^^^^^^^^^^^^^^^^^^^^^^^^^^^^^^^^^^^^^^^^^^^^^^^^^^^^^^^^^^^^^^^^^^^^^^^^^^^^^^^^^^^^^^^^^^^^^^^^^^^^^^^^^^^^^^^^^^^^^^^^^^^^^^^^
> 77 |       </section>
     | ^^^^^^
  78 |
  79 |       {/* Story & Tips Section */}
  80 |       <section className="bg-surface-alt py-20 px-6 md:px-12 w-full mt-12 relative overflow-hidden">

Parsing ecmascript source code failed @ http://localhost:3000/_next/static/chunks/node_modules_next_dist_1gdrd03._.js:1945
[ 6796766ms] [ERROR] ./src/app/page.tsx:76:15
Expected '</', got 'jsx text'
  74 |             </div>
  75 |           </div>
> 76 |         </div>
     |               ^^^^^^^^^^^^^^^^^^^^^^^^^^^^^^^^^^^^^^^^^^^^^^^^^^^^^^^^^^^^^^^^^^^^^^^^^^^^^^^^^^^^^^^^^^^^^^^^^^^^^^^^^^^^^^^^^^^^^^^^^^^^^^^^^^^^^^^^^^^^^^^^^^^^^^^^^^^^^^^^^
> 77 |       </section>
     | ^^^^^^
  78 |
  79 |       {/* Story & Tips Section */}
  80 |       <section className="bg-surface-alt py-20 px-6 md:px-12 w-full mt-12 relative overflow-hidden">

Parsing ecmascript source code failed @ http://localhost:3000/_next/static/chunks/node_modules_next_dist_1gdrd03._.js:1945
[ 6796828ms] [ERROR] ./src/app/page.tsx:76:15
Expected '</', got 'jsx text'
  74 |             </div>
  75 |           </div>
> 76 |         </div>
     |               ^^^^^^^^^^^^^^^^^^^^^^^^^^^^^^^^^^^^^^^^^^^^^^^^^^^^^^^^^^^^^^^^^^^^^^^^^^^^^^^^^^^^^^^^^^^^^^^^^^^^^^^^^^^^^^^^^^^^^^^^^^^^^^^^^^^^^^^^^^^^^^^^^^^^^^^^^^^^^^^^^
> 77 |       </section>
     | ^^^^^^
  78 |
  79 |       {/* Story & Tips Section */}
  80 |       <section className="bg-surface-alt py-20 px-6 md:px-12 w-full mt-12 relative overflow-hidden">

Parsing ecmascript source code failed @ http://localhost:3000/_next/static/chunks/node_modules_next_dist_1gdrd03._.js:1945
[ 6796899ms] [ERROR] ./src/app/page.tsx:76:15
Expected '</', got 'jsx text'
  74 |             </div>
  75 |           </div>
> 76 |         </div>
     |               ^^^^^^^^^^^^^^^^^^^^^^^^^^^^^^^^^^^^^^^^^^^^^^^^^^^^^^^^^^^^^^^^^^^^^^^^^^^^^^^^^^^^^^^^^^^^^^^^^^^^^^^^^^^^^^^^^^^^^^^^^^^^^^^^^^^^^^^^^^^^^^^^^^^^^^^^^^^^^^^^^
> 77 |       </section>
     | ^^^^^^
  78 |
  79 |       {/* Story & Tips Section */}
  80 |       <section className="bg-surface-alt py-20 px-6 md:px-12 w-full mt-12 relative overflow-hidden">

Parsing ecmascript source code failed @ http://localhost:3000/_next/static/chunks/node_modules_next_dist_1gdrd03._.js:1945
[ 6796954ms] [ERROR] ./src/app/page.tsx:76:15
Expected '</', got 'jsx text'
  74 |             </div>
  75 |           </div>
> 76 |         </div>
     |               ^^^^^^^^^^^^^^^^^^^^^^^^^^^^^^^^^^^^^^^^^^^^^^^^^^^^^^^^^^^^^^^^^^^^^^^^^^^^^^^^^^^^^^^^^^^^^^^^^^^^^^^^^^^^^^^^^^^^^^^^^^^^^^^^^^^^^^^^^^^^^^^^^^^^^^^^^^^^^^^^^
> 77 |       </section>
     | ^^^^^^
  78 |
  79 |       {/* Story & Tips Section */}
  80 |       <section className="bg-surface-alt py-20 px-6 md:px-12 w-full mt-12 relative overflow-hidden">

Parsing ecmascript source code failed @ http://localhost:3000/_next/static/chunks/node_modules_next_dist_1gdrd03._.js:1945
[ 6797015ms] [ERROR] ./src/app/page.tsx:76:15
Expected '</', got 'jsx text'
  74 |             </div>
  75 |           </div>
> 76 |         </div>
     |               ^^^^^^^^^^^^^^^^^^^^^^^^^^^^^^^^^^^^^^^^^^^^^^^^^^^^^^^^^^^^^^^^^^^^^^^^^^^^^^^^^^^^^^^^^^^^^^^^^^^^^^^^^^^^^^^^^^^^^^^^^^^^^^^^^^^^^^^^^^^^^^^^^^^^^^^^^^^^^^^^^
> 77 |       </section>
     | ^^^^^^
  78 |
  79 |       {/* Story & Tips Section */}
  80 |       <section className="bg-surface-alt py-20 px-6 md:px-12 w-full mt-12 relative overflow-hidden">

Parsing ecmascript source code failed @ http://localhost:3000/_next/static/chunks/node_modules_next_dist_1gdrd03._.js:1945
[ 6797079ms] [ERROR] ./src/app/page.tsx:76:15
Expected '</', got 'jsx text'
  74 |             </div>
  75 |           </div>
> 76 |         </div>
     |               ^^^^^^^^^^^^^^^^^^^^^^^^^^^^^^^^^^^^^^^^^^^^^^^^^^^^^^^^^^^^^^^^^^^^^^^^^^^^^^^^^^^^^^^^^^^^^^^^^^^^^^^^^^^^^^^^^^^^^^^^^^^^^^^^^^^^^^^^^^^^^^^^^^^^^^^^^^^^^^^^^
> 77 |       </section>
     | ^^^^^^
  78 |
  79 |       {/* Story & Tips Section */}
  80 |       <section className="bg-surface-alt py-20 px-6 md:px-12 w-full mt-12 relative overflow-hidden">

Parsing ecmascript source code failed @ http://localhost:3000/_next/static/chunks/node_modules_next_dist_1gdrd03._.js:1945
[ 6797142ms] [ERROR] ./src/app/page.tsx:76:15
Expected '</', got 'jsx text'
  74 |             </div>
  75 |           </div>
> 76 |         </div>
     |               ^^^^^^^^^^^^^^^^^^^^^^^^^^^^^^^^^^^^^^^^^^^^^^^^^^^^^^^^^^^^^^^^^^^^^^^^^^^^^^^^^^^^^^^^^^^^^^^^^^^^^^^^^^^^^^^^^^^^^^^^^^^^^^^^^^^^^^^^^^^^^^^^^^^^^^^^^^^^^^^^^
> 77 |       </section>
     | ^^^^^^
  78 |
  79 |       {/* Story & Tips Section */}
  80 |       <section className="bg-surface-alt py-20 px-6 md:px-12 w-full mt-12 relative overflow-hidden">

Parsing ecmascript source code failed @ http://localhost:3000/_next/static/chunks/node_modules_next_dist_1gdrd03._.js:1945
[ 6797204ms] [ERROR] ./src/app/page.tsx:76:15
Expected '</', got 'jsx text'
  74 |             </div>
  75 |           </div>
> 76 |         </div>
     |               ^^^^^^^^^^^^^^^^^^^^^^^^^^^^^^^^^^^^^^^^^^^^^^^^^^^^^^^^^^^^^^^^^^^^^^^^^^^^^^^^^^^^^^^^^^^^^^^^^^^^^^^^^^^^^^^^^^^^^^^^^^^^^^^^^^^^^^^^^^^^^^^^^^^^^^^^^^^^^^^^^
> 77 |       </section>
     | ^^^^^^
  78 |
  79 |       {/* Story & Tips Section */}
  80 |       <section className="bg-surface-alt py-20 px-6 md:px-12 w-full mt-12 relative overflow-hidden">

Parsing ecmascript source code failed @ http://localhost:3000/_next/static/chunks/node_modules_next_dist_1gdrd03._.js:1945
[ 6797265ms] [ERROR] ./src/app/page.tsx:76:15
Expected '</', got 'jsx text'
  74 |             </div>
  75 |           </div>
> 76 |         </div>
     |               ^^^^^^^^^^^^^^^^^^^^^^^^^^^^^^^^^^^^^^^^^^^^^^^^^^^^^^^^^^^^^^^^^^^^^^^^^^^^^^^^^^^^^^^^^^^^^^^^^^^^^^^^^^^^^^^^^^^^^^^^^^^^^^^^^^^^^^^^^^^^^^^^^^^^^^^^^^^^^^^^^
> 77 |       </section>
     | ^^^^^^
  78 |
  79 |       {/* Story & Tips Section */}
  80 |       <section className="bg-surface-alt py-20 px-6 md:px-12 w-full mt-12 relative overflow-hidden">

Parsing ecmascript source code failed @ http://localhost:3000/_next/static/chunks/node_modules_next_dist_1gdrd03._.js:1945
[ 6797329ms] [ERROR] ./src/app/page.tsx:76:15
Expected '</', got 'jsx text'
  74 |             </div>
  75 |           </div>
> 76 |         </div>
     |               ^^^^^^^^^^^^^^^^^^^^^^^^^^^^^^^^^^^^^^^^^^^^^^^^^^^^^^^^^^^^^^^^^^^^^^^^^^^^^^^^^^^^^^^^^^^^^^^^^^^^^^^^^^^^^^^^^^^^^^^^^^^^^^^^^^^^^^^^^^^^^^^^^^^^^^^^^^^^^^^^^
> 77 |       </section>
     | ^^^^^^
  78 |
  79 |       {/* Story & Tips Section */}
  80 |       <section className="bg-surface-alt py-20 px-6 md:px-12 w-full mt-12 relative overflow-hidden">

Parsing ecmascript source code failed @ http://localhost:3000/_next/static/chunks/node_modules_next_dist_1gdrd03._.js:1945
[ 6797391ms] [ERROR] ./src/app/page.tsx:76:15
Expected '</', got 'jsx text'
  74 |             </div>
  75 |           </div>
> 76 |         </div>
     |               ^^^^^^^^^^^^^^^^^^^^^^^^^^^^^^^^^^^^^^^^^^^^^^^^^^^^^^^^^^^^^^^^^^^^^^^^^^^^^^^^^^^^^^^^^^^^^^^^^^^^^^^^^^^^^^^^^^^^^^^^^^^^^^^^^^^^^^^^^^^^^^^^^^^^^^^^^^^^^^^^^
> 77 |       </section>
     | ^^^^^^
  78 |
  79 |       {/* Story & Tips Section */}
  80 |       <section className="bg-surface-alt py-20 px-6 md:px-12 w-full mt-12 relative overflow-hidden">

Parsing ecmascript source code failed @ http://localhost:3000/_next/static/chunks/node_modules_next_dist_1gdrd03._.js:1945
[ 6797453ms] [ERROR] ./src/app/page.tsx:76:15
Expected '</', got 'jsx text'
  74 |             </div>
  75 |           </div>
> 76 |         </div>
     |               ^^^^^^^^^^^^^^^^^^^^^^^^^^^^^^^^^^^^^^^^^^^^^^^^^^^^^^^^^^^^^^^^^^^^^^^^^^^^^^^^^^^^^^^^^^^^^^^^^^^^^^^^^^^^^^^^^^^^^^^^^^^^^^^^^^^^^^^^^^^^^^^^^^^^^^^^^^^^^^^^^
> 77 |       </section>
     | ^^^^^^
  78 |
  79 |       {/* Story & Tips Section */}
  80 |       <section className="bg-surface-alt py-20 px-6 md:px-12 w-full mt-12 relative overflow-hidden">

Parsing ecmascript source code failed @ http://localhost:3000/_next/static/chunks/node_modules_next_dist_1gdrd03._.js:1945
[ 6797514ms] [ERROR] ./src/app/page.tsx:76:15
Expected '</', got 'jsx text'
  74 |             </div>
  75 |           </div>
> 76 |         </div>
     |               ^^^^^^^^^^^^^^^^^^^^^^^^^^^^^^^^^^^^^^^^^^^^^^^^^^^^^^^^^^^^^^^^^^^^^^^^^^^^^^^^^^^^^^^^^^^^^^^^^^^^^^^^^^^^^^^^^^^^^^^^^^^^^^^^^^^^^^^^^^^^^^^^^^^^^^^^^^^^^^^^^
> 77 |       </section>
     | ^^^^^^
  78 |
  79 |       {/* Story & Tips Section */}
  80 |       <section className="bg-surface-alt py-20 px-6 md:px-12 w-full mt-12 relative overflow-hidden">

Parsing ecmascript source code failed @ http://localhost:3000/_next/static/chunks/node_modules_next_dist_1gdrd03._.js:1945
[ 6797575ms] [ERROR] ./src/app/page.tsx:76:15
Expected '</', got 'jsx text'
  74 |             </div>
  75 |           </div>
> 76 |         </div>
     |               ^^^^^^^^^^^^^^^^^^^^^^^^^^^^^^^^^^^^^^^^^^^^^^^^^^^^^^^^^^^^^^^^^^^^^^^^^^^^^^^^^^^^^^^^^^^^^^^^^^^^^^^^^^^^^^^^^^^^^^^^^^^^^^^^^^^^^^^^^^^^^^^^^^^^^^^^^^^^^^^^^
> 77 |       </section>
     | ^^^^^^
  78 |
  79 |       {/* Story & Tips Section */}
  80 |       <section className="bg-surface-alt py-20 px-6 md:px-12 w-full mt-12 relative overflow-hidden">

Parsing ecmascript source code failed @ http://localhost:3000/_next/static/chunks/node_modules_next_dist_1gdrd03._.js:1945
[ 6797637ms] [ERROR] ./src/app/page.tsx:76:15
Expected '</', got 'jsx text'
  74 |             </div>
  75 |           </div>
> 76 |         </div>
     |               ^^^^^^^^^^^^^^^^^^^^^^^^^^^^^^^^^^^^^^^^^^^^^^^^^^^^^^^^^^^^^^^^^^^^^^^^^^^^^^^^^^^^^^^^^^^^^^^^^^^^^^^^^^^^^^^^^^^^^^^^^^^^^^^^^^^^^^^^^^^^^^^^^^^^^^^^^^^^^^^^^
> 77 |       </section>
     | ^^^^^^
  78 |
  79 |       {/* Story & Tips Section */}
  80 |       <section className="bg-surface-alt py-20 px-6 md:px-12 w-full mt-12 relative overflow-hidden">

Parsing ecmascript source code failed @ http://localhost:3000/_next/static/chunks/node_modules_next_dist_1gdrd03._.js:1945
[ 6797698ms] [ERROR] ./src/app/page.tsx:76:15
Expected '</', got 'jsx text'
  74 |             </div>
  75 |           </div>
> 76 |         </div>
     |               ^^^^^^^^^^^^^^^^^^^^^^^^^^^^^^^^^^^^^^^^^^^^^^^^^^^^^^^^^^^^^^^^^^^^^^^^^^^^^^^^^^^^^^^^^^^^^^^^^^^^^^^^^^^^^^^^^^^^^^^^^^^^^^^^^^^^^^^^^^^^^^^^^^^^^^^^^^^^^^^^^
> 77 |       </section>
     | ^^^^^^
  78 |
  79 |       {/* Story & Tips Section */}
  80 |       <section className="bg-surface-alt py-20 px-6 md:px-12 w-full mt-12 relative overflow-hidden">

Parsing ecmascript source code failed @ http://localhost:3000/_next/static/chunks/node_modules_next_dist_1gdrd03._.js:1945
[ 6797760ms] [ERROR] ./src/app/page.tsx:76:15
Expected '</', got 'jsx text'
  74 |             </div>
  75 |           </div>
> 76 |         </div>
     |               ^^^^^^^^^^^^^^^^^^^^^^^^^^^^^^^^^^^^^^^^^^^^^^^^^^^^^^^^^^^^^^^^^^^^^^^^^^^^^^^^^^^^^^^^^^^^^^^^^^^^^^^^^^^^^^^^^^^^^^^^^^^^^^^^^^^^^^^^^^^^^^^^^^^^^^^^^^^^^^^^^
> 77 |       </section>
     | ^^^^^^
  78 |
  79 |       {/* Story & Tips Section */}
  80 |       <section className="bg-surface-alt py-20 px-6 md:px-12 w-full mt-12 relative overflow-hidden">

Parsing ecmascript source code failed @ http://localhost:3000/_next/static/chunks/node_modules_next_dist_1gdrd03._.js:1945
[ 6797821ms] [ERROR] ./src/app/page.tsx:76:15
Expected '</', got 'jsx text'
  74 |             </div>
  75 |           </div>
> 76 |         </div>
     |               ^^^^^^^^^^^^^^^^^^^^^^^^^^^^^^^^^^^^^^^^^^^^^^^^^^^^^^^^^^^^^^^^^^^^^^^^^^^^^^^^^^^^^^^^^^^^^^^^^^^^^^^^^^^^^^^^^^^^^^^^^^^^^^^^^^^^^^^^^^^^^^^^^^^^^^^^^^^^^^^^^
> 77 |       </section>
     | ^^^^^^
  78 |
  79 |       {/* Story & Tips Section */}
  80 |       <section className="bg-surface-alt py-20 px-6 md:px-12 w-full mt-12 relative overflow-hidden">

Parsing ecmascript source code failed @ http://localhost:3000/_next/static/chunks/node_modules_next_dist_1gdrd03._.js:1945
[ 6797885ms] [ERROR] ./src/app/page.tsx:76:15
Expected '</', got 'jsx text'
  74 |             </div>
  75 |           </div>
> 76 |         </div>
     |               ^^^^^^^^^^^^^^^^^^^^^^^^^^^^^^^^^^^^^^^^^^^^^^^^^^^^^^^^^^^^^^^^^^^^^^^^^^^^^^^^^^^^^^^^^^^^^^^^^^^^^^^^^^^^^^^^^^^^^^^^^^^^^^^^^^^^^^^^^^^^^^^^^^^^^^^^^^^^^^^^^
> 77 |       </section>
     | ^^^^^^
  78 |
  79 |       {/* Story & Tips Section */}
  80 |       <section className="bg-surface-alt py-20 px-6 md:px-12 w-full mt-12 relative overflow-hidden">

Parsing ecmascript source code failed @ http://localhost:3000/_next/static/chunks/node_modules_next_dist_1gdrd03._.js:1945
[ 6797946ms] [ERROR] ./src/app/page.tsx:76:15
Expected '</', got 'jsx text'
  74 |             </div>
  75 |           </div>
> 76 |         </div>
     |               ^^^^^^^^^^^^^^^^^^^^^^^^^^^^^^^^^^^^^^^^^^^^^^^^^^^^^^^^^^^^^^^^^^^^^^^^^^^^^^^^^^^^^^^^^^^^^^^^^^^^^^^^^^^^^^^^^^^^^^^^^^^^^^^^^^^^^^^^^^^^^^^^^^^^^^^^^^^^^^^^^
> 77 |       </section>
     | ^^^^^^
  78 |
  79 |       {/* Story & Tips Section */}
  80 |       <section className="bg-surface-alt py-20 px-6 md:px-12 w-full mt-12 relative overflow-hidden">

Parsing ecmascript source code failed @ http://localhost:3000/_next/static/chunks/node_modules_next_dist_1gdrd03._.js:1945
[ 6798008ms] [ERROR] ./src/app/page.tsx:76:15
Expected '</', got 'jsx text'
  74 |             </div>
  75 |           </div>
> 76 |         </div>
     |               ^^^^^^^^^^^^^^^^^^^^^^^^^^^^^^^^^^^^^^^^^^^^^^^^^^^^^^^^^^^^^^^^^^^^^^^^^^^^^^^^^^^^^^^^^^^^^^^^^^^^^^^^^^^^^^^^^^^^^^^^^^^^^^^^^^^^^^^^^^^^^^^^^^^^^^^^^^^^^^^^^
> 77 |       </section>
     | ^^^^^^
  78 |
  79 |       {/* Story & Tips Section */}
  80 |       <section className="bg-surface-alt py-20 px-6 md:px-12 w-full mt-12 relative overflow-hidden">

Parsing ecmascript source code failed @ http://localhost:3000/_next/static/chunks/node_modules_next_dist_1gdrd03._.js:1945
[ 6798069ms] [ERROR] ./src/app/page.tsx:76:15
Expected '</', got 'jsx text'
  74 |             </div>
  75 |           </div>
> 76 |         </div>
     |               ^^^^^^^^^^^^^^^^^^^^^^^^^^^^^^^^^^^^^^^^^^^^^^^^^^^^^^^^^^^^^^^^^^^^^^^^^^^^^^^^^^^^^^^^^^^^^^^^^^^^^^^^^^^^^^^^^^^^^^^^^^^^^^^^^^^^^^^^^^^^^^^^^^^^^^^^^^^^^^^^^
> 77 |       </section>
     | ^^^^^^
  78 |
  79 |       {/* Story & Tips Section */}
  80 |       <section className="bg-surface-alt py-20 px-6 md:px-12 w-full mt-12 relative overflow-hidden">

Parsing ecmascript source code failed @ http://localhost:3000/_next/static/chunks/node_modules_next_dist_1gdrd03._.js:1945
[ 6798131ms] [ERROR] ./src/app/page.tsx:76:15
Expected '</', got 'jsx text'
  74 |             </div>
  75 |           </div>
> 76 |         </div>
     |               ^^^^^^^^^^^^^^^^^^^^^^^^^^^^^^^^^^^^^^^^^^^^^^^^^^^^^^^^^^^^^^^^^^^^^^^^^^^^^^^^^^^^^^^^^^^^^^^^^^^^^^^^^^^^^^^^^^^^^^^^^^^^^^^^^^^^^^^^^^^^^^^^^^^^^^^^^^^^^^^^^
> 77 |       </section>
     | ^^^^^^
  78 |
  79 |       {/* Story & Tips Section */}
  80 |       <section className="bg-surface-alt py-20 px-6 md:px-12 w-full mt-12 relative overflow-hidden">

Parsing ecmascript source code failed @ http://localhost:3000/_next/static/chunks/node_modules_next_dist_1gdrd03._.js:1945
[ 6798193ms] [ERROR] ./src/app/page.tsx:76:15
Expected '</', got 'jsx text'
  74 |             </div>
  75 |           </div>
> 76 |         </div>
     |               ^^^^^^^^^^^^^^^^^^^^^^^^^^^^^^^^^^^^^^^^^^^^^^^^^^^^^^^^^^^^^^^^^^^^^^^^^^^^^^^^^^^^^^^^^^^^^^^^^^^^^^^^^^^^^^^^^^^^^^^^^^^^^^^^^^^^^^^^^^^^^^^^^^^^^^^^^^^^^^^^^
> 77 |       </section>
     | ^^^^^^
  78 |
  79 |       {/* Story & Tips Section */}
  80 |       <section className="bg-surface-alt py-20 px-6 md:px-12 w-full mt-12 relative overflow-hidden">

Parsing ecmascript source code failed @ http://localhost:3000/_next/static/chunks/node_modules_next_dist_1gdrd03._.js:1945
[ 6798257ms] [ERROR] ./src/app/page.tsx:76:15
Expected '</', got 'jsx text'
  74 |             </div>
  75 |           </div>
> 76 |         </div>
     |               ^^^^^^^^^^^^^^^^^^^^^^^^^^^^^^^^^^^^^^^^^^^^^^^^^^^^^^^^^^^^^^^^^^^^^^^^^^^^^^^^^^^^^^^^^^^^^^^^^^^^^^^^^^^^^^^^^^^^^^^^^^^^^^^^^^^^^^^^^^^^^^^^^^^^^^^^^^^^^^^^^
> 77 |       </section>
     | ^^^^^^
  78 |
  79 |       {/* Story & Tips Section */}
  80 |       <section className="bg-surface-alt py-20 px-6 md:px-12 w-full mt-12 relative overflow-hidden">

Parsing ecmascript source code failed @ http://localhost:3000/_next/static/chunks/node_modules_next_dist_1gdrd03._.js:1945
[ 6798318ms] [ERROR] ./src/app/page.tsx:76:15
Expected '</', got 'jsx text'
  74 |             </div>
  75 |           </div>
> 76 |         </div>
     |               ^^^^^^^^^^^^^^^^^^^^^^^^^^^^^^^^^^^^^^^^^^^^^^^^^^^^^^^^^^^^^^^^^^^^^^^^^^^^^^^^^^^^^^^^^^^^^^^^^^^^^^^^^^^^^^^^^^^^^^^^^^^^^^^^^^^^^^^^^^^^^^^^^^^^^^^^^^^^^^^^^
> 77 |       </section>
     | ^^^^^^
  78 |
  79 |       {/* Story & Tips Section */}
  80 |       <section className="bg-surface-alt py-20 px-6 md:px-12 w-full mt-12 relative overflow-hidden">

Parsing ecmascript source code failed @ http://localhost:3000/_next/static/chunks/node_modules_next_dist_1gdrd03._.js:1945
[ 6798380ms] [ERROR] ./src/app/page.tsx:76:15
Expected '</', got 'jsx text'
  74 |             </div>
  75 |           </div>
> 76 |         </div>
     |               ^^^^^^^^^^^^^^^^^^^^^^^^^^^^^^^^^^^^^^^^^^^^^^^^^^^^^^^^^^^^^^^^^^^^^^^^^^^^^^^^^^^^^^^^^^^^^^^^^^^^^^^^^^^^^^^^^^^^^^^^^^^^^^^^^^^^^^^^^^^^^^^^^^^^^^^^^^^^^^^^^
> 77 |       </section>
     | ^^^^^^
  78 |
  79 |       {/* Story & Tips Section */}
  80 |       <section className="bg-surface-alt py-20 px-6 md:px-12 w-full mt-12 relative overflow-hidden">

Parsing ecmascript source code failed @ http://localhost:3000/_next/static/chunks/node_modules_next_dist_1gdrd03._.js:1945
[ 6798444ms] [ERROR] ./src/app/page.tsx:76:15
Expected '</', got 'jsx text'
  74 |             </div>
  75 |           </div>
> 76 |         </div>
     |               ^^^^^^^^^^^^^^^^^^^^^^^^^^^^^^^^^^^^^^^^^^^^^^^^^^^^^^^^^^^^^^^^^^^^^^^^^^^^^^^^^^^^^^^^^^^^^^^^^^^^^^^^^^^^^^^^^^^^^^^^^^^^^^^^^^^^^^^^^^^^^^^^^^^^^^^^^^^^^^^^^
> 77 |       </section>
     | ^^^^^^
  78 |
  79 |       {/* Story & Tips Section */}
  80 |       <section className="bg-surface-alt py-20 px-6 md:px-12 w-full mt-12 relative overflow-hidden">

Parsing ecmascript source code failed @ http://localhost:3000/_next/static/chunks/node_modules_next_dist_1gdrd03._.js:1945
[ 6798507ms] [ERROR] ./src/app/page.tsx:76:15
Expected '</', got 'jsx text'
  74 |             </div>
  75 |           </div>
> 76 |         </div>
     |               ^^^^^^^^^^^^^^^^^^^^^^^^^^^^^^^^^^^^^^^^^^^^^^^^^^^^^^^^^^^^^^^^^^^^^^^^^^^^^^^^^^^^^^^^^^^^^^^^^^^^^^^^^^^^^^^^^^^^^^^^^^^^^^^^^^^^^^^^^^^^^^^^^^^^^^^^^^^^^^^^^
> 77 |       </section>
     | ^^^^^^
  78 |
  79 |       {/* Story & Tips Section */}
  80 |       <section className="bg-surface-alt py-20 px-6 md:px-12 w-full mt-12 relative overflow-hidden">

Parsing ecmascript source code failed @ http://localhost:3000/_next/static/chunks/node_modules_next_dist_1gdrd03._.js:1945
[ 6798569ms] [ERROR] ./src/app/page.tsx:76:15
Expected '</', got 'jsx text'
  74 |             </div>
  75 |           </div>
> 76 |         </div>
     |               ^^^^^^^^^^^^^^^^^^^^^^^^^^^^^^^^^^^^^^^^^^^^^^^^^^^^^^^^^^^^^^^^^^^^^^^^^^^^^^^^^^^^^^^^^^^^^^^^^^^^^^^^^^^^^^^^^^^^^^^^^^^^^^^^^^^^^^^^^^^^^^^^^^^^^^^^^^^^^^^^^
> 77 |       </section>
     | ^^^^^^
  78 |
  79 |       {/* Story & Tips Section */}
  80 |       <section className="bg-surface-alt py-20 px-6 md:px-12 w-full mt-12 relative overflow-hidden">

Parsing ecmascript source code failed @ http://localhost:3000/_next/static/chunks/node_modules_next_dist_1gdrd03._.js:1945
[ 6798632ms] [ERROR] ./src/app/page.tsx:76:15
Expected '</', got 'jsx text'
  74 |             </div>
  75 |           </div>
> 76 |         </div>
     |               ^^^^^^^^^^^^^^^^^^^^^^^^^^^^^^^^^^^^^^^^^^^^^^^^^^^^^^^^^^^^^^^^^^^^^^^^^^^^^^^^^^^^^^^^^^^^^^^^^^^^^^^^^^^^^^^^^^^^^^^^^^^^^^^^^^^^^^^^^^^^^^^^^^^^^^^^^^^^^^^^^
> 77 |       </section>
     | ^^^^^^
  78 |
  79 |       {/* Story & Tips Section */}
  80 |       <section className="bg-surface-alt py-20 px-6 md:px-12 w-full mt-12 relative overflow-hidden">

Parsing ecmascript source code failed @ http://localhost:3000/_next/static/chunks/node_modules_next_dist_1gdrd03._.js:1945
[ 6798694ms] [ERROR] ./src/app/page.tsx:76:15
Expected '</', got 'jsx text'
  74 |             </div>
  75 |           </div>
> 76 |         </div>
     |               ^^^^^^^^^^^^^^^^^^^^^^^^^^^^^^^^^^^^^^^^^^^^^^^^^^^^^^^^^^^^^^^^^^^^^^^^^^^^^^^^^^^^^^^^^^^^^^^^^^^^^^^^^^^^^^^^^^^^^^^^^^^^^^^^^^^^^^^^^^^^^^^^^^^^^^^^^^^^^^^^^
> 77 |       </section>
     | ^^^^^^
  78 |
  79 |       {/* Story & Tips Section */}
  80 |       <section className="bg-surface-alt py-20 px-6 md:px-12 w-full mt-12 relative overflow-hidden">

Parsing ecmascript source code failed @ http://localhost:3000/_next/static/chunks/node_modules_next_dist_1gdrd03._.js:1945
[ 6798756ms] [ERROR] ./src/app/page.tsx:76:15
Expected '</', got 'jsx text'
  74 |             </div>
  75 |           </div>
> 76 |         </div>
     |               ^^^^^^^^^^^^^^^^^^^^^^^^^^^^^^^^^^^^^^^^^^^^^^^^^^^^^^^^^^^^^^^^^^^^^^^^^^^^^^^^^^^^^^^^^^^^^^^^^^^^^^^^^^^^^^^^^^^^^^^^^^^^^^^^^^^^^^^^^^^^^^^^^^^^^^^^^^^^^^^^^
> 77 |       </section>
     | ^^^^^^
  78 |
  79 |       {/* Story & Tips Section */}
  80 |       <section className="bg-surface-alt py-20 px-6 md:px-12 w-full mt-12 relative overflow-hidden">

Parsing ecmascript source code failed @ http://localhost:3000/_next/static/chunks/node_modules_next_dist_1gdrd03._.js:1945
[ 6798818ms] [ERROR] ./src/app/page.tsx:76:15
Expected '</', got 'jsx text'
  74 |             </div>
  75 |           </div>
> 76 |         </div>
     |               ^^^^^^^^^^^^^^^^^^^^^^^^^^^^^^^^^^^^^^^^^^^^^^^^^^^^^^^^^^^^^^^^^^^^^^^^^^^^^^^^^^^^^^^^^^^^^^^^^^^^^^^^^^^^^^^^^^^^^^^^^^^^^^^^^^^^^^^^^^^^^^^^^^^^^^^^^^^^^^^^^
> 77 |       </section>
     | ^^^^^^
  78 |
  79 |       {/* Story & Tips Section */}
  80 |       <section className="bg-surface-alt py-20 px-6 md:px-12 w-full mt-12 relative overflow-hidden">

Parsing ecmascript source code failed @ http://localhost:3000/_next/static/chunks/node_modules_next_dist_1gdrd03._.js:1945
[ 6798879ms] [ERROR] ./src/app/page.tsx:76:15
Expected '</', got 'jsx text'
  74 |             </div>
  75 |           </div>
> 76 |         </div>
     |               ^^^^^^^^^^^^^^^^^^^^^^^^^^^^^^^^^^^^^^^^^^^^^^^^^^^^^^^^^^^^^^^^^^^^^^^^^^^^^^^^^^^^^^^^^^^^^^^^^^^^^^^^^^^^^^^^^^^^^^^^^^^^^^^^^^^^^^^^^^^^^^^^^^^^^^^^^^^^^^^^^
> 77 |       </section>
     | ^^^^^^
  78 |
  79 |       {/* Story & Tips Section */}
  80 |       <section className="bg-surface-alt py-20 px-6 md:px-12 w-full mt-12 relative overflow-hidden">

Parsing ecmascript source code failed @ http://localhost:3000/_next/static/chunks/node_modules_next_dist_1gdrd03._.js:1945
[ 6798942ms] [ERROR] ./src/app/page.tsx:76:15
Expected '</', got 'jsx text'
  74 |             </div>
  75 |           </div>
> 76 |         </div>
     |               ^^^^^^^^^^^^^^^^^^^^^^^^^^^^^^^^^^^^^^^^^^^^^^^^^^^^^^^^^^^^^^^^^^^^^^^^^^^^^^^^^^^^^^^^^^^^^^^^^^^^^^^^^^^^^^^^^^^^^^^^^^^^^^^^^^^^^^^^^^^^^^^^^^^^^^^^^^^^^^^^^
> 77 |       </section>
     | ^^^^^^
  78 |
  79 |       {/* Story & Tips Section */}
  80 |       <section className="bg-surface-alt py-20 px-6 md:px-12 w-full mt-12 relative overflow-hidden">

Parsing ecmascript source code failed @ http://localhost:3000/_next/static/chunks/node_modules_next_dist_1gdrd03._.js:1945
[ 6799003ms] [ERROR] ./src/app/page.tsx:76:15
Expected '</', got 'jsx text'
  74 |             </div>
  75 |           </div>
> 76 |         </div>
     |               ^^^^^^^^^^^^^^^^^^^^^^^^^^^^^^^^^^^^^^^^^^^^^^^^^^^^^^^^^^^^^^^^^^^^^^^^^^^^^^^^^^^^^^^^^^^^^^^^^^^^^^^^^^^^^^^^^^^^^^^^^^^^^^^^^^^^^^^^^^^^^^^^^^^^^^^^^^^^^^^^^
> 77 |       </section>
     | ^^^^^^
  78 |
  79 |       {/* Story & Tips Section */}
  80 |       <section className="bg-surface-alt py-20 px-6 md:px-12 w-full mt-12 relative overflow-hidden">

Parsing ecmascript source code failed @ http://localhost:3000/_next/static/chunks/node_modules_next_dist_1gdrd03._.js:1945
[ 6799066ms] [ERROR] ./src/app/page.tsx:76:15
Expected '</', got 'jsx text'
  74 |             </div>
  75 |           </div>
> 76 |         </div>
     |               ^^^^^^^^^^^^^^^^^^^^^^^^^^^^^^^^^^^^^^^^^^^^^^^^^^^^^^^^^^^^^^^^^^^^^^^^^^^^^^^^^^^^^^^^^^^^^^^^^^^^^^^^^^^^^^^^^^^^^^^^^^^^^^^^^^^^^^^^^^^^^^^^^^^^^^^^^^^^^^^^^
> 77 |       </section>
     | ^^^^^^
  78 |
  79 |       {/* Story & Tips Section */}
  80 |       <section className="bg-surface-alt py-20 px-6 md:px-12 w-full mt-12 relative overflow-hidden">

Parsing ecmascript source code failed @ http://localhost:3000/_next/static/chunks/node_modules_next_dist_1gdrd03._.js:1945
[ 6799129ms] [ERROR] ./src/app/page.tsx:76:15
Expected '</', got 'jsx text'
  74 |             </div>
  75 |           </div>
> 76 |         </div>
     |               ^^^^^^^^^^^^^^^^^^^^^^^^^^^^^^^^^^^^^^^^^^^^^^^^^^^^^^^^^^^^^^^^^^^^^^^^^^^^^^^^^^^^^^^^^^^^^^^^^^^^^^^^^^^^^^^^^^^^^^^^^^^^^^^^^^^^^^^^^^^^^^^^^^^^^^^^^^^^^^^^^
> 77 |       </section>
     | ^^^^^^
  78 |
  79 |       {/* Story & Tips Section */}
  80 |       <section className="bg-surface-alt py-20 px-6 md:px-12 w-full mt-12 relative overflow-hidden">

Parsing ecmascript source code failed @ http://localhost:3000/_next/static/chunks/node_modules_next_dist_1gdrd03._.js:1945
[ 6799190ms] [ERROR] ./src/app/page.tsx:76:15
Expected '</', got 'jsx text'
  74 |             </div>
  75 |           </div>
> 76 |         </div>
     |               ^^^^^^^^^^^^^^^^^^^^^^^^^^^^^^^^^^^^^^^^^^^^^^^^^^^^^^^^^^^^^^^^^^^^^^^^^^^^^^^^^^^^^^^^^^^^^^^^^^^^^^^^^^^^^^^^^^^^^^^^^^^^^^^^^^^^^^^^^^^^^^^^^^^^^^^^^^^^^^^^^
> 77 |       </section>
     | ^^^^^^
  78 |
  79 |       {/* Story & Tips Section */}
  80 |       <section className="bg-surface-alt py-20 px-6 md:px-12 w-full mt-12 relative overflow-hidden">

Parsing ecmascript source code failed @ http://localhost:3000/_next/static/chunks/node_modules_next_dist_1gdrd03._.js:1945
[ 6799252ms] [ERROR] ./src/app/page.tsx:76:15
Expected '</', got 'jsx text'
  74 |             </div>
  75 |           </div>
> 76 |         </div>
     |               ^^^^^^^^^^^^^^^^^^^^^^^^^^^^^^^^^^^^^^^^^^^^^^^^^^^^^^^^^^^^^^^^^^^^^^^^^^^^^^^^^^^^^^^^^^^^^^^^^^^^^^^^^^^^^^^^^^^^^^^^^^^^^^^^^^^^^^^^^^^^^^^^^^^^^^^^^^^^^^^^^
> 77 |       </section>
     | ^^^^^^
  78 |
  79 |       {/* Story & Tips Section */}
  80 |       <section className="bg-surface-alt py-20 px-6 md:px-12 w-full mt-12 relative overflow-hidden">

Parsing ecmascript source code failed @ http://localhost:3000/_next/static/chunks/node_modules_next_dist_1gdrd03._.js:1945
[ 6799315ms] [ERROR] ./src/app/page.tsx:76:15
Expected '</', got 'jsx text'
  74 |             </div>
  75 |           </div>
> 76 |         </div>
     |               ^^^^^^^^^^^^^^^^^^^^^^^^^^^^^^^^^^^^^^^^^^^^^^^^^^^^^^^^^^^^^^^^^^^^^^^^^^^^^^^^^^^^^^^^^^^^^^^^^^^^^^^^^^^^^^^^^^^^^^^^^^^^^^^^^^^^^^^^^^^^^^^^^^^^^^^^^^^^^^^^^
> 77 |       </section>
     | ^^^^^^
  78 |
  79 |       {/* Story & Tips Section */}
  80 |       <section className="bg-surface-alt py-20 px-6 md:px-12 w-full mt-12 relative overflow-hidden">

Parsing ecmascript source code failed @ http://localhost:3000/_next/static/chunks/node_modules_next_dist_1gdrd03._.js:1945
[ 6799376ms] [ERROR] ./src/app/page.tsx:76:15
Expected '</', got 'jsx text'
  74 |             </div>
  75 |           </div>
> 76 |         </div>
     |               ^^^^^^^^^^^^^^^^^^^^^^^^^^^^^^^^^^^^^^^^^^^^^^^^^^^^^^^^^^^^^^^^^^^^^^^^^^^^^^^^^^^^^^^^^^^^^^^^^^^^^^^^^^^^^^^^^^^^^^^^^^^^^^^^^^^^^^^^^^^^^^^^^^^^^^^^^^^^^^^^^
> 77 |       </section>
     | ^^^^^^
  78 |
  79 |       {/* Story & Tips Section */}
  80 |       <section className="bg-surface-alt py-20 px-6 md:px-12 w-full mt-12 relative overflow-hidden">

Parsing ecmascript source code failed @ http://localhost:3000/_next/static/chunks/node_modules_next_dist_1gdrd03._.js:1945
[ 6799438ms] [ERROR] ./src/app/page.tsx:76:15
Expected '</', got 'jsx text'
  74 |             </div>
  75 |           </div>
> 76 |         </div>
     |               ^^^^^^^^^^^^^^^^^^^^^^^^^^^^^^^^^^^^^^^^^^^^^^^^^^^^^^^^^^^^^^^^^^^^^^^^^^^^^^^^^^^^^^^^^^^^^^^^^^^^^^^^^^^^^^^^^^^^^^^^^^^^^^^^^^^^^^^^^^^^^^^^^^^^^^^^^^^^^^^^^
> 77 |       </section>
     | ^^^^^^
  78 |
  79 |       {/* Story & Tips Section */}
  80 |       <section className="bg-surface-alt py-20 px-6 md:px-12 w-full mt-12 relative overflow-hidden">

Parsing ecmascript source code failed @ http://localhost:3000/_next/static/chunks/node_modules_next_dist_1gdrd03._.js:1945
[ 6799500ms] [ERROR] ./src/app/page.tsx:76:15
Expected '</', got 'jsx text'
  74 |             </div>
  75 |           </div>
> 76 |         </div>
     |               ^^^^^^^^^^^^^^^^^^^^^^^^^^^^^^^^^^^^^^^^^^^^^^^^^^^^^^^^^^^^^^^^^^^^^^^^^^^^^^^^^^^^^^^^^^^^^^^^^^^^^^^^^^^^^^^^^^^^^^^^^^^^^^^^^^^^^^^^^^^^^^^^^^^^^^^^^^^^^^^^^
> 77 |       </section>
     | ^^^^^^
  78 |
  79 |       {/* Story & Tips Section */}
  80 |       <section className="bg-surface-alt py-20 px-6 md:px-12 w-full mt-12 relative overflow-hidden">

Parsing ecmascript source code failed @ http://localhost:3000/_next/static/chunks/node_modules_next_dist_1gdrd03._.js:1945
[ 6799562ms] [ERROR] ./src/app/page.tsx:76:15
Expected '</', got 'jsx text'
  74 |             </div>
  75 |           </div>
> 76 |         </div>
     |               ^^^^^^^^^^^^^^^^^^^^^^^^^^^^^^^^^^^^^^^^^^^^^^^^^^^^^^^^^^^^^^^^^^^^^^^^^^^^^^^^^^^^^^^^^^^^^^^^^^^^^^^^^^^^^^^^^^^^^^^^^^^^^^^^^^^^^^^^^^^^^^^^^^^^^^^^^^^^^^^^^
> 77 |       </section>
     | ^^^^^^
  78 |
  79 |       {/* Story & Tips Section */}
  80 |       <section className="bg-surface-alt py-20 px-6 md:px-12 w-full mt-12 relative overflow-hidden">

Parsing ecmascript source code failed @ http://localhost:3000/_next/static/chunks/node_modules_next_dist_1gdrd03._.js:1945
[ 6799624ms] [ERROR] ./src/app/page.tsx:76:15
Expected '</', got 'jsx text'
  74 |             </div>
  75 |           </div>
> 76 |         </div>
     |               ^^^^^^^^^^^^^^^^^^^^^^^^^^^^^^^^^^^^^^^^^^^^^^^^^^^^^^^^^^^^^^^^^^^^^^^^^^^^^^^^^^^^^^^^^^^^^^^^^^^^^^^^^^^^^^^^^^^^^^^^^^^^^^^^^^^^^^^^^^^^^^^^^^^^^^^^^^^^^^^^^
> 77 |       </section>
     | ^^^^^^
  78 |
  79 |       {/* Story & Tips Section */}
  80 |       <section className="bg-surface-alt py-20 px-6 md:px-12 w-full mt-12 relative overflow-hidden">

Parsing ecmascript source code failed @ http://localhost:3000/_next/static/chunks/node_modules_next_dist_1gdrd03._.js:1945
[ 6799685ms] [ERROR] ./src/app/page.tsx:76:15
Expected '</', got 'jsx text'
  74 |             </div>
  75 |           </div>
> 76 |         </div>
     |               ^^^^^^^^^^^^^^^^^^^^^^^^^^^^^^^^^^^^^^^^^^^^^^^^^^^^^^^^^^^^^^^^^^^^^^^^^^^^^^^^^^^^^^^^^^^^^^^^^^^^^^^^^^^^^^^^^^^^^^^^^^^^^^^^^^^^^^^^^^^^^^^^^^^^^^^^^^^^^^^^^
> 77 |       </section>
     | ^^^^^^
  78 |
  79 |       {/* Story & Tips Section */}
  80 |       <section className="bg-surface-alt py-20 px-6 md:px-12 w-full mt-12 relative overflow-hidden">

Parsing ecmascript source code failed @ http://localhost:3000/_next/static/chunks/node_modules_next_dist_1gdrd03._.js:1945
[ 6799747ms] [ERROR] ./src/app/page.tsx:76:15
Expected '</', got 'jsx text'
  74 |             </div>
  75 |           </div>
> 76 |         </div>
     |               ^^^^^^^^^^^^^^^^^^^^^^^^^^^^^^^^^^^^^^^^^^^^^^^^^^^^^^^^^^^^^^^^^^^^^^^^^^^^^^^^^^^^^^^^^^^^^^^^^^^^^^^^^^^^^^^^^^^^^^^^^^^^^^^^^^^^^^^^^^^^^^^^^^^^^^^^^^^^^^^^^
> 77 |       </section>
     | ^^^^^^
  78 |
  79 |       {/* Story & Tips Section */}
  80 |       <section className="bg-surface-alt py-20 px-6 md:px-12 w-full mt-12 relative overflow-hidden">

Parsing ecmascript source code failed @ http://localhost:3000/_next/static/chunks/node_modules_next_dist_1gdrd03._.js:1945
[ 6799808ms] [ERROR] ./src/app/page.tsx:76:15
Expected '</', got 'jsx text'
  74 |             </div>
  75 |           </div>
> 76 |         </div>
     |               ^^^^^^^^^^^^^^^^^^^^^^^^^^^^^^^^^^^^^^^^^^^^^^^^^^^^^^^^^^^^^^^^^^^^^^^^^^^^^^^^^^^^^^^^^^^^^^^^^^^^^^^^^^^^^^^^^^^^^^^^^^^^^^^^^^^^^^^^^^^^^^^^^^^^^^^^^^^^^^^^^
> 77 |       </section>
     | ^^^^^^
  78 |
  79 |       {/* Story & Tips Section */}
  80 |       <section className="bg-surface-alt py-20 px-6 md:px-12 w-full mt-12 relative overflow-hidden">

Parsing ecmascript source code failed @ http://localhost:3000/_next/static/chunks/node_modules_next_dist_1gdrd03._.js:1945
[ 6799869ms] [ERROR] ./src/app/page.tsx:76:15
Expected '</', got 'jsx text'
  74 |             </div>
  75 |           </div>
> 76 |         </div>
     |               ^^^^^^^^^^^^^^^^^^^^^^^^^^^^^^^^^^^^^^^^^^^^^^^^^^^^^^^^^^^^^^^^^^^^^^^^^^^^^^^^^^^^^^^^^^^^^^^^^^^^^^^^^^^^^^^^^^^^^^^^^^^^^^^^^^^^^^^^^^^^^^^^^^^^^^^^^^^^^^^^^
> 77 |       </section>
     | ^^^^^^
  78 |
  79 |       {/* Story & Tips Section */}
  80 |       <section className="bg-surface-alt py-20 px-6 md:px-12 w-full mt-12 relative overflow-hidden">

Parsing ecmascript source code failed @ http://localhost:3000/_next/static/chunks/node_modules_next_dist_1gdrd03._.js:1945
[ 6799943ms] [ERROR] ./src/app/page.tsx:76:15
Expected '</', got 'jsx text'
  74 |             </div>
  75 |           </div>
> 76 |         </div>
     |               ^^^^^^^^^^^^^^^^^^^^^^^^^^^^^^^^^^^^^^^^^^^^^^^^^^^^^^^^^^^^^^^^^^^^^^^^^^^^^^^^^^^^^^^^^^^^^^^^^^^^^^^^^^^^^^^^^^^^^^^^^^^^^^^^^^^^^^^^^^^^^^^^^^^^^^^^^^^^^^^^^
> 77 |       </section>
     | ^^^^^^
  78 |
  79 |       {/* Story & Tips Section */}
  80 |       <section className="bg-surface-alt py-20 px-6 md:px-12 w-full mt-12 relative overflow-hidden">

Parsing ecmascript source code failed @ http://localhost:3000/_next/static/chunks/node_modules_next_dist_1gdrd03._.js:1945
[ 6800009ms] [ERROR] ./src/app/page.tsx:76:15
Expected '</', got 'jsx text'
  74 |             </div>
  75 |           </div>
> 76 |         </div>
     |               ^^^^^^^^^^^^^^^^^^^^^^^^^^^^^^^^^^^^^^^^^^^^^^^^^^^^^^^^^^^^^^^^^^^^^^^^^^^^^^^^^^^^^^^^^^^^^^^^^^^^^^^^^^^^^^^^^^^^^^^^^^^^^^^^^^^^^^^^^^^^^^^^^^^^^^^^^^^^^^^^^
> 77 |       </section>
     | ^^^^^^
  78 |
  79 |       {/* Story & Tips Section */}
  80 |       <section className="bg-surface-alt py-20 px-6 md:px-12 w-full mt-12 relative overflow-hidden">

Parsing ecmascript source code failed @ http://localhost:3000/_next/static/chunks/node_modules_next_dist_1gdrd03._.js:1945
[ 6800070ms] [ERROR] ./src/app/page.tsx:76:15
Expected '</', got 'jsx text'
  74 |             </div>
  75 |           </div>
> 76 |         </div>
     |               ^^^^^^^^^^^^^^^^^^^^^^^^^^^^^^^^^^^^^^^^^^^^^^^^^^^^^^^^^^^^^^^^^^^^^^^^^^^^^^^^^^^^^^^^^^^^^^^^^^^^^^^^^^^^^^^^^^^^^^^^^^^^^^^^^^^^^^^^^^^^^^^^^^^^^^^^^^^^^^^^^
> 77 |       </section>
     | ^^^^^^
  78 |
  79 |       {/* Story & Tips Section */}
  80 |       <section className="bg-surface-alt py-20 px-6 md:px-12 w-full mt-12 relative overflow-hidden">

Parsing ecmascript source code failed @ http://localhost:3000/_next/static/chunks/node_modules_next_dist_1gdrd03._.js:1945
[ 6800132ms] [ERROR] ./src/app/page.tsx:76:15
Expected '</', got 'jsx text'
  74 |             </div>
  75 |           </div>
> 76 |         </div>
     |               ^^^^^^^^^^^^^^^^^^^^^^^^^^^^^^^^^^^^^^^^^^^^^^^^^^^^^^^^^^^^^^^^^^^^^^^^^^^^^^^^^^^^^^^^^^^^^^^^^^^^^^^^^^^^^^^^^^^^^^^^^^^^^^^^^^^^^^^^^^^^^^^^^^^^^^^^^^^^^^^^^
> 77 |       </section>
     | ^^^^^^
  78 |
  79 |       {/* Story & Tips Section */}
  80 |       <section className="bg-surface-alt py-20 px-6 md:px-12 w-full mt-12 relative overflow-hidden">

Parsing ecmascript source code failed @ http://localhost:3000/_next/static/chunks/node_modules_next_dist_1gdrd03._.js:1945
[ 6800193ms] [ERROR] ./src/app/page.tsx:76:15
Expected '</', got 'jsx text'
  74 |             </div>
  75 |           </div>
> 76 |         </div>
     |               ^^^^^^^^^^^^^^^^^^^^^^^^^^^^^^^^^^^^^^^^^^^^^^^^^^^^^^^^^^^^^^^^^^^^^^^^^^^^^^^^^^^^^^^^^^^^^^^^^^^^^^^^^^^^^^^^^^^^^^^^^^^^^^^^^^^^^^^^^^^^^^^^^^^^^^^^^^^^^^^^^
> 77 |       </section>
     | ^^^^^^
  78 |
  79 |       {/* Story & Tips Section */}
  80 |       <section className="bg-surface-alt py-20 px-6 md:px-12 w-full mt-12 relative overflow-hidden">

Parsing ecmascript source code failed @ http://localhost:3000/_next/static/chunks/node_modules_next_dist_1gdrd03._.js:1945
[ 6800255ms] [ERROR] ./src/app/page.tsx:76:15
Expected '</', got 'jsx text'
  74 |             </div>
  75 |           </div>
> 76 |         </div>
     |               ^^^^^^^^^^^^^^^^^^^^^^^^^^^^^^^^^^^^^^^^^^^^^^^^^^^^^^^^^^^^^^^^^^^^^^^^^^^^^^^^^^^^^^^^^^^^^^^^^^^^^^^^^^^^^^^^^^^^^^^^^^^^^^^^^^^^^^^^^^^^^^^^^^^^^^^^^^^^^^^^^
> 77 |       </section>
     | ^^^^^^
  78 |
  79 |       {/* Story & Tips Section */}
  80 |       <section className="bg-surface-alt py-20 px-6 md:px-12 w-full mt-12 relative overflow-hidden">

Parsing ecmascript source code failed @ http://localhost:3000/_next/static/chunks/node_modules_next_dist_1gdrd03._.js:1945
[ 6800317ms] [ERROR] ./src/app/page.tsx:76:15
Expected '</', got 'jsx text'
  74 |             </div>
  75 |           </div>
> 76 |         </div>
     |               ^^^^^^^^^^^^^^^^^^^^^^^^^^^^^^^^^^^^^^^^^^^^^^^^^^^^^^^^^^^^^^^^^^^^^^^^^^^^^^^^^^^^^^^^^^^^^^^^^^^^^^^^^^^^^^^^^^^^^^^^^^^^^^^^^^^^^^^^^^^^^^^^^^^^^^^^^^^^^^^^^
> 77 |       </section>
     | ^^^^^^
  78 |
  79 |       {/* Story & Tips Section */}
  80 |       <section className="bg-surface-alt py-20 px-6 md:px-12 w-full mt-12 relative overflow-hidden">

Parsing ecmascript source code failed @ http://localhost:3000/_next/static/chunks/node_modules_next_dist_1gdrd03._.js:1945
[ 6800380ms] [ERROR] ./src/app/page.tsx:76:15
Expected '</', got 'jsx text'
  74 |             </div>
  75 |           </div>
> 76 |         </div>
     |               ^^^^^^^^^^^^^^^^^^^^^^^^^^^^^^^^^^^^^^^^^^^^^^^^^^^^^^^^^^^^^^^^^^^^^^^^^^^^^^^^^^^^^^^^^^^^^^^^^^^^^^^^^^^^^^^^^^^^^^^^^^^^^^^^^^^^^^^^^^^^^^^^^^^^^^^^^^^^^^^^^
> 77 |       </section>
     | ^^^^^^
  78 |
  79 |       {/* Story & Tips Section */}
  80 |       <section className="bg-surface-alt py-20 px-6 md:px-12 w-full mt-12 relative overflow-hidden">

Parsing ecmascript source code failed @ http://localhost:3000/_next/static/chunks/node_modules_next_dist_1gdrd03._.js:1945
[ 6800442ms] [ERROR] ./src/app/page.tsx:76:15
Expected '</', got 'jsx text'
  74 |             </div>
  75 |           </div>
> 76 |         </div>
     |               ^^^^^^^^^^^^^^^^^^^^^^^^^^^^^^^^^^^^^^^^^^^^^^^^^^^^^^^^^^^^^^^^^^^^^^^^^^^^^^^^^^^^^^^^^^^^^^^^^^^^^^^^^^^^^^^^^^^^^^^^^^^^^^^^^^^^^^^^^^^^^^^^^^^^^^^^^^^^^^^^^
> 77 |       </section>
     | ^^^^^^
  78 |
  79 |       {/* Story & Tips Section */}
  80 |       <section className="bg-surface-alt py-20 px-6 md:px-12 w-full mt-12 relative overflow-hidden">

Parsing ecmascript source code failed @ http://localhost:3000/_next/static/chunks/node_modules_next_dist_1gdrd03._.js:1945
[ 6800505ms] [ERROR] ./src/app/page.tsx:76:15
Expected '</', got 'jsx text'
  74 |             </div>
  75 |           </div>
> 76 |         </div>
     |               ^^^^^^^^^^^^^^^^^^^^^^^^^^^^^^^^^^^^^^^^^^^^^^^^^^^^^^^^^^^^^^^^^^^^^^^^^^^^^^^^^^^^^^^^^^^^^^^^^^^^^^^^^^^^^^^^^^^^^^^^^^^^^^^^^^^^^^^^^^^^^^^^^^^^^^^^^^^^^^^^^
> 77 |       </section>
     | ^^^^^^
  78 |
  79 |       {/* Story & Tips Section */}
  80 |       <section className="bg-surface-alt py-20 px-6 md:px-12 w-full mt-12 relative overflow-hidden">

Parsing ecmascript source code failed @ http://localhost:3000/_next/static/chunks/node_modules_next_dist_1gdrd03._.js:1945
[ 6800568ms] [ERROR] ./src/app/page.tsx:76:15
Expected '</', got 'jsx text'
  74 |             </div>
  75 |           </div>
> 76 |         </div>
     |               ^^^^^^^^^^^^^^^^^^^^^^^^^^^^^^^^^^^^^^^^^^^^^^^^^^^^^^^^^^^^^^^^^^^^^^^^^^^^^^^^^^^^^^^^^^^^^^^^^^^^^^^^^^^^^^^^^^^^^^^^^^^^^^^^^^^^^^^^^^^^^^^^^^^^^^^^^^^^^^^^^
> 77 |       </section>
     | ^^^^^^
  78 |
  79 |       {/* Story & Tips Section */}
  80 |       <section className="bg-surface-alt py-20 px-6 md:px-12 w-full mt-12 relative overflow-hidden">

Parsing ecmascript source code failed @ http://localhost:3000/_next/static/chunks/node_modules_next_dist_1gdrd03._.js:1945
[ 6800629ms] [ERROR] ./src/app/page.tsx:76:15
Expected '</', got 'jsx text'
  74 |             </div>
  75 |           </div>
> 76 |         </div>
     |               ^^^^^^^^^^^^^^^^^^^^^^^^^^^^^^^^^^^^^^^^^^^^^^^^^^^^^^^^^^^^^^^^^^^^^^^^^^^^^^^^^^^^^^^^^^^^^^^^^^^^^^^^^^^^^^^^^^^^^^^^^^^^^^^^^^^^^^^^^^^^^^^^^^^^^^^^^^^^^^^^^
> 77 |       </section>
     | ^^^^^^
  78 |
  79 |       {/* Story & Tips Section */}
  80 |       <section className="bg-surface-alt py-20 px-6 md:px-12 w-full mt-12 relative overflow-hidden">

Parsing ecmascript source code failed @ http://localhost:3000/_next/static/chunks/node_modules_next_dist_1gdrd03._.js:1945
[ 6800689ms] [ERROR] ./src/app/page.tsx:76:15
Expected '</', got 'jsx text'
  74 |             </div>
  75 |           </div>
> 76 |         </div>
     |               ^^^^^^^^^^^^^^^^^^^^^^^^^^^^^^^^^^^^^^^^^^^^^^^^^^^^^^^^^^^^^^^^^^^^^^^^^^^^^^^^^^^^^^^^^^^^^^^^^^^^^^^^^^^^^^^^^^^^^^^^^^^^^^^^^^^^^^^^^^^^^^^^^^^^^^^^^^^^^^^^^
> 77 |       </section>
     | ^^^^^^
  78 |
  79 |       {/* Story & Tips Section */}
  80 |       <section className="bg-surface-alt py-20 px-6 md:px-12 w-full mt-12 relative overflow-hidden">

Parsing ecmascript source code failed @ http://localhost:3000/_next/static/chunks/node_modules_next_dist_1gdrd03._.js:1945
[ 6800751ms] [ERROR] ./src/app/page.tsx:76:15
Expected '</', got 'jsx text'
  74 |             </div>
  75 |           </div>
> 76 |         </div>
     |               ^^^^^^^^^^^^^^^^^^^^^^^^^^^^^^^^^^^^^^^^^^^^^^^^^^^^^^^^^^^^^^^^^^^^^^^^^^^^^^^^^^^^^^^^^^^^^^^^^^^^^^^^^^^^^^^^^^^^^^^^^^^^^^^^^^^^^^^^^^^^^^^^^^^^^^^^^^^^^^^^^
> 77 |       </section>
     | ^^^^^^
  78 |
  79 |       {/* Story & Tips Section */}
  80 |       <section className="bg-surface-alt py-20 px-6 md:px-12 w-full mt-12 relative overflow-hidden">

Parsing ecmascript source code failed @ http://localhost:3000/_next/static/chunks/node_modules_next_dist_1gdrd03._.js:1945
[ 6800813ms] [ERROR] ./src/app/page.tsx:76:15
Expected '</', got 'jsx text'
  74 |             </div>
  75 |           </div>
> 76 |         </div>
     |               ^^^^^^^^^^^^^^^^^^^^^^^^^^^^^^^^^^^^^^^^^^^^^^^^^^^^^^^^^^^^^^^^^^^^^^^^^^^^^^^^^^^^^^^^^^^^^^^^^^^^^^^^^^^^^^^^^^^^^^^^^^^^^^^^^^^^^^^^^^^^^^^^^^^^^^^^^^^^^^^^^
> 77 |       </section>
     | ^^^^^^
  78 |
  79 |       {/* Story & Tips Section */}
  80 |       <section className="bg-surface-alt py-20 px-6 md:px-12 w-full mt-12 relative overflow-hidden">

Parsing ecmascript source code failed @ http://localhost:3000/_next/static/chunks/node_modules_next_dist_1gdrd03._.js:1945
[ 6800877ms] [ERROR] ./src/app/page.tsx:76:15
Expected '</', got 'jsx text'
  74 |             </div>
  75 |           </div>
> 76 |         </div>
     |               ^^^^^^^^^^^^^^^^^^^^^^^^^^^^^^^^^^^^^^^^^^^^^^^^^^^^^^^^^^^^^^^^^^^^^^^^^^^^^^^^^^^^^^^^^^^^^^^^^^^^^^^^^^^^^^^^^^^^^^^^^^^^^^^^^^^^^^^^^^^^^^^^^^^^^^^^^^^^^^^^^
> 77 |       </section>
     | ^^^^^^
  78 |
  79 |       {/* Story & Tips Section */}
  80 |       <section className="bg-surface-alt py-20 px-6 md:px-12 w-full mt-12 relative overflow-hidden">

Parsing ecmascript source code failed @ http://localhost:3000/_next/static/chunks/node_modules_next_dist_1gdrd03._.js:1945
[ 6800938ms] [ERROR] ./src/app/page.tsx:76:15
Expected '</', got 'jsx text'
  74 |             </div>
  75 |           </div>
> 76 |         </div>
     |               ^^^^^^^^^^^^^^^^^^^^^^^^^^^^^^^^^^^^^^^^^^^^^^^^^^^^^^^^^^^^^^^^^^^^^^^^^^^^^^^^^^^^^^^^^^^^^^^^^^^^^^^^^^^^^^^^^^^^^^^^^^^^^^^^^^^^^^^^^^^^^^^^^^^^^^^^^^^^^^^^^
> 77 |       </section>
     | ^^^^^^
  78 |
  79 |       {/* Story & Tips Section */}
  80 |       <section className="bg-surface-alt py-20 px-6 md:px-12 w-full mt-12 relative overflow-hidden">

Parsing ecmascript source code failed @ http://localhost:3000/_next/static/chunks/node_modules_next_dist_1gdrd03._.js:1945
[ 6801000ms] [ERROR] ./src/app/page.tsx:76:15
Expected '</', got 'jsx text'
  74 |             </div>
  75 |           </div>
> 76 |         </div>
     |               ^^^^^^^^^^^^^^^^^^^^^^^^^^^^^^^^^^^^^^^^^^^^^^^^^^^^^^^^^^^^^^^^^^^^^^^^^^^^^^^^^^^^^^^^^^^^^^^^^^^^^^^^^^^^^^^^^^^^^^^^^^^^^^^^^^^^^^^^^^^^^^^^^^^^^^^^^^^^^^^^^
> 77 |       </section>
     | ^^^^^^
  78 |
  79 |       {/* Story & Tips Section */}
  80 |       <section className="bg-surface-alt py-20 px-6 md:px-12 w-full mt-12 relative overflow-hidden">

Parsing ecmascript source code failed @ http://localhost:3000/_next/static/chunks/node_modules_next_dist_1gdrd03._.js:1945
[ 6801062ms] [ERROR] ./src/app/page.tsx:76:15
Expected '</', got 'jsx text'
  74 |             </div>
  75 |           </div>
> 76 |         </div>
     |               ^^^^^^^^^^^^^^^^^^^^^^^^^^^^^^^^^^^^^^^^^^^^^^^^^^^^^^^^^^^^^^^^^^^^^^^^^^^^^^^^^^^^^^^^^^^^^^^^^^^^^^^^^^^^^^^^^^^^^^^^^^^^^^^^^^^^^^^^^^^^^^^^^^^^^^^^^^^^^^^^^
> 77 |       </section>
     | ^^^^^^
  78 |
  79 |       {/* Story & Tips Section */}
  80 |       <section className="bg-surface-alt py-20 px-6 md:px-12 w-full mt-12 relative overflow-hidden">

Parsing ecmascript source code failed @ http://localhost:3000/_next/static/chunks/node_modules_next_dist_1gdrd03._.js:1945
[ 6801127ms] [ERROR] ./src/app/page.tsx:76:15
Expected '</', got 'jsx text'
  74 |             </div>
  75 |           </div>
> 76 |         </div>
     |               ^^^^^^^^^^^^^^^^^^^^^^^^^^^^^^^^^^^^^^^^^^^^^^^^^^^^^^^^^^^^^^^^^^^^^^^^^^^^^^^^^^^^^^^^^^^^^^^^^^^^^^^^^^^^^^^^^^^^^^^^^^^^^^^^^^^^^^^^^^^^^^^^^^^^^^^^^^^^^^^^^
> 77 |       </section>
     | ^^^^^^
  78 |
  79 |       {/* Story & Tips Section */}
  80 |       <section className="bg-surface-alt py-20 px-6 md:px-12 w-full mt-12 relative overflow-hidden">

Parsing ecmascript source code failed @ http://localhost:3000/_next/static/chunks/node_modules_next_dist_1gdrd03._.js:1945
[ 6801186ms] [ERROR] ./src/app/page.tsx:76:15
Expected '</', got 'jsx text'
  74 |             </div>
  75 |           </div>
> 76 |         </div>
     |               ^^^^^^^^^^^^^^^^^^^^^^^^^^^^^^^^^^^^^^^^^^^^^^^^^^^^^^^^^^^^^^^^^^^^^^^^^^^^^^^^^^^^^^^^^^^^^^^^^^^^^^^^^^^^^^^^^^^^^^^^^^^^^^^^^^^^^^^^^^^^^^^^^^^^^^^^^^^^^^^^^
> 77 |       </section>
     | ^^^^^^
  78 |
  79 |       {/* Story & Tips Section */}
  80 |       <section className="bg-surface-alt py-20 px-6 md:px-12 w-full mt-12 relative overflow-hidden">

Parsing ecmascript source code failed @ http://localhost:3000/_next/static/chunks/node_modules_next_dist_1gdrd03._.js:1945
[ 6801249ms] [ERROR] ./src/app/page.tsx:76:15
Expected '</', got 'jsx text'
  74 |             </div>
  75 |           </div>
> 76 |         </div>
     |               ^^^^^^^^^^^^^^^^^^^^^^^^^^^^^^^^^^^^^^^^^^^^^^^^^^^^^^^^^^^^^^^^^^^^^^^^^^^^^^^^^^^^^^^^^^^^^^^^^^^^^^^^^^^^^^^^^^^^^^^^^^^^^^^^^^^^^^^^^^^^^^^^^^^^^^^^^^^^^^^^^
> 77 |       </section>
     | ^^^^^^
  78 |
  79 |       {/* Story & Tips Section */}
  80 |       <section className="bg-surface-alt py-20 px-6 md:px-12 w-full mt-12 relative overflow-hidden">

Parsing ecmascript source code failed @ http://localhost:3000/_next/static/chunks/node_modules_next_dist_1gdrd03._.js:1945
[ 6801312ms] [ERROR] ./src/app/page.tsx:76:15
Expected '</', got 'jsx text'
  74 |             </div>
  75 |           </div>
> 76 |         </div>
     |               ^^^^^^^^^^^^^^^^^^^^^^^^^^^^^^^^^^^^^^^^^^^^^^^^^^^^^^^^^^^^^^^^^^^^^^^^^^^^^^^^^^^^^^^^^^^^^^^^^^^^^^^^^^^^^^^^^^^^^^^^^^^^^^^^^^^^^^^^^^^^^^^^^^^^^^^^^^^^^^^^^
> 77 |       </section>
     | ^^^^^^
  78 |
  79 |       {/* Story & Tips Section */}
  80 |       <section className="bg-surface-alt py-20 px-6 md:px-12 w-full mt-12 relative overflow-hidden">

Parsing ecmascript source code failed @ http://localhost:3000/_next/static/chunks/node_modules_next_dist_1gdrd03._.js:1945
[ 6801373ms] [ERROR] ./src/app/page.tsx:76:15
Expected '</', got 'jsx text'
  74 |             </div>
  75 |           </div>
> 76 |         </div>
     |               ^^^^^^^^^^^^^^^^^^^^^^^^^^^^^^^^^^^^^^^^^^^^^^^^^^^^^^^^^^^^^^^^^^^^^^^^^^^^^^^^^^^^^^^^^^^^^^^^^^^^^^^^^^^^^^^^^^^^^^^^^^^^^^^^^^^^^^^^^^^^^^^^^^^^^^^^^^^^^^^^^
> 77 |       </section>
     | ^^^^^^
  78 |
  79 |       {/* Story & Tips Section */}
  80 |       <section className="bg-surface-alt py-20 px-6 md:px-12 w-full mt-12 relative overflow-hidden">

Parsing ecmascript source code failed @ http://localhost:3000/_next/static/chunks/node_modules_next_dist_1gdrd03._.js:1945
[ 6801449ms] [LOG] [Fast Refresh] rebuilding @ http://localhost:3000/_next/static/chunks/node_modules_next_dist_1gdrd03._.js:1226
[ 6801508ms] [ERROR] ./src/app/page.tsx:76:15
Expected '</', got 'jsx text'
  74 |             </div>
  75 |           </div>
> 76 |         </div>
     |               ^^^^^^^^^^^^^^^^^^^^^^^^^^^^^^^^^^^^^^^^^^^^^^^^^^^^^^^^^^^^^^^^^^^^^^^^^^^^^^^^^^^^^^^^^^^^^^^^^^^^^^^^^^^^^^^^^^^^^^^^^^^^^^^^^^^^^^^^^^^^^^^^^^^^^^^^^^^^^^^^^
> 77 |       </section>
     | ^^^^^^
  78 |
  79 |       {/* Story & Tips Section */}
  80 |       <section className="bg-surface-alt py-20 px-6 md:px-12 w-full mt-12 relative overflow-hidden">

Parsing ecmascript source code failed @ http://localhost:3000/_next/static/chunks/node_modules_next_dist_1gdrd03._.js:1945
[ 6801512ms] [ERROR] ./src/app/page.tsx:76:15
Expected '</', got 'jsx text'
  74 |             </div>
  75 |           </div>
> 76 |         </div>
     |               ^^^^^^^^^^^^^^^^^^^^^^^^^^^^^^^^^^^^^^^^^^^^^^^^^^^^^^^^^^^^^^^^^^^^^^^^^^^^^^^^^^^^^^^^^^^^^^^^^^^^^^^^^^^^^^^^^^^^^^^^^^^^^^^^^^^^^^^^^^^^^^^^^^^^^^^^^^^^^^^^^
> 77 |       </section>
     | ^^^^^^
  78 |
  79 |       {/* Story & Tips Section */}
  80 |       <section className="bg-surface-alt py-20 px-6 md:px-12 w-full mt-12 relative overflow-hidden">

Parsing ecmascript source code failed @ http://localhost:3000/_next/static/chunks/node_modules_next_dist_1gdrd03._.js:1945
[ 6801574ms] [ERROR] ./src/app/page.tsx:76:15
Expected '</', got 'jsx text'
  74 |             </div>
  75 |           </div>
> 76 |         </div>
     |               ^^^^^^^^^^^^^^^^^^^^^^^^^^^^^^^^^^^^^^^^^^^^^^^^^^^^^^^^^^^^^^^^^^^^^^^^^^^^^^^^^^^^^^^^^^^^^^^^^^^^^^^^^^^^^^^^^^^^^^^^^^^^^^^^^^^^^^^^^^^^^^^^^^^^^^^^^^^^^^^^^
> 77 |       </section>
     | ^^^^^^
  78 |
  79 |       {/* Story & Tips Section */}
  80 |       <section className="bg-surface-alt py-20 px-6 md:px-12 w-full mt-12 relative overflow-hidden">

Parsing ecmascript source code failed @ http://localhost:3000/_next/static/chunks/node_modules_next_dist_1gdrd03._.js:1945
[ 6801638ms] [ERROR] ./src/app/page.tsx:76:15
Expected '</', got 'jsx text'
  74 |             </div>
  75 |           </div>
> 76 |         </div>
     |               ^^^^^^^^^^^^^^^^^^^^^^^^^^^^^^^^^^^^^^^^^^^^^^^^^^^^^^^^^^^^^^^^^^^^^^^^^^^^^^^^^^^^^^^^^^^^^^^^^^^^^^^^^^^^^^^^^^^^^^^^^^^^^^^^^^^^^^^^^^^^^^^^^^^^^^^^^^^^^^^^^
> 77 |       </section>
     | ^^^^^^
  78 |
  79 |       {/* Story & Tips Section */}
  80 |       <section className="bg-surface-alt py-20 px-6 md:px-12 w-full mt-12 relative overflow-hidden">

Parsing ecmascript source code failed @ http://localhost:3000/_next/static/chunks/node_modules_next_dist_1gdrd03._.js:1945
[ 6801698ms] [ERROR] ./src/app/page.tsx:76:15
Expected '</', got 'jsx text'
  74 |             </div>
  75 |           </div>
> 76 |         </div>
     |               ^^^^^^^^^^^^^^^^^^^^^^^^^^^^^^^^^^^^^^^^^^^^^^^^^^^^^^^^^^^^^^^^^^^^^^^^^^^^^^^^^^^^^^^^^^^^^^^^^^^^^^^^^^^^^^^^^^^^^^^^^^^^^^^^^^^^^^^^^^^^^^^^^^^^^^^^^^^^^^^^^
> 77 |       </section>
     | ^^^^^^
  78 |
  79 |       {/* Story & Tips Section */}
  80 |       <section className="bg-surface-alt py-20 px-6 md:px-12 w-full mt-12 relative overflow-hidden">

Parsing ecmascript source code failed @ http://localhost:3000/_next/static/chunks/node_modules_next_dist_1gdrd03._.js:1945
[ 6801760ms] [ERROR] ./src/app/page.tsx:76:15
Expected '</', got 'jsx text'
  74 |             </div>
  75 |           </div>
> 76 |         </div>
     |               ^^^^^^^^^^^^^^^^^^^^^^^^^^^^^^^^^^^^^^^^^^^^^^^^^^^^^^^^^^^^^^^^^^^^^^^^^^^^^^^^^^^^^^^^^^^^^^^^^^^^^^^^^^^^^^^^^^^^^^^^^^^^^^^^^^^^^^^^^^^^^^^^^^^^^^^^^^^^^^^^^
> 77 |       </section>
     | ^^^^^^
  78 |
  79 |       {/* Story & Tips Section */}
  80 |       <section className="bg-surface-alt py-20 px-6 md:px-12 w-full mt-12 relative overflow-hidden">

Parsing ecmascript source code failed @ http://localhost:3000/_next/static/chunks/node_modules_next_dist_1gdrd03._.js:1945
[ 6801822ms] [ERROR] ./src/app/page.tsx:76:15
Expected '</', got 'jsx text'
  74 |             </div>
  75 |           </div>
> 76 |         </div>
     |               ^^^^^^^^^^^^^^^^^^^^^^^^^^^^^^^^^^^^^^^^^^^^^^^^^^^^^^^^^^^^^^^^^^^^^^^^^^^^^^^^^^^^^^^^^^^^^^^^^^^^^^^^^^^^^^^^^^^^^^^^^^^^^^^^^^^^^^^^^^^^^^^^^^^^^^^^^^^^^^^^^
> 77 |       </section>
     | ^^^^^^
  78 |
  79 |       {/* Story & Tips Section */}
  80 |       <section className="bg-surface-alt py-20 px-6 md:px-12 w-full mt-12 relative overflow-hidden">

Parsing ecmascript source code failed @ http://localhost:3000/_next/static/chunks/node_modules_next_dist_1gdrd03._.js:1945
[ 6801883ms] [ERROR] ./src/app/page.tsx:76:15
Expected '</', got 'jsx text'
  74 |             </div>
  75 |           </div>
> 76 |         </div>
     |               ^^^^^^^^^^^^^^^^^^^^^^^^^^^^^^^^^^^^^^^^^^^^^^^^^^^^^^^^^^^^^^^^^^^^^^^^^^^^^^^^^^^^^^^^^^^^^^^^^^^^^^^^^^^^^^^^^^^^^^^^^^^^^^^^^^^^^^^^^^^^^^^^^^^^^^^^^^^^^^^^^
> 77 |       </section>
     | ^^^^^^
  78 |
  79 |       {/* Story & Tips Section */}
  80 |       <section className="bg-surface-alt py-20 px-6 md:px-12 w-full mt-12 relative overflow-hidden">

Parsing ecmascript source code failed @ http://localhost:3000/_next/static/chunks/node_modules_next_dist_1gdrd03._.js:1945
[ 6802034ms] [ERROR] ./src/app/page.tsx:76:15
Expected '</', got 'jsx text'
  74 |             </div>
  75 |           </div>
> 76 |         </div>
     |               ^^^^^^^^^^^^^^^^^^^^^^^^^^^^^^^^^^^^^^^^^^^^^^^^^^^^^^^^^^^^^^^^^^^^^^^^^^^^^^^^^^^^^^^^^^^^^^^^^^^^^^^^^^^^^^^^^^^^^^^^^^^^^^^^^^^^^^^^^^^^^^^^^^^^^^^^^^^^^^^^^
> 77 |       </section>
     | ^^^^^^
  78 |
  79 |       {/* Story & Tips Section */}
  80 |       <section className="bg-surface-alt py-20 px-6 md:px-12 w-full mt-12 relative overflow-hidden">

Parsing ecmascript source code failed @ http://localhost:3000/_next/static/chunks/node_modules_next_dist_1gdrd03._.js:1945
[ 6802039ms] [LOG] [Fast Refresh] rebuilding @ http://localhost:3000/_next/static/chunks/node_modules_next_dist_1gdrd03._.js:1226
[ 6802131ms] [ERROR] ./src/app/page.tsx:76:15
Expected '</', got 'jsx text'
  74 |             </div>
  75 |           </div>
> 76 |         </div>
     |               ^^^^^^^^^^^^^^^^^^^^^^^^^^^^^^^^^^^^^^^^^^^^^^^^^^^^^^^^^^^^^^^^^^^^^^^^^^^^^^^^^^^^^^^^^^^^^^^^^^^^^^^^^^^^^^^^^^^^^^^^^^^^^^^^^^^^^^^^^^^^^^^^^^^^^^^^^^^^^^^^^
> 77 |       </section>
     | ^^^^^^
  78 |
  79 |       {/* Story & Tips Section */}
  80 |       <section className="bg-surface-alt py-20 px-6 md:px-12 w-full mt-12 relative overflow-hidden">

Parsing ecmascript source code failed @ http://localhost:3000/_next/static/chunks/node_modules_next_dist_1gdrd03._.js:1945
[ 6802195ms] [ERROR] ./src/app/page.tsx:76:15
Expected '</', got 'jsx text'
  74 |             </div>
  75 |           </div>
> 76 |         </div>
     |               ^^^^^^^^^^^^^^^^^^^^^^^^^^^^^^^^^^^^^^^^^^^^^^^^^^^^^^^^^^^^^^^^^^^^^^^^^^^^^^^^^^^^^^^^^^^^^^^^^^^^^^^^^^^^^^^^^^^^^^^^^^^^^^^^^^^^^^^^^^^^^^^^^^^^^^^^^^^^^^^^^
> 77 |       </section>
     | ^^^^^^
  78 |
  79 |       {/* Story & Tips Section */}
  80 |       <section className="bg-surface-alt py-20 px-6 md:px-12 w-full mt-12 relative overflow-hidden">

Parsing ecmascript source code failed @ http://localhost:3000/_next/static/chunks/node_modules_next_dist_1gdrd03._.js:1945
[ 6802256ms] [ERROR] ./src/app/page.tsx:76:15
Expected '</', got 'jsx text'
  74 |             </div>
  75 |           </div>
> 76 |         </div>
     |               ^^^^^^^^^^^^^^^^^^^^^^^^^^^^^^^^^^^^^^^^^^^^^^^^^^^^^^^^^^^^^^^^^^^^^^^^^^^^^^^^^^^^^^^^^^^^^^^^^^^^^^^^^^^^^^^^^^^^^^^^^^^^^^^^^^^^^^^^^^^^^^^^^^^^^^^^^^^^^^^^^
> 77 |       </section>
     | ^^^^^^
  78 |
  79 |       {/* Story & Tips Section */}
  80 |       <section className="bg-surface-alt py-20 px-6 md:px-12 w-full mt-12 relative overflow-hidden">

Parsing ecmascript source code failed @ http://localhost:3000/_next/static/chunks/node_modules_next_dist_1gdrd03._.js:1945
[ 6802317ms] [ERROR] ./src/app/page.tsx:76:15
Expected '</', got 'jsx text'
  74 |             </div>
  75 |           </div>
> 76 |         </div>
     |               ^^^^^^^^^^^^^^^^^^^^^^^^^^^^^^^^^^^^^^^^^^^^^^^^^^^^^^^^^^^^^^^^^^^^^^^^^^^^^^^^^^^^^^^^^^^^^^^^^^^^^^^^^^^^^^^^^^^^^^^^^^^^^^^^^^^^^^^^^^^^^^^^^^^^^^^^^^^^^^^^^
> 77 |       </section>
     | ^^^^^^
  78 |
  79 |       {/* Story & Tips Section */}
  80 |       <section className="bg-surface-alt py-20 px-6 md:px-12 w-full mt-12 relative overflow-hidden">

Parsing ecmascript source code failed @ http://localhost:3000/_next/static/chunks/node_modules_next_dist_1gdrd03._.js:1945
[ 6802381ms] [ERROR] ./src/app/page.tsx:76:15
Expected '</', got 'jsx text'
  74 |             </div>
  75 |           </div>
> 76 |         </div>
     |               ^^^^^^^^^^^^^^^^^^^^^^^^^^^^^^^^^^^^^^^^^^^^^^^^^^^^^^^^^^^^^^^^^^^^^^^^^^^^^^^^^^^^^^^^^^^^^^^^^^^^^^^^^^^^^^^^^^^^^^^^^^^^^^^^^^^^^^^^^^^^^^^^^^^^^^^^^^^^^^^^^
> 77 |       </section>
     | ^^^^^^
  78 |
  79 |       {/* Story & Tips Section */}
  80 |       <section className="bg-surface-alt py-20 px-6 md:px-12 w-full mt-12 relative overflow-hidden">

Parsing ecmascript source code failed @ http://localhost:3000/_next/static/chunks/node_modules_next_dist_1gdrd03._.js:1945
[ 6802444ms] [ERROR] ./src/app/page.tsx:76:15
Expected '</', got 'jsx text'
  74 |             </div>
  75 |           </div>
> 76 |         </div>
     |               ^^^^^^^^^^^^^^^^^^^^^^^^^^^^^^^^^^^^^^^^^^^^^^^^^^^^^^^^^^^^^^^^^^^^^^^^^^^^^^^^^^^^^^^^^^^^^^^^^^^^^^^^^^^^^^^^^^^^^^^^^^^^^^^^^^^^^^^^^^^^^^^^^^^^^^^^^^^^^^^^^
> 77 |       </section>
     | ^^^^^^
  78 |
  79 |       {/* Story & Tips Section */}
  80 |       <section className="bg-surface-alt py-20 px-6 md:px-12 w-full mt-12 relative overflow-hidden">

Parsing ecmascript source code failed @ http://localhost:3000/_next/static/chunks/node_modules_next_dist_1gdrd03._.js:1945
[ 6802505ms] [ERROR] ./src/app/page.tsx:76:15
Expected '</', got 'jsx text'
  74 |             </div>
  75 |           </div>
> 76 |         </div>
     |               ^^^^^^^^^^^^^^^^^^^^^^^^^^^^^^^^^^^^^^^^^^^^^^^^^^^^^^^^^^^^^^^^^^^^^^^^^^^^^^^^^^^^^^^^^^^^^^^^^^^^^^^^^^^^^^^^^^^^^^^^^^^^^^^^^^^^^^^^^^^^^^^^^^^^^^^^^^^^^^^^^
> 77 |       </section>
     | ^^^^^^
  78 |
  79 |       {/* Story & Tips Section */}
  80 |       <section className="bg-surface-alt py-20 px-6 md:px-12 w-full mt-12 relative overflow-hidden">

Parsing ecmascript source code failed @ http://localhost:3000/_next/static/chunks/node_modules_next_dist_1gdrd03._.js:1945
[ 6802579ms] [ERROR] ./src/app/page.tsx:76:15
Expected '</', got 'jsx text'
  74 |             </div>
  75 |           </div>
> 76 |         </div>
     |               ^^^^^^^^^^^^^^^^^^^^^^^^^^^^^^^^^^^^^^^^^^^^^^^^^^^^^^^^^^^^^^^^^^^^^^^^^^^^^^^^^^^^^^^^^^^^^^^^^^^^^^^^^^^^^^^^^^^^^^^^^^^^^^^^^^^^^^^^^^^^^^^^^^^^^^^^^^^^^^^^^
> 77 |       </section>
     | ^^^^^^
  78 |
  79 |       {/* Story & Tips Section */}
  80 |       <section className="bg-surface-alt py-20 px-6 md:px-12 w-full mt-12 relative overflow-hidden">

Parsing ecmascript source code failed @ http://localhost:3000/_next/static/chunks/node_modules_next_dist_1gdrd03._.js:1945
[ 6802647ms] [ERROR] ./src/app/page.tsx:76:15
Expected '</', got 'jsx text'
  74 |             </div>
  75 |           </div>
> 76 |         </div>
     |               ^^^^^^^^^^^^^^^^^^^^^^^^^^^^^^^^^^^^^^^^^^^^^^^^^^^^^^^^^^^^^^^^^^^^^^^^^^^^^^^^^^^^^^^^^^^^^^^^^^^^^^^^^^^^^^^^^^^^^^^^^^^^^^^^^^^^^^^^^^^^^^^^^^^^^^^^^^^^^^^^^
> 77 |       </section>
     | ^^^^^^
  78 |
  79 |       {/* Story & Tips Section */}
  80 |       <section className="bg-surface-alt py-20 px-6 md:px-12 w-full mt-12 relative overflow-hidden">

Parsing ecmascript source code failed @ http://localhost:3000/_next/static/chunks/node_modules_next_dist_1gdrd03._.js:1945
[ 6802705ms] [ERROR] ./src/app/page.tsx:76:15
Expected '</', got 'jsx text'
  74 |             </div>
  75 |           </div>
> 76 |         </div>
     |               ^^^^^^^^^^^^^^^^^^^^^^^^^^^^^^^^^^^^^^^^^^^^^^^^^^^^^^^^^^^^^^^^^^^^^^^^^^^^^^^^^^^^^^^^^^^^^^^^^^^^^^^^^^^^^^^^^^^^^^^^^^^^^^^^^^^^^^^^^^^^^^^^^^^^^^^^^^^^^^^^^
> 77 |       </section>
     | ^^^^^^
  78 |
  79 |       {/* Story & Tips Section */}
  80 |       <section className="bg-surface-alt py-20 px-6 md:px-12 w-full mt-12 relative overflow-hidden">

Parsing ecmascript source code failed @ http://localhost:3000/_next/static/chunks/node_modules_next_dist_1gdrd03._.js:1945
[ 6802768ms] [ERROR] ./src/app/page.tsx:76:15
Expected '</', got 'jsx text'
  74 |             </div>
  75 |           </div>
> 76 |         </div>
     |               ^^^^^^^^^^^^^^^^^^^^^^^^^^^^^^^^^^^^^^^^^^^^^^^^^^^^^^^^^^^^^^^^^^^^^^^^^^^^^^^^^^^^^^^^^^^^^^^^^^^^^^^^^^^^^^^^^^^^^^^^^^^^^^^^^^^^^^^^^^^^^^^^^^^^^^^^^^^^^^^^^
> 77 |       </section>
     | ^^^^^^
  78 |
  79 |       {/* Story & Tips Section */}
  80 |       <section className="bg-surface-alt py-20 px-6 md:px-12 w-full mt-12 relative overflow-hidden">

Parsing ecmascript source code failed @ http://localhost:3000/_next/static/chunks/node_modules_next_dist_1gdrd03._.js:1945
[ 6802830ms] [ERROR] ./src/app/page.tsx:76:15
Expected '</', got 'jsx text'
  74 |             </div>
  75 |           </div>
> 76 |         </div>
     |               ^^^^^^^^^^^^^^^^^^^^^^^^^^^^^^^^^^^^^^^^^^^^^^^^^^^^^^^^^^^^^^^^^^^^^^^^^^^^^^^^^^^^^^^^^^^^^^^^^^^^^^^^^^^^^^^^^^^^^^^^^^^^^^^^^^^^^^^^^^^^^^^^^^^^^^^^^^^^^^^^^
> 77 |       </section>
     | ^^^^^^
  78 |
  79 |       {/* Story & Tips Section */}
  80 |       <section className="bg-surface-alt py-20 px-6 md:px-12 w-full mt-12 relative overflow-hidden">

Parsing ecmascript source code failed @ http://localhost:3000/_next/static/chunks/node_modules_next_dist_1gdrd03._.js:1945
[ 6802893ms] [ERROR] ./src/app/page.tsx:76:15
Expected '</', got 'jsx text'
  74 |             </div>
  75 |           </div>
> 76 |         </div>
     |               ^^^^^^^^^^^^^^^^^^^^^^^^^^^^^^^^^^^^^^^^^^^^^^^^^^^^^^^^^^^^^^^^^^^^^^^^^^^^^^^^^^^^^^^^^^^^^^^^^^^^^^^^^^^^^^^^^^^^^^^^^^^^^^^^^^^^^^^^^^^^^^^^^^^^^^^^^^^^^^^^^
> 77 |       </section>
     | ^^^^^^
  78 |
  79 |       {/* Story & Tips Section */}
  80 |       <section className="bg-surface-alt py-20 px-6 md:px-12 w-full mt-12 relative overflow-hidden">

Parsing ecmascript source code failed @ http://localhost:3000/_next/static/chunks/node_modules_next_dist_1gdrd03._.js:1945
[ 6802955ms] [ERROR] ./src/app/page.tsx:76:15
Expected '</', got 'jsx text'
  74 |             </div>
  75 |           </div>
> 76 |         </div>
     |               ^^^^^^^^^^^^^^^^^^^^^^^^^^^^^^^^^^^^^^^^^^^^^^^^^^^^^^^^^^^^^^^^^^^^^^^^^^^^^^^^^^^^^^^^^^^^^^^^^^^^^^^^^^^^^^^^^^^^^^^^^^^^^^^^^^^^^^^^^^^^^^^^^^^^^^^^^^^^^^^^^
> 77 |       </section>
     | ^^^^^^
  78 |
  79 |       {/* Story & Tips Section */}
  80 |       <section className="bg-surface-alt py-20 px-6 md:px-12 w-full mt-12 relative overflow-hidden">

Parsing ecmascript source code failed @ http://localhost:3000/_next/static/chunks/node_modules_next_dist_1gdrd03._.js:1945
[ 6803019ms] [ERROR] ./src/app/page.tsx:76:15
Expected '</', got 'jsx text'
  74 |             </div>
  75 |           </div>
> 76 |         </div>
     |               ^^^^^^^^^^^^^^^^^^^^^^^^^^^^^^^^^^^^^^^^^^^^^^^^^^^^^^^^^^^^^^^^^^^^^^^^^^^^^^^^^^^^^^^^^^^^^^^^^^^^^^^^^^^^^^^^^^^^^^^^^^^^^^^^^^^^^^^^^^^^^^^^^^^^^^^^^^^^^^^^^
> 77 |       </section>
     | ^^^^^^
  78 |
  79 |       {/* Story & Tips Section */}
  80 |       <section className="bg-surface-alt py-20 px-6 md:px-12 w-full mt-12 relative overflow-hidden">

Parsing ecmascript source code failed @ http://localhost:3000/_next/static/chunks/node_modules_next_dist_1gdrd03._.js:1945
[ 6803114ms] [ERROR] ./src/app/page.tsx:76:15
Expected '</', got 'jsx text'
  74 |             </div>
  75 |           </div>
> 76 |         </div>
     |               ^^^^^^^^^^^^^^^^^^^^^^^^^^^^^^^^^^^^^^^^^^^^^^^^^^^^^^^^^^^^^^^^^^^^^^^^^^^^^^^^^^^^^^^^^^^^^^^^^^^^^^^^^^^^^^^^^^^^^^^^^^^^^^^^^^^^^^^^^^^^^^^^^^^^^^^^^^^^^^^^^
> 77 |       </section>
     | ^^^^^^
  78 |
  79 |       {/* Story & Tips Section */}
  80 |       <section className="bg-surface-alt py-20 px-6 md:px-12 w-full mt-12 relative overflow-hidden">

Parsing ecmascript source code failed @ http://localhost:3000/_next/static/chunks/node_modules_next_dist_1gdrd03._.js:1945
[ 6803180ms] [ERROR] ./src/app/page.tsx:76:15
Expected '</', got 'jsx text'
  74 |             </div>
  75 |           </div>
> 76 |         </div>
     |               ^^^^^^^^^^^^^^^^^^^^^^^^^^^^^^^^^^^^^^^^^^^^^^^^^^^^^^^^^^^^^^^^^^^^^^^^^^^^^^^^^^^^^^^^^^^^^^^^^^^^^^^^^^^^^^^^^^^^^^^^^^^^^^^^^^^^^^^^^^^^^^^^^^^^^^^^^^^^^^^^^
> 77 |       </section>
     | ^^^^^^
  78 |
  79 |       {/* Story & Tips Section */}
  80 |       <section className="bg-surface-alt py-20 px-6 md:px-12 w-full mt-12 relative overflow-hidden">

Parsing ecmascript source code failed @ http://localhost:3000/_next/static/chunks/node_modules_next_dist_1gdrd03._.js:1945
[ 6803236ms] [ERROR] ./src/app/page.tsx:76:15
Expected '</', got 'jsx text'
  74 |             </div>
  75 |           </div>
> 76 |         </div>
     |               ^^^^^^^^^^^^^^^^^^^^^^^^^^^^^^^^^^^^^^^^^^^^^^^^^^^^^^^^^^^^^^^^^^^^^^^^^^^^^^^^^^^^^^^^^^^^^^^^^^^^^^^^^^^^^^^^^^^^^^^^^^^^^^^^^^^^^^^^^^^^^^^^^^^^^^^^^^^^^^^^^
> 77 |       </section>
     | ^^^^^^
  78 |
  79 |       {/* Story & Tips Section */}
  80 |       <section className="bg-surface-alt py-20 px-6 md:px-12 w-full mt-12 relative overflow-hidden">

Parsing ecmascript source code failed @ http://localhost:3000/_next/static/chunks/node_modules_next_dist_1gdrd03._.js:1945
[ 6803302ms] [ERROR] ./src/app/page.tsx:76:15
Expected '</', got 'jsx text'
  74 |             </div>
  75 |           </div>
> 76 |         </div>
     |               ^^^^^^^^^^^^^^^^^^^^^^^^^^^^^^^^^^^^^^^^^^^^^^^^^^^^^^^^^^^^^^^^^^^^^^^^^^^^^^^^^^^^^^^^^^^^^^^^^^^^^^^^^^^^^^^^^^^^^^^^^^^^^^^^^^^^^^^^^^^^^^^^^^^^^^^^^^^^^^^^^
> 77 |       </section>
     | ^^^^^^
  78 |
  79 |       {/* Story & Tips Section */}
  80 |       <section className="bg-surface-alt py-20 px-6 md:px-12 w-full mt-12 relative overflow-hidden">

Parsing ecmascript source code failed @ http://localhost:3000/_next/static/chunks/node_modules_next_dist_1gdrd03._.js:1945
[ 6803364ms] [ERROR] ./src/app/page.tsx:76:15
Expected '</', got 'jsx text'
  74 |             </div>
  75 |           </div>
> 76 |         </div>
     |               ^^^^^^^^^^^^^^^^^^^^^^^^^^^^^^^^^^^^^^^^^^^^^^^^^^^^^^^^^^^^^^^^^^^^^^^^^^^^^^^^^^^^^^^^^^^^^^^^^^^^^^^^^^^^^^^^^^^^^^^^^^^^^^^^^^^^^^^^^^^^^^^^^^^^^^^^^^^^^^^^^
> 77 |       </section>
     | ^^^^^^
  78 |
  79 |       {/* Story & Tips Section */}
  80 |       <section className="bg-surface-alt py-20 px-6 md:px-12 w-full mt-12 relative overflow-hidden">

Parsing ecmascript source code failed @ http://localhost:3000/_next/static/chunks/node_modules_next_dist_1gdrd03._.js:1945
[ 6803439ms] [ERROR] ./src/app/page.tsx:76:15
Expected '</', got 'jsx text'
  74 |             </div>
  75 |           </div>
> 76 |         </div>
     |               ^^^^^^^^^^^^^^^^^^^^^^^^^^^^^^^^^^^^^^^^^^^^^^^^^^^^^^^^^^^^^^^^^^^^^^^^^^^^^^^^^^^^^^^^^^^^^^^^^^^^^^^^^^^^^^^^^^^^^^^^^^^^^^^^^^^^^^^^^^^^^^^^^^^^^^^^^^^^^^^^^
> 77 |       </section>
     | ^^^^^^
  78 |
  79 |       {/* Story & Tips Section */}
  80 |       <section className="bg-surface-alt py-20 px-6 md:px-12 w-full mt-12 relative overflow-hidden">

Parsing ecmascript source code failed @ http://localhost:3000/_next/static/chunks/node_modules_next_dist_1gdrd03._.js:1945
[ 6803501ms] [ERROR] ./src/app/page.tsx:76:15
Expected '</', got 'jsx text'
  74 |             </div>
  75 |           </div>
> 76 |         </div>
     |               ^^^^^^^^^^^^^^^^^^^^^^^^^^^^^^^^^^^^^^^^^^^^^^^^^^^^^^^^^^^^^^^^^^^^^^^^^^^^^^^^^^^^^^^^^^^^^^^^^^^^^^^^^^^^^^^^^^^^^^^^^^^^^^^^^^^^^^^^^^^^^^^^^^^^^^^^^^^^^^^^^
> 77 |       </section>
     | ^^^^^^
  78 |
  79 |       {/* Story & Tips Section */}
  80 |       <section className="bg-surface-alt py-20 px-6 md:px-12 w-full mt-12 relative overflow-hidden">

Parsing ecmascript source code failed @ http://localhost:3000/_next/static/chunks/node_modules_next_dist_1gdrd03._.js:1945
[ 6803565ms] [ERROR] ./src/app/page.tsx:76:15
Expected '</', got 'jsx text'
  74 |             </div>
  75 |           </div>
> 76 |         </div>
     |               ^^^^^^^^^^^^^^^^^^^^^^^^^^^^^^^^^^^^^^^^^^^^^^^^^^^^^^^^^^^^^^^^^^^^^^^^^^^^^^^^^^^^^^^^^^^^^^^^^^^^^^^^^^^^^^^^^^^^^^^^^^^^^^^^^^^^^^^^^^^^^^^^^^^^^^^^^^^^^^^^^
> 77 |       </section>
     | ^^^^^^
  78 |
  79 |       {/* Story & Tips Section */}
  80 |       <section className="bg-surface-alt py-20 px-6 md:px-12 w-full mt-12 relative overflow-hidden">

Parsing ecmascript source code failed @ http://localhost:3000/_next/static/chunks/node_modules_next_dist_1gdrd03._.js:1945
[ 6803628ms] [ERROR] ./src/app/page.tsx:76:15
Expected '</', got 'jsx text'
  74 |             </div>
  75 |           </div>
> 76 |         </div>
     |               ^^^^^^^^^^^^^^^^^^^^^^^^^^^^^^^^^^^^^^^^^^^^^^^^^^^^^^^^^^^^^^^^^^^^^^^^^^^^^^^^^^^^^^^^^^^^^^^^^^^^^^^^^^^^^^^^^^^^^^^^^^^^^^^^^^^^^^^^^^^^^^^^^^^^^^^^^^^^^^^^^
> 77 |       </section>
     | ^^^^^^
  78 |
  79 |       {/* Story & Tips Section */}
  80 |       <section className="bg-surface-alt py-20 px-6 md:px-12 w-full mt-12 relative overflow-hidden">

Parsing ecmascript source code failed @ http://localhost:3000/_next/static/chunks/node_modules_next_dist_1gdrd03._.js:1945
[ 6803690ms] [ERROR] ./src/app/page.tsx:76:15
Expected '</', got 'jsx text'
  74 |             </div>
  75 |           </div>
> 76 |         </div>
     |               ^^^^^^^^^^^^^^^^^^^^^^^^^^^^^^^^^^^^^^^^^^^^^^^^^^^^^^^^^^^^^^^^^^^^^^^^^^^^^^^^^^^^^^^^^^^^^^^^^^^^^^^^^^^^^^^^^^^^^^^^^^^^^^^^^^^^^^^^^^^^^^^^^^^^^^^^^^^^^^^^^
> 77 |       </section>
     | ^^^^^^
  78 |
  79 |       {/* Story & Tips Section */}
  80 |       <section className="bg-surface-alt py-20 px-6 md:px-12 w-full mt-12 relative overflow-hidden">

Parsing ecmascript source code failed @ http://localhost:3000/_next/static/chunks/node_modules_next_dist_1gdrd03._.js:1945
[ 6803751ms] [ERROR] ./src/app/page.tsx:76:15
Expected '</', got 'jsx text'
  74 |             </div>
  75 |           </div>
> 76 |         </div>
     |               ^^^^^^^^^^^^^^^^^^^^^^^^^^^^^^^^^^^^^^^^^^^^^^^^^^^^^^^^^^^^^^^^^^^^^^^^^^^^^^^^^^^^^^^^^^^^^^^^^^^^^^^^^^^^^^^^^^^^^^^^^^^^^^^^^^^^^^^^^^^^^^^^^^^^^^^^^^^^^^^^^
> 77 |       </section>
     | ^^^^^^
  78 |
  79 |       {/* Story & Tips Section */}
  80 |       <section className="bg-surface-alt py-20 px-6 md:px-12 w-full mt-12 relative overflow-hidden">

Parsing ecmascript source code failed @ http://localhost:3000/_next/static/chunks/node_modules_next_dist_1gdrd03._.js:1945
[ 6803815ms] [ERROR] ./src/app/page.tsx:76:15
Expected '</', got 'jsx text'
  74 |             </div>
  75 |           </div>
> 76 |         </div>
     |               ^^^^^^^^^^^^^^^^^^^^^^^^^^^^^^^^^^^^^^^^^^^^^^^^^^^^^^^^^^^^^^^^^^^^^^^^^^^^^^^^^^^^^^^^^^^^^^^^^^^^^^^^^^^^^^^^^^^^^^^^^^^^^^^^^^^^^^^^^^^^^^^^^^^^^^^^^^^^^^^^^
> 77 |       </section>
     | ^^^^^^
  78 |
  79 |       {/* Story & Tips Section */}
  80 |       <section className="bg-surface-alt py-20 px-6 md:px-12 w-full mt-12 relative overflow-hidden">

Parsing ecmascript source code failed @ http://localhost:3000/_next/static/chunks/node_modules_next_dist_1gdrd03._.js:1945
[ 6803881ms] [ERROR] ./src/app/page.tsx:76:15
Expected '</', got 'jsx text'
  74 |             </div>
  75 |           </div>
> 76 |         </div>
     |               ^^^^^^^^^^^^^^^^^^^^^^^^^^^^^^^^^^^^^^^^^^^^^^^^^^^^^^^^^^^^^^^^^^^^^^^^^^^^^^^^^^^^^^^^^^^^^^^^^^^^^^^^^^^^^^^^^^^^^^^^^^^^^^^^^^^^^^^^^^^^^^^^^^^^^^^^^^^^^^^^^
> 77 |       </section>
     | ^^^^^^
  78 |
  79 |       {/* Story & Tips Section */}
  80 |       <section className="bg-surface-alt py-20 px-6 md:px-12 w-full mt-12 relative overflow-hidden">

Parsing ecmascript source code failed @ http://localhost:3000/_next/static/chunks/node_modules_next_dist_1gdrd03._.js:1945
[ 6803939ms] [ERROR] ./src/app/page.tsx:76:15
Expected '</', got 'jsx text'
  74 |             </div>
  75 |           </div>
> 76 |         </div>
     |               ^^^^^^^^^^^^^^^^^^^^^^^^^^^^^^^^^^^^^^^^^^^^^^^^^^^^^^^^^^^^^^^^^^^^^^^^^^^^^^^^^^^^^^^^^^^^^^^^^^^^^^^^^^^^^^^^^^^^^^^^^^^^^^^^^^^^^^^^^^^^^^^^^^^^^^^^^^^^^^^^^
> 77 |       </section>
     | ^^^^^^
  78 |
  79 |       {/* Story & Tips Section */}
  80 |       <section className="bg-surface-alt py-20 px-6 md:px-12 w-full mt-12 relative overflow-hidden">

Parsing ecmascript source code failed @ http://localhost:3000/_next/static/chunks/node_modules_next_dist_1gdrd03._.js:1945
[ 6804001ms] [ERROR] ./src/app/page.tsx:76:15
Expected '</', got 'jsx text'
  74 |             </div>
  75 |           </div>
> 76 |         </div>
     |               ^^^^^^^^^^^^^^^^^^^^^^^^^^^^^^^^^^^^^^^^^^^^^^^^^^^^^^^^^^^^^^^^^^^^^^^^^^^^^^^^^^^^^^^^^^^^^^^^^^^^^^^^^^^^^^^^^^^^^^^^^^^^^^^^^^^^^^^^^^^^^^^^^^^^^^^^^^^^^^^^^
> 77 |       </section>
     | ^^^^^^
  78 |
  79 |       {/* Story & Tips Section */}
  80 |       <section className="bg-surface-alt py-20 px-6 md:px-12 w-full mt-12 relative overflow-hidden">

Parsing ecmascript source code failed @ http://localhost:3000/_next/static/chunks/node_modules_next_dist_1gdrd03._.js:1945
[ 6804063ms] [ERROR] ./src/app/page.tsx:76:15
Expected '</', got 'jsx text'
  74 |             </div>
  75 |           </div>
> 76 |         </div>
     |               ^^^^^^^^^^^^^^^^^^^^^^^^^^^^^^^^^^^^^^^^^^^^^^^^^^^^^^^^^^^^^^^^^^^^^^^^^^^^^^^^^^^^^^^^^^^^^^^^^^^^^^^^^^^^^^^^^^^^^^^^^^^^^^^^^^^^^^^^^^^^^^^^^^^^^^^^^^^^^^^^^
> 77 |       </section>
     | ^^^^^^
  78 |
  79 |       {/* Story & Tips Section */}
  80 |       <section className="bg-surface-alt py-20 px-6 md:px-12 w-full mt-12 relative overflow-hidden">

Parsing ecmascript source code failed @ http://localhost:3000/_next/static/chunks/node_modules_next_dist_1gdrd03._.js:1945
[ 6804125ms] [ERROR] ./src/app/page.tsx:76:15
Expected '</', got 'jsx text'
  74 |             </div>
  75 |           </div>
> 76 |         </div>
     |               ^^^^^^^^^^^^^^^^^^^^^^^^^^^^^^^^^^^^^^^^^^^^^^^^^^^^^^^^^^^^^^^^^^^^^^^^^^^^^^^^^^^^^^^^^^^^^^^^^^^^^^^^^^^^^^^^^^^^^^^^^^^^^^^^^^^^^^^^^^^^^^^^^^^^^^^^^^^^^^^^^
> 77 |       </section>
     | ^^^^^^
  78 |
  79 |       {/* Story & Tips Section */}
  80 |       <section className="bg-surface-alt py-20 px-6 md:px-12 w-full mt-12 relative overflow-hidden">

Parsing ecmascript source code failed @ http://localhost:3000/_next/static/chunks/node_modules_next_dist_1gdrd03._.js:1945
[ 6804187ms] [ERROR] ./src/app/page.tsx:76:15
Expected '</', got 'jsx text'
  74 |             </div>
  75 |           </div>
> 76 |         </div>
     |               ^^^^^^^^^^^^^^^^^^^^^^^^^^^^^^^^^^^^^^^^^^^^^^^^^^^^^^^^^^^^^^^^^^^^^^^^^^^^^^^^^^^^^^^^^^^^^^^^^^^^^^^^^^^^^^^^^^^^^^^^^^^^^^^^^^^^^^^^^^^^^^^^^^^^^^^^^^^^^^^^^
> 77 |       </section>
     | ^^^^^^
  78 |
  79 |       {/* Story & Tips Section */}
  80 |       <section className="bg-surface-alt py-20 px-6 md:px-12 w-full mt-12 relative overflow-hidden">

Parsing ecmascript source code failed @ http://localhost:3000/_next/static/chunks/node_modules_next_dist_1gdrd03._.js:1945
[ 6804248ms] [ERROR] ./src/app/page.tsx:76:15
Expected '</', got 'jsx text'
  74 |             </div>
  75 |           </div>
> 76 |         </div>
     |               ^^^^^^^^^^^^^^^^^^^^^^^^^^^^^^^^^^^^^^^^^^^^^^^^^^^^^^^^^^^^^^^^^^^^^^^^^^^^^^^^^^^^^^^^^^^^^^^^^^^^^^^^^^^^^^^^^^^^^^^^^^^^^^^^^^^^^^^^^^^^^^^^^^^^^^^^^^^^^^^^^
> 77 |       </section>
     | ^^^^^^
  78 |
  79 |       {/* Story & Tips Section */}
  80 |       <section className="bg-surface-alt py-20 px-6 md:px-12 w-full mt-12 relative overflow-hidden">

Parsing ecmascript source code failed @ http://localhost:3000/_next/static/chunks/node_modules_next_dist_1gdrd03._.js:1945
[ 6804317ms] [ERROR] ./src/app/page.tsx:76:15
Expected '</', got 'jsx text'
  74 |             </div>
  75 |           </div>
> 76 |         </div>
     |               ^^^^^^^^^^^^^^^^^^^^^^^^^^^^^^^^^^^^^^^^^^^^^^^^^^^^^^^^^^^^^^^^^^^^^^^^^^^^^^^^^^^^^^^^^^^^^^^^^^^^^^^^^^^^^^^^^^^^^^^^^^^^^^^^^^^^^^^^^^^^^^^^^^^^^^^^^^^^^^^^^
> 77 |       </section>
     | ^^^^^^
  78 |
  79 |       {/* Story & Tips Section */}
  80 |       <section className="bg-surface-alt py-20 px-6 md:px-12 w-full mt-12 relative overflow-hidden">

Parsing ecmascript source code failed @ http://localhost:3000/_next/static/chunks/node_modules_next_dist_1gdrd03._.js:1945
[ 6804374ms] [ERROR] ./src/app/page.tsx:76:15
Expected '</', got 'jsx text'
  74 |             </div>
  75 |           </div>
> 76 |         </div>
     |               ^^^^^^^^^^^^^^^^^^^^^^^^^^^^^^^^^^^^^^^^^^^^^^^^^^^^^^^^^^^^^^^^^^^^^^^^^^^^^^^^^^^^^^^^^^^^^^^^^^^^^^^^^^^^^^^^^^^^^^^^^^^^^^^^^^^^^^^^^^^^^^^^^^^^^^^^^^^^^^^^^
> 77 |       </section>
     | ^^^^^^
  78 |
  79 |       {/* Story & Tips Section */}
  80 |       <section className="bg-surface-alt py-20 px-6 md:px-12 w-full mt-12 relative overflow-hidden">

Parsing ecmascript source code failed @ http://localhost:3000/_next/static/chunks/node_modules_next_dist_1gdrd03._.js:1945
[ 6804434ms] [ERROR] ./src/app/page.tsx:76:15
Expected '</', got 'jsx text'
  74 |             </div>
  75 |           </div>
> 76 |         </div>
     |               ^^^^^^^^^^^^^^^^^^^^^^^^^^^^^^^^^^^^^^^^^^^^^^^^^^^^^^^^^^^^^^^^^^^^^^^^^^^^^^^^^^^^^^^^^^^^^^^^^^^^^^^^^^^^^^^^^^^^^^^^^^^^^^^^^^^^^^^^^^^^^^^^^^^^^^^^^^^^^^^^^
> 77 |       </section>
     | ^^^^^^
  78 |
  79 |       {/* Story & Tips Section */}
  80 |       <section className="bg-surface-alt py-20 px-6 md:px-12 w-full mt-12 relative overflow-hidden">

Parsing ecmascript source code failed @ http://localhost:3000/_next/static/chunks/node_modules_next_dist_1gdrd03._.js:1945
[ 6804496ms] [ERROR] ./src/app/page.tsx:76:15
Expected '</', got 'jsx text'
  74 |             </div>
  75 |           </div>
> 76 |         </div>
     |               ^^^^^^^^^^^^^^^^^^^^^^^^^^^^^^^^^^^^^^^^^^^^^^^^^^^^^^^^^^^^^^^^^^^^^^^^^^^^^^^^^^^^^^^^^^^^^^^^^^^^^^^^^^^^^^^^^^^^^^^^^^^^^^^^^^^^^^^^^^^^^^^^^^^^^^^^^^^^^^^^^
> 77 |       </section>
     | ^^^^^^
  78 |
  79 |       {/* Story & Tips Section */}
  80 |       <section className="bg-surface-alt py-20 px-6 md:px-12 w-full mt-12 relative overflow-hidden">

Parsing ecmascript source code failed @ http://localhost:3000/_next/static/chunks/node_modules_next_dist_1gdrd03._.js:1945
[ 6804558ms] [ERROR] ./src/app/page.tsx:76:15
Expected '</', got 'jsx text'
  74 |             </div>
  75 |           </div>
> 76 |         </div>
     |               ^^^^^^^^^^^^^^^^^^^^^^^^^^^^^^^^^^^^^^^^^^^^^^^^^^^^^^^^^^^^^^^^^^^^^^^^^^^^^^^^^^^^^^^^^^^^^^^^^^^^^^^^^^^^^^^^^^^^^^^^^^^^^^^^^^^^^^^^^^^^^^^^^^^^^^^^^^^^^^^^^
> 77 |       </section>
     | ^^^^^^
  78 |
  79 |       {/* Story & Tips Section */}
  80 |       <section className="bg-surface-alt py-20 px-6 md:px-12 w-full mt-12 relative overflow-hidden">

Parsing ecmascript source code failed @ http://localhost:3000/_next/static/chunks/node_modules_next_dist_1gdrd03._.js:1945
[ 6804621ms] [ERROR] ./src/app/page.tsx:76:15
Expected '</', got 'jsx text'
  74 |             </div>
  75 |           </div>
> 76 |         </div>
     |               ^^^^^^^^^^^^^^^^^^^^^^^^^^^^^^^^^^^^^^^^^^^^^^^^^^^^^^^^^^^^^^^^^^^^^^^^^^^^^^^^^^^^^^^^^^^^^^^^^^^^^^^^^^^^^^^^^^^^^^^^^^^^^^^^^^^^^^^^^^^^^^^^^^^^^^^^^^^^^^^^^
> 77 |       </section>
     | ^^^^^^
  78 |
  79 |       {/* Story & Tips Section */}
  80 |       <section className="bg-surface-alt py-20 px-6 md:px-12 w-full mt-12 relative overflow-hidden">

Parsing ecmascript source code failed @ http://localhost:3000/_next/static/chunks/node_modules_next_dist_1gdrd03._.js:1945
[ 6804683ms] [ERROR] ./src/app/page.tsx:76:15
Expected '</', got 'jsx text'
  74 |             </div>
  75 |           </div>
> 76 |         </div>
     |               ^^^^^^^^^^^^^^^^^^^^^^^^^^^^^^^^^^^^^^^^^^^^^^^^^^^^^^^^^^^^^^^^^^^^^^^^^^^^^^^^^^^^^^^^^^^^^^^^^^^^^^^^^^^^^^^^^^^^^^^^^^^^^^^^^^^^^^^^^^^^^^^^^^^^^^^^^^^^^^^^^
> 77 |       </section>
     | ^^^^^^
  78 |
  79 |       {/* Story & Tips Section */}
  80 |       <section className="bg-surface-alt py-20 px-6 md:px-12 w-full mt-12 relative overflow-hidden">

Parsing ecmascript source code failed @ http://localhost:3000/_next/static/chunks/node_modules_next_dist_1gdrd03._.js:1945
[ 6804745ms] [ERROR] ./src/app/page.tsx:76:15
Expected '</', got 'jsx text'
  74 |             </div>
  75 |           </div>
> 76 |         </div>
     |               ^^^^^^^^^^^^^^^^^^^^^^^^^^^^^^^^^^^^^^^^^^^^^^^^^^^^^^^^^^^^^^^^^^^^^^^^^^^^^^^^^^^^^^^^^^^^^^^^^^^^^^^^^^^^^^^^^^^^^^^^^^^^^^^^^^^^^^^^^^^^^^^^^^^^^^^^^^^^^^^^^
> 77 |       </section>
     | ^^^^^^
  78 |
  79 |       {/* Story & Tips Section */}
  80 |       <section className="bg-surface-alt py-20 px-6 md:px-12 w-full mt-12 relative overflow-hidden">

Parsing ecmascript source code failed @ http://localhost:3000/_next/static/chunks/node_modules_next_dist_1gdrd03._.js:1945
[ 6804806ms] [ERROR] ./src/app/page.tsx:76:15
Expected '</', got 'jsx text'
  74 |             </div>
  75 |           </div>
> 76 |         </div>
     |               ^^^^^^^^^^^^^^^^^^^^^^^^^^^^^^^^^^^^^^^^^^^^^^^^^^^^^^^^^^^^^^^^^^^^^^^^^^^^^^^^^^^^^^^^^^^^^^^^^^^^^^^^^^^^^^^^^^^^^^^^^^^^^^^^^^^^^^^^^^^^^^^^^^^^^^^^^^^^^^^^^
> 77 |       </section>
     | ^^^^^^
  78 |
  79 |       {/* Story & Tips Section */}
  80 |       <section className="bg-surface-alt py-20 px-6 md:px-12 w-full mt-12 relative overflow-hidden">

Parsing ecmascript source code failed @ http://localhost:3000/_next/static/chunks/node_modules_next_dist_1gdrd03._.js:1945
[ 6804869ms] [ERROR] ./src/app/page.tsx:76:15
Expected '</', got 'jsx text'
  74 |             </div>
  75 |           </div>
> 76 |         </div>
     |               ^^^^^^^^^^^^^^^^^^^^^^^^^^^^^^^^^^^^^^^^^^^^^^^^^^^^^^^^^^^^^^^^^^^^^^^^^^^^^^^^^^^^^^^^^^^^^^^^^^^^^^^^^^^^^^^^^^^^^^^^^^^^^^^^^^^^^^^^^^^^^^^^^^^^^^^^^^^^^^^^^
> 77 |       </section>
     | ^^^^^^
  78 |
  79 |       {/* Story & Tips Section */}
  80 |       <section className="bg-surface-alt py-20 px-6 md:px-12 w-full mt-12 relative overflow-hidden">

Parsing ecmascript source code failed @ http://localhost:3000/_next/static/chunks/node_modules_next_dist_1gdrd03._.js:1945
[ 6804932ms] [ERROR] ./src/app/page.tsx:76:15
Expected '</', got 'jsx text'
  74 |             </div>
  75 |           </div>
> 76 |         </div>
     |               ^^^^^^^^^^^^^^^^^^^^^^^^^^^^^^^^^^^^^^^^^^^^^^^^^^^^^^^^^^^^^^^^^^^^^^^^^^^^^^^^^^^^^^^^^^^^^^^^^^^^^^^^^^^^^^^^^^^^^^^^^^^^^^^^^^^^^^^^^^^^^^^^^^^^^^^^^^^^^^^^^
> 77 |       </section>
     | ^^^^^^
  78 |
  79 |       {/* Story & Tips Section */}
  80 |       <section className="bg-surface-alt py-20 px-6 md:px-12 w-full mt-12 relative overflow-hidden">

Parsing ecmascript source code failed @ http://localhost:3000/_next/static/chunks/node_modules_next_dist_1gdrd03._.js:1945
[ 6804999ms] [ERROR] ./src/app/page.tsx:76:15
Expected '</', got 'jsx text'
  74 |             </div>
  75 |           </div>
> 76 |         </div>
     |               ^^^^^^^^^^^^^^^^^^^^^^^^^^^^^^^^^^^^^^^^^^^^^^^^^^^^^^^^^^^^^^^^^^^^^^^^^^^^^^^^^^^^^^^^^^^^^^^^^^^^^^^^^^^^^^^^^^^^^^^^^^^^^^^^^^^^^^^^^^^^^^^^^^^^^^^^^^^^^^^^^
> 77 |       </section>
     | ^^^^^^
  78 |
  79 |       {/* Story & Tips Section */}
  80 |       <section className="bg-surface-alt py-20 px-6 md:px-12 w-full mt-12 relative overflow-hidden">

Parsing ecmascript source code failed @ http://localhost:3000/_next/static/chunks/node_modules_next_dist_1gdrd03._.js:1945
[ 6805055ms] [ERROR] ./src/app/page.tsx:76:15
Expected '</', got 'jsx text'
  74 |             </div>
  75 |           </div>
> 76 |         </div>
     |               ^^^^^^^^^^^^^^^^^^^^^^^^^^^^^^^^^^^^^^^^^^^^^^^^^^^^^^^^^^^^^^^^^^^^^^^^^^^^^^^^^^^^^^^^^^^^^^^^^^^^^^^^^^^^^^^^^^^^^^^^^^^^^^^^^^^^^^^^^^^^^^^^^^^^^^^^^^^^^^^^^
> 77 |       </section>
     | ^^^^^^
  78 |
  79 |       {/* Story & Tips Section */}
  80 |       <section className="bg-surface-alt py-20 px-6 md:px-12 w-full mt-12 relative overflow-hidden">

Parsing ecmascript source code failed @ http://localhost:3000/_next/static/chunks/node_modules_next_dist_1gdrd03._.js:1945
[ 6805119ms] [ERROR] ./src/app/page.tsx:76:15
Expected '</', got 'jsx text'
  74 |             </div>
  75 |           </div>
> 76 |         </div>
     |               ^^^^^^^^^^^^^^^^^^^^^^^^^^^^^^^^^^^^^^^^^^^^^^^^^^^^^^^^^^^^^^^^^^^^^^^^^^^^^^^^^^^^^^^^^^^^^^^^^^^^^^^^^^^^^^^^^^^^^^^^^^^^^^^^^^^^^^^^^^^^^^^^^^^^^^^^^^^^^^^^^
> 77 |       </section>
     | ^^^^^^
  78 |
  79 |       {/* Story & Tips Section */}
  80 |       <section className="bg-surface-alt py-20 px-6 md:px-12 w-full mt-12 relative overflow-hidden">

Parsing ecmascript source code failed @ http://localhost:3000/_next/static/chunks/node_modules_next_dist_1gdrd03._.js:1945
[ 6805182ms] [ERROR] ./src/app/page.tsx:76:15
Expected '</', got 'jsx text'
  74 |             </div>
  75 |           </div>
> 76 |         </div>
     |               ^^^^^^^^^^^^^^^^^^^^^^^^^^^^^^^^^^^^^^^^^^^^^^^^^^^^^^^^^^^^^^^^^^^^^^^^^^^^^^^^^^^^^^^^^^^^^^^^^^^^^^^^^^^^^^^^^^^^^^^^^^^^^^^^^^^^^^^^^^^^^^^^^^^^^^^^^^^^^^^^^
> 77 |       </section>
     | ^^^^^^
  78 |
  79 |       {/* Story & Tips Section */}
  80 |       <section className="bg-surface-alt py-20 px-6 md:px-12 w-full mt-12 relative overflow-hidden">

Parsing ecmascript source code failed @ http://localhost:3000/_next/static/chunks/node_modules_next_dist_1gdrd03._.js:1945
[ 6805243ms] [ERROR] ./src/app/page.tsx:76:15
Expected '</', got 'jsx text'
  74 |             </div>
  75 |           </div>
> 76 |         </div>
     |               ^^^^^^^^^^^^^^^^^^^^^^^^^^^^^^^^^^^^^^^^^^^^^^^^^^^^^^^^^^^^^^^^^^^^^^^^^^^^^^^^^^^^^^^^^^^^^^^^^^^^^^^^^^^^^^^^^^^^^^^^^^^^^^^^^^^^^^^^^^^^^^^^^^^^^^^^^^^^^^^^^
> 77 |       </section>
     | ^^^^^^
  78 |
  79 |       {/* Story & Tips Section */}
  80 |       <section className="bg-surface-alt py-20 px-6 md:px-12 w-full mt-12 relative overflow-hidden">

Parsing ecmascript source code failed @ http://localhost:3000/_next/static/chunks/node_modules_next_dist_1gdrd03._.js:1945
[ 6805303ms] [ERROR] ./src/app/page.tsx:76:15
Expected '</', got 'jsx text'
  74 |             </div>
  75 |           </div>
> 76 |         </div>
     |               ^^^^^^^^^^^^^^^^^^^^^^^^^^^^^^^^^^^^^^^^^^^^^^^^^^^^^^^^^^^^^^^^^^^^^^^^^^^^^^^^^^^^^^^^^^^^^^^^^^^^^^^^^^^^^^^^^^^^^^^^^^^^^^^^^^^^^^^^^^^^^^^^^^^^^^^^^^^^^^^^^
> 77 |       </section>
     | ^^^^^^
  78 |
  79 |       {/* Story & Tips Section */}
  80 |       <section className="bg-surface-alt py-20 px-6 md:px-12 w-full mt-12 relative overflow-hidden">

Parsing ecmascript source code failed @ http://localhost:3000/_next/static/chunks/node_modules_next_dist_1gdrd03._.js:1945
[ 6805363ms] [ERROR] ./src/app/page.tsx:76:15
Expected '</', got 'jsx text'
  74 |             </div>
  75 |           </div>
> 76 |         </div>
     |               ^^^^^^^^^^^^^^^^^^^^^^^^^^^^^^^^^^^^^^^^^^^^^^^^^^^^^^^^^^^^^^^^^^^^^^^^^^^^^^^^^^^^^^^^^^^^^^^^^^^^^^^^^^^^^^^^^^^^^^^^^^^^^^^^^^^^^^^^^^^^^^^^^^^^^^^^^^^^^^^^^
> 77 |       </section>
     | ^^^^^^
  78 |
  79 |       {/* Story & Tips Section */}
  80 |       <section className="bg-surface-alt py-20 px-6 md:px-12 w-full mt-12 relative overflow-hidden">

Parsing ecmascript source code failed @ http://localhost:3000/_next/static/chunks/node_modules_next_dist_1gdrd03._.js:1945
[ 6805426ms] [ERROR] ./src/app/page.tsx:76:15
Expected '</', got 'jsx text'
  74 |             </div>
  75 |           </div>
> 76 |         </div>
     |               ^^^^^^^^^^^^^^^^^^^^^^^^^^^^^^^^^^^^^^^^^^^^^^^^^^^^^^^^^^^^^^^^^^^^^^^^^^^^^^^^^^^^^^^^^^^^^^^^^^^^^^^^^^^^^^^^^^^^^^^^^^^^^^^^^^^^^^^^^^^^^^^^^^^^^^^^^^^^^^^^^
> 77 |       </section>
     | ^^^^^^
  78 |
  79 |       {/* Story & Tips Section */}
  80 |       <section className="bg-surface-alt py-20 px-6 md:px-12 w-full mt-12 relative overflow-hidden">

Parsing ecmascript source code failed @ http://localhost:3000/_next/static/chunks/node_modules_next_dist_1gdrd03._.js:1945
[ 6805487ms] [ERROR] ./src/app/page.tsx:76:15
Expected '</', got 'jsx text'
  74 |             </div>
  75 |           </div>
> 76 |         </div>
     |               ^^^^^^^^^^^^^^^^^^^^^^^^^^^^^^^^^^^^^^^^^^^^^^^^^^^^^^^^^^^^^^^^^^^^^^^^^^^^^^^^^^^^^^^^^^^^^^^^^^^^^^^^^^^^^^^^^^^^^^^^^^^^^^^^^^^^^^^^^^^^^^^^^^^^^^^^^^^^^^^^^
> 77 |       </section>
     | ^^^^^^
  78 |
  79 |       {/* Story & Tips Section */}
  80 |       <section className="bg-surface-alt py-20 px-6 md:px-12 w-full mt-12 relative overflow-hidden">

Parsing ecmascript source code failed @ http://localhost:3000/_next/static/chunks/node_modules_next_dist_1gdrd03._.js:1945
[ 6805548ms] [ERROR] ./src/app/page.tsx:76:15
Expected '</', got 'jsx text'
  74 |             </div>
  75 |           </div>
> 76 |         </div>
     |               ^^^^^^^^^^^^^^^^^^^^^^^^^^^^^^^^^^^^^^^^^^^^^^^^^^^^^^^^^^^^^^^^^^^^^^^^^^^^^^^^^^^^^^^^^^^^^^^^^^^^^^^^^^^^^^^^^^^^^^^^^^^^^^^^^^^^^^^^^^^^^^^^^^^^^^^^^^^^^^^^^
> 77 |       </section>
     | ^^^^^^
  78 |
  79 |       {/* Story & Tips Section */}
  80 |       <section className="bg-surface-alt py-20 px-6 md:px-12 w-full mt-12 relative overflow-hidden">

Parsing ecmascript source code failed @ http://localhost:3000/_next/static/chunks/node_modules_next_dist_1gdrd03._.js:1945
[ 6805617ms] [ERROR] ./src/app/page.tsx:76:15
Expected '</', got 'jsx text'
  74 |             </div>
  75 |           </div>
> 76 |         </div>
     |               ^^^^^^^^^^^^^^^^^^^^^^^^^^^^^^^^^^^^^^^^^^^^^^^^^^^^^^^^^^^^^^^^^^^^^^^^^^^^^^^^^^^^^^^^^^^^^^^^^^^^^^^^^^^^^^^^^^^^^^^^^^^^^^^^^^^^^^^^^^^^^^^^^^^^^^^^^^^^^^^^^
> 77 |       </section>
     | ^^^^^^
  78 |
  79 |       {/* Story & Tips Section */}
  80 |       <section className="bg-surface-alt py-20 px-6 md:px-12 w-full mt-12 relative overflow-hidden">

Parsing ecmascript source code failed @ http://localhost:3000/_next/static/chunks/node_modules_next_dist_1gdrd03._.js:1945
[ 6805686ms] [ERROR] ./src/app/page.tsx:76:15
Expected '</', got 'jsx text'
  74 |             </div>
  75 |           </div>
> 76 |         </div>
     |               ^^^^^^^^^^^^^^^^^^^^^^^^^^^^^^^^^^^^^^^^^^^^^^^^^^^^^^^^^^^^^^^^^^^^^^^^^^^^^^^^^^^^^^^^^^^^^^^^^^^^^^^^^^^^^^^^^^^^^^^^^^^^^^^^^^^^^^^^^^^^^^^^^^^^^^^^^^^^^^^^^
> 77 |       </section>
     | ^^^^^^
  78 |
  79 |       {/* Story & Tips Section */}
  80 |       <section className="bg-surface-alt py-20 px-6 md:px-12 w-full mt-12 relative overflow-hidden">

Parsing ecmascript source code failed @ http://localhost:3000/_next/static/chunks/node_modules_next_dist_1gdrd03._.js:1945
[ 6805746ms] [ERROR] ./src/app/page.tsx:76:15
Expected '</', got 'jsx text'
  74 |             </div>
  75 |           </div>
> 76 |         </div>
     |               ^^^^^^^^^^^^^^^^^^^^^^^^^^^^^^^^^^^^^^^^^^^^^^^^^^^^^^^^^^^^^^^^^^^^^^^^^^^^^^^^^^^^^^^^^^^^^^^^^^^^^^^^^^^^^^^^^^^^^^^^^^^^^^^^^^^^^^^^^^^^^^^^^^^^^^^^^^^^^^^^^
> 77 |       </section>
     | ^^^^^^
  78 |
  79 |       {/* Story & Tips Section */}
  80 |       <section className="bg-surface-alt py-20 px-6 md:px-12 w-full mt-12 relative overflow-hidden">

Parsing ecmascript source code failed @ http://localhost:3000/_next/static/chunks/node_modules_next_dist_1gdrd03._.js:1945
[ 6805806ms] [ERROR] ./src/app/page.tsx:76:15
Expected '</', got 'jsx text'
  74 |             </div>
  75 |           </div>
> 76 |         </div>
     |               ^^^^^^^^^^^^^^^^^^^^^^^^^^^^^^^^^^^^^^^^^^^^^^^^^^^^^^^^^^^^^^^^^^^^^^^^^^^^^^^^^^^^^^^^^^^^^^^^^^^^^^^^^^^^^^^^^^^^^^^^^^^^^^^^^^^^^^^^^^^^^^^^^^^^^^^^^^^^^^^^^
> 77 |       </section>
     | ^^^^^^
  78 |
  79 |       {/* Story & Tips Section */}
  80 |       <section className="bg-surface-alt py-20 px-6 md:px-12 w-full mt-12 relative overflow-hidden">

Parsing ecmascript source code failed @ http://localhost:3000/_next/static/chunks/node_modules_next_dist_1gdrd03._.js:1945
[ 6805869ms] [ERROR] ./src/app/page.tsx:76:15
Expected '</', got 'jsx text'
  74 |             </div>
  75 |           </div>
> 76 |         </div>
     |               ^^^^^^^^^^^^^^^^^^^^^^^^^^^^^^^^^^^^^^^^^^^^^^^^^^^^^^^^^^^^^^^^^^^^^^^^^^^^^^^^^^^^^^^^^^^^^^^^^^^^^^^^^^^^^^^^^^^^^^^^^^^^^^^^^^^^^^^^^^^^^^^^^^^^^^^^^^^^^^^^^
> 77 |       </section>
     | ^^^^^^
  78 |
  79 |       {/* Story & Tips Section */}
  80 |       <section className="bg-surface-alt py-20 px-6 md:px-12 w-full mt-12 relative overflow-hidden">

Parsing ecmascript source code failed @ http://localhost:3000/_next/static/chunks/node_modules_next_dist_1gdrd03._.js:1945
[ 6805929ms] [ERROR] ./src/app/page.tsx:76:15
Expected '</', got 'jsx text'
  74 |             </div>
  75 |           </div>
> 76 |         </div>
     |               ^^^^^^^^^^^^^^^^^^^^^^^^^^^^^^^^^^^^^^^^^^^^^^^^^^^^^^^^^^^^^^^^^^^^^^^^^^^^^^^^^^^^^^^^^^^^^^^^^^^^^^^^^^^^^^^^^^^^^^^^^^^^^^^^^^^^^^^^^^^^^^^^^^^^^^^^^^^^^^^^^
> 77 |       </section>
     | ^^^^^^
  78 |
  79 |       {/* Story & Tips Section */}
  80 |       <section className="bg-surface-alt py-20 px-6 md:px-12 w-full mt-12 relative overflow-hidden">

Parsing ecmascript source code failed @ http://localhost:3000/_next/static/chunks/node_modules_next_dist_1gdrd03._.js:1945
[ 6805991ms] [ERROR] ./src/app/page.tsx:76:15
Expected '</', got 'jsx text'
  74 |             </div>
  75 |           </div>
> 76 |         </div>
     |               ^^^^^^^^^^^^^^^^^^^^^^^^^^^^^^^^^^^^^^^^^^^^^^^^^^^^^^^^^^^^^^^^^^^^^^^^^^^^^^^^^^^^^^^^^^^^^^^^^^^^^^^^^^^^^^^^^^^^^^^^^^^^^^^^^^^^^^^^^^^^^^^^^^^^^^^^^^^^^^^^^
> 77 |       </section>
     | ^^^^^^
  78 |
  79 |       {/* Story & Tips Section */}
  80 |       <section className="bg-surface-alt py-20 px-6 md:px-12 w-full mt-12 relative overflow-hidden">

Parsing ecmascript source code failed @ http://localhost:3000/_next/static/chunks/node_modules_next_dist_1gdrd03._.js:1945
[ 6806068ms] [ERROR] ./src/app/page.tsx:76:15
Expected '</', got 'jsx text'
  74 |             </div>
  75 |           </div>
> 76 |         </div>
     |               ^^^^^^^^^^^^^^^^^^^^^^^^^^^^^^^^^^^^^^^^^^^^^^^^^^^^^^^^^^^^^^^^^^^^^^^^^^^^^^^^^^^^^^^^^^^^^^^^^^^^^^^^^^^^^^^^^^^^^^^^^^^^^^^^^^^^^^^^^^^^^^^^^^^^^^^^^^^^^^^^^
> 77 |       </section>
     | ^^^^^^
  78 |
  79 |       {/* Story & Tips Section */}
  80 |       <section className="bg-surface-alt py-20 px-6 md:px-12 w-full mt-12 relative overflow-hidden">

Parsing ecmascript source code failed @ http://localhost:3000/_next/static/chunks/node_modules_next_dist_1gdrd03._.js:1945
[ 6806131ms] [ERROR] ./src/app/page.tsx:76:15
Expected '</', got 'jsx text'
  74 |             </div>
  75 |           </div>
> 76 |         </div>
     |               ^^^^^^^^^^^^^^^^^^^^^^^^^^^^^^^^^^^^^^^^^^^^^^^^^^^^^^^^^^^^^^^^^^^^^^^^^^^^^^^^^^^^^^^^^^^^^^^^^^^^^^^^^^^^^^^^^^^^^^^^^^^^^^^^^^^^^^^^^^^^^^^^^^^^^^^^^^^^^^^^^
> 77 |       </section>
     | ^^^^^^
  78 |
  79 |       {/* Story & Tips Section */}
  80 |       <section className="bg-surface-alt py-20 px-6 md:px-12 w-full mt-12 relative overflow-hidden">

Parsing ecmascript source code failed @ http://localhost:3000/_next/static/chunks/node_modules_next_dist_1gdrd03._.js:1945
[ 6806193ms] [ERROR] ./src/app/page.tsx:76:15
Expected '</', got 'jsx text'
  74 |             </div>
  75 |           </div>
> 76 |         </div>
     |               ^^^^^^^^^^^^^^^^^^^^^^^^^^^^^^^^^^^^^^^^^^^^^^^^^^^^^^^^^^^^^^^^^^^^^^^^^^^^^^^^^^^^^^^^^^^^^^^^^^^^^^^^^^^^^^^^^^^^^^^^^^^^^^^^^^^^^^^^^^^^^^^^^^^^^^^^^^^^^^^^^
> 77 |       </section>
     | ^^^^^^
  78 |
  79 |       {/* Story & Tips Section */}
  80 |       <section className="bg-surface-alt py-20 px-6 md:px-12 w-full mt-12 relative overflow-hidden">

Parsing ecmascript source code failed @ http://localhost:3000/_next/static/chunks/node_modules_next_dist_1gdrd03._.js:1945
[ 6806255ms] [ERROR] ./src/app/page.tsx:76:15
Expected '</', got 'jsx text'
  74 |             </div>
  75 |           </div>
> 76 |         </div>
     |               ^^^^^^^^^^^^^^^^^^^^^^^^^^^^^^^^^^^^^^^^^^^^^^^^^^^^^^^^^^^^^^^^^^^^^^^^^^^^^^^^^^^^^^^^^^^^^^^^^^^^^^^^^^^^^^^^^^^^^^^^^^^^^^^^^^^^^^^^^^^^^^^^^^^^^^^^^^^^^^^^^
> 77 |       </section>
     | ^^^^^^
  78 |
  79 |       {/* Story & Tips Section */}
  80 |       <section className="bg-surface-alt py-20 px-6 md:px-12 w-full mt-12 relative overflow-hidden">

Parsing ecmascript source code failed @ http://localhost:3000/_next/static/chunks/node_modules_next_dist_1gdrd03._.js:1945
[ 6806316ms] [ERROR] ./src/app/page.tsx:76:15
Expected '</', got 'jsx text'
  74 |             </div>
  75 |           </div>
> 76 |         </div>
     |               ^^^^^^^^^^^^^^^^^^^^^^^^^^^^^^^^^^^^^^^^^^^^^^^^^^^^^^^^^^^^^^^^^^^^^^^^^^^^^^^^^^^^^^^^^^^^^^^^^^^^^^^^^^^^^^^^^^^^^^^^^^^^^^^^^^^^^^^^^^^^^^^^^^^^^^^^^^^^^^^^^
> 77 |       </section>
     | ^^^^^^
  78 |
  79 |       {/* Story & Tips Section */}
  80 |       <section className="bg-surface-alt py-20 px-6 md:px-12 w-full mt-12 relative overflow-hidden">

Parsing ecmascript source code failed @ http://localhost:3000/_next/static/chunks/node_modules_next_dist_1gdrd03._.js:1945
[ 6806377ms] [ERROR] ./src/app/page.tsx:76:15
Expected '</', got 'jsx text'
  74 |             </div>
  75 |           </div>
> 76 |         </div>
     |               ^^^^^^^^^^^^^^^^^^^^^^^^^^^^^^^^^^^^^^^^^^^^^^^^^^^^^^^^^^^^^^^^^^^^^^^^^^^^^^^^^^^^^^^^^^^^^^^^^^^^^^^^^^^^^^^^^^^^^^^^^^^^^^^^^^^^^^^^^^^^^^^^^^^^^^^^^^^^^^^^^
> 77 |       </section>
     | ^^^^^^
  78 |
  79 |       {/* Story & Tips Section */}
  80 |       <section className="bg-surface-alt py-20 px-6 md:px-12 w-full mt-12 relative overflow-hidden">

Parsing ecmascript source code failed @ http://localhost:3000/_next/static/chunks/node_modules_next_dist_1gdrd03._.js:1945
[ 6806439ms] [ERROR] ./src/app/page.tsx:76:15
Expected '</', got 'jsx text'
  74 |             </div>
  75 |           </div>
> 76 |         </div>
     |               ^^^^^^^^^^^^^^^^^^^^^^^^^^^^^^^^^^^^^^^^^^^^^^^^^^^^^^^^^^^^^^^^^^^^^^^^^^^^^^^^^^^^^^^^^^^^^^^^^^^^^^^^^^^^^^^^^^^^^^^^^^^^^^^^^^^^^^^^^^^^^^^^^^^^^^^^^^^^^^^^^
> 77 |       </section>
     | ^^^^^^
  78 |
  79 |       {/* Story & Tips Section */}
  80 |       <section className="bg-surface-alt py-20 px-6 md:px-12 w-full mt-12 relative overflow-hidden">

Parsing ecmascript source code failed @ http://localhost:3000/_next/static/chunks/node_modules_next_dist_1gdrd03._.js:1945
[ 6806502ms] [ERROR] ./src/app/page.tsx:76:15
Expected '</', got 'jsx text'
  74 |             </div>
  75 |           </div>
> 76 |         </div>
     |               ^^^^^^^^^^^^^^^^^^^^^^^^^^^^^^^^^^^^^^^^^^^^^^^^^^^^^^^^^^^^^^^^^^^^^^^^^^^^^^^^^^^^^^^^^^^^^^^^^^^^^^^^^^^^^^^^^^^^^^^^^^^^^^^^^^^^^^^^^^^^^^^^^^^^^^^^^^^^^^^^^
> 77 |       </section>
     | ^^^^^^
  78 |
  79 |       {/* Story & Tips Section */}
  80 |       <section className="bg-surface-alt py-20 px-6 md:px-12 w-full mt-12 relative overflow-hidden">

Parsing ecmascript source code failed @ http://localhost:3000/_next/static/chunks/node_modules_next_dist_1gdrd03._.js:1945
[ 6806564ms] [ERROR] ./src/app/page.tsx:76:15
Expected '</', got 'jsx text'
  74 |             </div>
  75 |           </div>
> 76 |         </div>
     |               ^^^^^^^^^^^^^^^^^^^^^^^^^^^^^^^^^^^^^^^^^^^^^^^^^^^^^^^^^^^^^^^^^^^^^^^^^^^^^^^^^^^^^^^^^^^^^^^^^^^^^^^^^^^^^^^^^^^^^^^^^^^^^^^^^^^^^^^^^^^^^^^^^^^^^^^^^^^^^^^^^
> 77 |       </section>
     | ^^^^^^
  78 |
  79 |       {/* Story & Tips Section */}
  80 |       <section className="bg-surface-alt py-20 px-6 md:px-12 w-full mt-12 relative overflow-hidden">

Parsing ecmascript source code failed @ http://localhost:3000/_next/static/chunks/node_modules_next_dist_1gdrd03._.js:1945
[ 6806626ms] [ERROR] ./src/app/page.tsx:76:15
Expected '</', got 'jsx text'
  74 |             </div>
  75 |           </div>
> 76 |         </div>
     |               ^^^^^^^^^^^^^^^^^^^^^^^^^^^^^^^^^^^^^^^^^^^^^^^^^^^^^^^^^^^^^^^^^^^^^^^^^^^^^^^^^^^^^^^^^^^^^^^^^^^^^^^^^^^^^^^^^^^^^^^^^^^^^^^^^^^^^^^^^^^^^^^^^^^^^^^^^^^^^^^^^
> 77 |       </section>
     | ^^^^^^
  78 |
  79 |       {/* Story & Tips Section */}
  80 |       <section className="bg-surface-alt py-20 px-6 md:px-12 w-full mt-12 relative overflow-hidden">

Parsing ecmascript source code failed @ http://localhost:3000/_next/static/chunks/node_modules_next_dist_1gdrd03._.js:1945
[ 6806689ms] [ERROR] ./src/app/page.tsx:76:15
Expected '</', got 'jsx text'
  74 |             </div>
  75 |           </div>
> 76 |         </div>
     |               ^^^^^^^^^^^^^^^^^^^^^^^^^^^^^^^^^^^^^^^^^^^^^^^^^^^^^^^^^^^^^^^^^^^^^^^^^^^^^^^^^^^^^^^^^^^^^^^^^^^^^^^^^^^^^^^^^^^^^^^^^^^^^^^^^^^^^^^^^^^^^^^^^^^^^^^^^^^^^^^^^
> 77 |       </section>
     | ^^^^^^
  78 |
  79 |       {/* Story & Tips Section */}
  80 |       <section className="bg-surface-alt py-20 px-6 md:px-12 w-full mt-12 relative overflow-hidden">

Parsing ecmascript source code failed @ http://localhost:3000/_next/static/chunks/node_modules_next_dist_1gdrd03._.js:1945
[ 6806750ms] [ERROR] ./src/app/page.tsx:76:15
Expected '</', got 'jsx text'
  74 |             </div>
  75 |           </div>
> 76 |         </div>
     |               ^^^^^^^^^^^^^^^^^^^^^^^^^^^^^^^^^^^^^^^^^^^^^^^^^^^^^^^^^^^^^^^^^^^^^^^^^^^^^^^^^^^^^^^^^^^^^^^^^^^^^^^^^^^^^^^^^^^^^^^^^^^^^^^^^^^^^^^^^^^^^^^^^^^^^^^^^^^^^^^^^
> 77 |       </section>
     | ^^^^^^
  78 |
  79 |       {/* Story & Tips Section */}
  80 |       <section className="bg-surface-alt py-20 px-6 md:px-12 w-full mt-12 relative overflow-hidden">

Parsing ecmascript source code failed @ http://localhost:3000/_next/static/chunks/node_modules_next_dist_1gdrd03._.js:1945
[ 6806813ms] [ERROR] ./src/app/page.tsx:76:15
Expected '</', got 'jsx text'
  74 |             </div>
  75 |           </div>
> 76 |         </div>
     |               ^^^^^^^^^^^^^^^^^^^^^^^^^^^^^^^^^^^^^^^^^^^^^^^^^^^^^^^^^^^^^^^^^^^^^^^^^^^^^^^^^^^^^^^^^^^^^^^^^^^^^^^^^^^^^^^^^^^^^^^^^^^^^^^^^^^^^^^^^^^^^^^^^^^^^^^^^^^^^^^^^
> 77 |       </section>
     | ^^^^^^
  78 |
  79 |       {/* Story & Tips Section */}
  80 |       <section className="bg-surface-alt py-20 px-6 md:px-12 w-full mt-12 relative overflow-hidden">

Parsing ecmascript source code failed @ http://localhost:3000/_next/static/chunks/node_modules_next_dist_1gdrd03._.js:1945
[ 6806877ms] [ERROR] ./src/app/page.tsx:76:15
Expected '</', got 'jsx text'
  74 |             </div>
  75 |           </div>
> 76 |         </div>
     |               ^^^^^^^^^^^^^^^^^^^^^^^^^^^^^^^^^^^^^^^^^^^^^^^^^^^^^^^^^^^^^^^^^^^^^^^^^^^^^^^^^^^^^^^^^^^^^^^^^^^^^^^^^^^^^^^^^^^^^^^^^^^^^^^^^^^^^^^^^^^^^^^^^^^^^^^^^^^^^^^^^
> 77 |       </section>
     | ^^^^^^
  78 |
  79 |       {/* Story & Tips Section */}
  80 |       <section className="bg-surface-alt py-20 px-6 md:px-12 w-full mt-12 relative overflow-hidden">

Parsing ecmascript source code failed @ http://localhost:3000/_next/static/chunks/node_modules_next_dist_1gdrd03._.js:1945
[ 6806936ms] [ERROR] ./src/app/page.tsx:76:15
Expected '</', got 'jsx text'
  74 |             </div>
  75 |           </div>
> 76 |         </div>
     |               ^^^^^^^^^^^^^^^^^^^^^^^^^^^^^^^^^^^^^^^^^^^^^^^^^^^^^^^^^^^^^^^^^^^^^^^^^^^^^^^^^^^^^^^^^^^^^^^^^^^^^^^^^^^^^^^^^^^^^^^^^^^^^^^^^^^^^^^^^^^^^^^^^^^^^^^^^^^^^^^^^
> 77 |       </section>
     | ^^^^^^
  78 |
  79 |       {/* Story & Tips Section */}
  80 |       <section className="bg-surface-alt py-20 px-6 md:px-12 w-full mt-12 relative overflow-hidden">

Parsing ecmascript source code failed @ http://localhost:3000/_next/static/chunks/node_modules_next_dist_1gdrd03._.js:1945
[ 6806996ms] [ERROR] ./src/app/page.tsx:76:15
Expected '</', got 'jsx text'
  74 |             </div>
  75 |           </div>
> 76 |         </div>
     |               ^^^^^^^^^^^^^^^^^^^^^^^^^^^^^^^^^^^^^^^^^^^^^^^^^^^^^^^^^^^^^^^^^^^^^^^^^^^^^^^^^^^^^^^^^^^^^^^^^^^^^^^^^^^^^^^^^^^^^^^^^^^^^^^^^^^^^^^^^^^^^^^^^^^^^^^^^^^^^^^^^
> 77 |       </section>
     | ^^^^^^
  78 |
  79 |       {/* Story & Tips Section */}
  80 |       <section className="bg-surface-alt py-20 px-6 md:px-12 w-full mt-12 relative overflow-hidden">

Parsing ecmascript source code failed @ http://localhost:3000/_next/static/chunks/node_modules_next_dist_1gdrd03._.js:1945
[ 6807059ms] [ERROR] ./src/app/page.tsx:76:15
Expected '</', got 'jsx text'
  74 |             </div>
  75 |           </div>
> 76 |         </div>
     |               ^^^^^^^^^^^^^^^^^^^^^^^^^^^^^^^^^^^^^^^^^^^^^^^^^^^^^^^^^^^^^^^^^^^^^^^^^^^^^^^^^^^^^^^^^^^^^^^^^^^^^^^^^^^^^^^^^^^^^^^^^^^^^^^^^^^^^^^^^^^^^^^^^^^^^^^^^^^^^^^^^
> 77 |       </section>
     | ^^^^^^
  78 |
  79 |       {/* Story & Tips Section */}
  80 |       <section className="bg-surface-alt py-20 px-6 md:px-12 w-full mt-12 relative overflow-hidden">

Parsing ecmascript source code failed @ http://localhost:3000/_next/static/chunks/node_modules_next_dist_1gdrd03._.js:1945
[ 6807121ms] [ERROR] ./src/app/page.tsx:76:15
Expected '</', got 'jsx text'
  74 |             </div>
  75 |           </div>
> 76 |         </div>
     |               ^^^^^^^^^^^^^^^^^^^^^^^^^^^^^^^^^^^^^^^^^^^^^^^^^^^^^^^^^^^^^^^^^^^^^^^^^^^^^^^^^^^^^^^^^^^^^^^^^^^^^^^^^^^^^^^^^^^^^^^^^^^^^^^^^^^^^^^^^^^^^^^^^^^^^^^^^^^^^^^^^
> 77 |       </section>
     | ^^^^^^
  78 |
  79 |       {/* Story & Tips Section */}
  80 |       <section className="bg-surface-alt py-20 px-6 md:px-12 w-full mt-12 relative overflow-hidden">

Parsing ecmascript source code failed @ http://localhost:3000/_next/static/chunks/node_modules_next_dist_1gdrd03._.js:1945
[ 6807183ms] [ERROR] ./src/app/page.tsx:76:15
Expected '</', got 'jsx text'
  74 |             </div>
  75 |           </div>
> 76 |         </div>
     |               ^^^^^^^^^^^^^^^^^^^^^^^^^^^^^^^^^^^^^^^^^^^^^^^^^^^^^^^^^^^^^^^^^^^^^^^^^^^^^^^^^^^^^^^^^^^^^^^^^^^^^^^^^^^^^^^^^^^^^^^^^^^^^^^^^^^^^^^^^^^^^^^^^^^^^^^^^^^^^^^^^
> 77 |       </section>
     | ^^^^^^
  78 |
  79 |       {/* Story & Tips Section */}
  80 |       <section className="bg-surface-alt py-20 px-6 md:px-12 w-full mt-12 relative overflow-hidden">

Parsing ecmascript source code failed @ http://localhost:3000/_next/static/chunks/node_modules_next_dist_1gdrd03._.js:1945
[ 6807246ms] [ERROR] ./src/app/page.tsx:76:15
Expected '</', got 'jsx text'
  74 |             </div>
  75 |           </div>
> 76 |         </div>
     |               ^^^^^^^^^^^^^^^^^^^^^^^^^^^^^^^^^^^^^^^^^^^^^^^^^^^^^^^^^^^^^^^^^^^^^^^^^^^^^^^^^^^^^^^^^^^^^^^^^^^^^^^^^^^^^^^^^^^^^^^^^^^^^^^^^^^^^^^^^^^^^^^^^^^^^^^^^^^^^^^^^
> 77 |       </section>
     | ^^^^^^
  78 |
  79 |       {/* Story & Tips Section */}
  80 |       <section className="bg-surface-alt py-20 px-6 md:px-12 w-full mt-12 relative overflow-hidden">

Parsing ecmascript source code failed @ http://localhost:3000/_next/static/chunks/node_modules_next_dist_1gdrd03._.js:1945
[ 6807308ms] [ERROR] ./src/app/page.tsx:76:15
Expected '</', got 'jsx text'
  74 |             </div>
  75 |           </div>
> 76 |         </div>
     |               ^^^^^^^^^^^^^^^^^^^^^^^^^^^^^^^^^^^^^^^^^^^^^^^^^^^^^^^^^^^^^^^^^^^^^^^^^^^^^^^^^^^^^^^^^^^^^^^^^^^^^^^^^^^^^^^^^^^^^^^^^^^^^^^^^^^^^^^^^^^^^^^^^^^^^^^^^^^^^^^^^
> 77 |       </section>
     | ^^^^^^
  78 |
  79 |       {/* Story & Tips Section */}
  80 |       <section className="bg-surface-alt py-20 px-6 md:px-12 w-full mt-12 relative overflow-hidden">

Parsing ecmascript source code failed @ http://localhost:3000/_next/static/chunks/node_modules_next_dist_1gdrd03._.js:1945
[ 6807371ms] [ERROR] ./src/app/page.tsx:76:15
Expected '</', got 'jsx text'
  74 |             </div>
  75 |           </div>
> 76 |         </div>
     |               ^^^^^^^^^^^^^^^^^^^^^^^^^^^^^^^^^^^^^^^^^^^^^^^^^^^^^^^^^^^^^^^^^^^^^^^^^^^^^^^^^^^^^^^^^^^^^^^^^^^^^^^^^^^^^^^^^^^^^^^^^^^^^^^^^^^^^^^^^^^^^^^^^^^^^^^^^^^^^^^^^
> 77 |       </section>
     | ^^^^^^
  78 |
  79 |       {/* Story & Tips Section */}
  80 |       <section className="bg-surface-alt py-20 px-6 md:px-12 w-full mt-12 relative overflow-hidden">

Parsing ecmascript source code failed @ http://localhost:3000/_next/static/chunks/node_modules_next_dist_1gdrd03._.js:1945
[ 6807434ms] [ERROR] ./src/app/page.tsx:76:15
Expected '</', got 'jsx text'
  74 |             </div>
  75 |           </div>
> 76 |         </div>
     |               ^^^^^^^^^^^^^^^^^^^^^^^^^^^^^^^^^^^^^^^^^^^^^^^^^^^^^^^^^^^^^^^^^^^^^^^^^^^^^^^^^^^^^^^^^^^^^^^^^^^^^^^^^^^^^^^^^^^^^^^^^^^^^^^^^^^^^^^^^^^^^^^^^^^^^^^^^^^^^^^^^
> 77 |       </section>
     | ^^^^^^
  78 |
  79 |       {/* Story & Tips Section */}
  80 |       <section className="bg-surface-alt py-20 px-6 md:px-12 w-full mt-12 relative overflow-hidden">

Parsing ecmascript source code failed @ http://localhost:3000/_next/static/chunks/node_modules_next_dist_1gdrd03._.js:1945
[ 6807496ms] [ERROR] ./src/app/page.tsx:76:15
Expected '</', got 'jsx text'
  74 |             </div>
  75 |           </div>
> 76 |         </div>
     |               ^^^^^^^^^^^^^^^^^^^^^^^^^^^^^^^^^^^^^^^^^^^^^^^^^^^^^^^^^^^^^^^^^^^^^^^^^^^^^^^^^^^^^^^^^^^^^^^^^^^^^^^^^^^^^^^^^^^^^^^^^^^^^^^^^^^^^^^^^^^^^^^^^^^^^^^^^^^^^^^^^
> 77 |       </section>
     | ^^^^^^
  78 |
  79 |       {/* Story & Tips Section */}
  80 |       <section className="bg-surface-alt py-20 px-6 md:px-12 w-full mt-12 relative overflow-hidden">

Parsing ecmascript source code failed @ http://localhost:3000/_next/static/chunks/node_modules_next_dist_1gdrd03._.js:1945
[ 6807560ms] [ERROR] ./src/app/page.tsx:76:15
Expected '</', got 'jsx text'
  74 |             </div>
  75 |           </div>
> 76 |         </div>
     |               ^^^^^^^^^^^^^^^^^^^^^^^^^^^^^^^^^^^^^^^^^^^^^^^^^^^^^^^^^^^^^^^^^^^^^^^^^^^^^^^^^^^^^^^^^^^^^^^^^^^^^^^^^^^^^^^^^^^^^^^^^^^^^^^^^^^^^^^^^^^^^^^^^^^^^^^^^^^^^^^^^
> 77 |       </section>
     | ^^^^^^
  78 |
  79 |       {/* Story & Tips Section */}
  80 |       <section className="bg-surface-alt py-20 px-6 md:px-12 w-full mt-12 relative overflow-hidden">

Parsing ecmascript source code failed @ http://localhost:3000/_next/static/chunks/node_modules_next_dist_1gdrd03._.js:1945
[ 6807620ms] [ERROR] ./src/app/page.tsx:76:15
Expected '</', got 'jsx text'
  74 |             </div>
  75 |           </div>
> 76 |         </div>
     |               ^^^^^^^^^^^^^^^^^^^^^^^^^^^^^^^^^^^^^^^^^^^^^^^^^^^^^^^^^^^^^^^^^^^^^^^^^^^^^^^^^^^^^^^^^^^^^^^^^^^^^^^^^^^^^^^^^^^^^^^^^^^^^^^^^^^^^^^^^^^^^^^^^^^^^^^^^^^^^^^^^
> 77 |       </section>
     | ^^^^^^
  78 |
  79 |       {/* Story & Tips Section */}
  80 |       <section className="bg-surface-alt py-20 px-6 md:px-12 w-full mt-12 relative overflow-hidden">

Parsing ecmascript source code failed @ http://localhost:3000/_next/static/chunks/node_modules_next_dist_1gdrd03._.js:1945
[ 6807681ms] [ERROR] ./src/app/page.tsx:76:15
Expected '</', got 'jsx text'
  74 |             </div>
  75 |           </div>
> 76 |         </div>
     |               ^^^^^^^^^^^^^^^^^^^^^^^^^^^^^^^^^^^^^^^^^^^^^^^^^^^^^^^^^^^^^^^^^^^^^^^^^^^^^^^^^^^^^^^^^^^^^^^^^^^^^^^^^^^^^^^^^^^^^^^^^^^^^^^^^^^^^^^^^^^^^^^^^^^^^^^^^^^^^^^^^
> 77 |       </section>
     | ^^^^^^
  78 |
  79 |       {/* Story & Tips Section */}
  80 |       <section className="bg-surface-alt py-20 px-6 md:px-12 w-full mt-12 relative overflow-hidden">

Parsing ecmascript source code failed @ http://localhost:3000/_next/static/chunks/node_modules_next_dist_1gdrd03._.js:1945
[ 6807744ms] [ERROR] ./src/app/page.tsx:76:15
Expected '</', got 'jsx text'
  74 |             </div>
  75 |           </div>
> 76 |         </div>
     |               ^^^^^^^^^^^^^^^^^^^^^^^^^^^^^^^^^^^^^^^^^^^^^^^^^^^^^^^^^^^^^^^^^^^^^^^^^^^^^^^^^^^^^^^^^^^^^^^^^^^^^^^^^^^^^^^^^^^^^^^^^^^^^^^^^^^^^^^^^^^^^^^^^^^^^^^^^^^^^^^^^
> 77 |       </section>
     | ^^^^^^
  78 |
  79 |       {/* Story & Tips Section */}
  80 |       <section className="bg-surface-alt py-20 px-6 md:px-12 w-full mt-12 relative overflow-hidden">

Parsing ecmascript source code failed @ http://localhost:3000/_next/static/chunks/node_modules_next_dist_1gdrd03._.js:1945
[ 6807805ms] [ERROR] ./src/app/page.tsx:76:15
Expected '</', got 'jsx text'
  74 |             </div>
  75 |           </div>
> 76 |         </div>
     |               ^^^^^^^^^^^^^^^^^^^^^^^^^^^^^^^^^^^^^^^^^^^^^^^^^^^^^^^^^^^^^^^^^^^^^^^^^^^^^^^^^^^^^^^^^^^^^^^^^^^^^^^^^^^^^^^^^^^^^^^^^^^^^^^^^^^^^^^^^^^^^^^^^^^^^^^^^^^^^^^^^
> 77 |       </section>
     | ^^^^^^
  78 |
  79 |       {/* Story & Tips Section */}
  80 |       <section className="bg-surface-alt py-20 px-6 md:px-12 w-full mt-12 relative overflow-hidden">

Parsing ecmascript source code failed @ http://localhost:3000/_next/static/chunks/node_modules_next_dist_1gdrd03._.js:1945
[ 6807869ms] [ERROR] ./src/app/page.tsx:76:15
Expected '</', got 'jsx text'
  74 |             </div>
  75 |           </div>
> 76 |         </div>
     |               ^^^^^^^^^^^^^^^^^^^^^^^^^^^^^^^^^^^^^^^^^^^^^^^^^^^^^^^^^^^^^^^^^^^^^^^^^^^^^^^^^^^^^^^^^^^^^^^^^^^^^^^^^^^^^^^^^^^^^^^^^^^^^^^^^^^^^^^^^^^^^^^^^^^^^^^^^^^^^^^^^
> 77 |       </section>
     | ^^^^^^
  78 |
  79 |       {/* Story & Tips Section */}
  80 |       <section className="bg-surface-alt py-20 px-6 md:px-12 w-full mt-12 relative overflow-hidden">

Parsing ecmascript source code failed @ http://localhost:3000/_next/static/chunks/node_modules_next_dist_1gdrd03._.js:1945
[ 6807929ms] [ERROR] ./src/app/page.tsx:76:15
Expected '</', got 'jsx text'
  74 |             </div>
  75 |           </div>
> 76 |         </div>
     |               ^^^^^^^^^^^^^^^^^^^^^^^^^^^^^^^^^^^^^^^^^^^^^^^^^^^^^^^^^^^^^^^^^^^^^^^^^^^^^^^^^^^^^^^^^^^^^^^^^^^^^^^^^^^^^^^^^^^^^^^^^^^^^^^^^^^^^^^^^^^^^^^^^^^^^^^^^^^^^^^^^
> 77 |       </section>
     | ^^^^^^
  78 |
  79 |       {/* Story & Tips Section */}
  80 |       <section className="bg-surface-alt py-20 px-6 md:px-12 w-full mt-12 relative overflow-hidden">

Parsing ecmascript source code failed @ http://localhost:3000/_next/static/chunks/node_modules_next_dist_1gdrd03._.js:1945
[ 6807990ms] [ERROR] ./src/app/page.tsx:76:15
Expected '</', got 'jsx text'
  74 |             </div>
  75 |           </div>
> 76 |         </div>
     |               ^^^^^^^^^^^^^^^^^^^^^^^^^^^^^^^^^^^^^^^^^^^^^^^^^^^^^^^^^^^^^^^^^^^^^^^^^^^^^^^^^^^^^^^^^^^^^^^^^^^^^^^^^^^^^^^^^^^^^^^^^^^^^^^^^^^^^^^^^^^^^^^^^^^^^^^^^^^^^^^^^
> 77 |       </section>
     | ^^^^^^
  78 |
  79 |       {/* Story & Tips Section */}
  80 |       <section className="bg-surface-alt py-20 px-6 md:px-12 w-full mt-12 relative overflow-hidden">

Parsing ecmascript source code failed @ http://localhost:3000/_next/static/chunks/node_modules_next_dist_1gdrd03._.js:1945
[ 6808052ms] [ERROR] ./src/app/page.tsx:76:15
Expected '</', got 'jsx text'
  74 |             </div>
  75 |           </div>
> 76 |         </div>
     |               ^^^^^^^^^^^^^^^^^^^^^^^^^^^^^^^^^^^^^^^^^^^^^^^^^^^^^^^^^^^^^^^^^^^^^^^^^^^^^^^^^^^^^^^^^^^^^^^^^^^^^^^^^^^^^^^^^^^^^^^^^^^^^^^^^^^^^^^^^^^^^^^^^^^^^^^^^^^^^^^^^
> 77 |       </section>
     | ^^^^^^
  78 |
  79 |       {/* Story & Tips Section */}
  80 |       <section className="bg-surface-alt py-20 px-6 md:px-12 w-full mt-12 relative overflow-hidden">

Parsing ecmascript source code failed @ http://localhost:3000/_next/static/chunks/node_modules_next_dist_1gdrd03._.js:1945
[ 6808114ms] [ERROR] ./src/app/page.tsx:76:15
Expected '</', got 'jsx text'
  74 |             </div>
  75 |           </div>
> 76 |         </div>
     |               ^^^^^^^^^^^^^^^^^^^^^^^^^^^^^^^^^^^^^^^^^^^^^^^^^^^^^^^^^^^^^^^^^^^^^^^^^^^^^^^^^^^^^^^^^^^^^^^^^^^^^^^^^^^^^^^^^^^^^^^^^^^^^^^^^^^^^^^^^^^^^^^^^^^^^^^^^^^^^^^^^
> 77 |       </section>
     | ^^^^^^
  78 |
  79 |       {/* Story & Tips Section */}
  80 |       <section className="bg-surface-alt py-20 px-6 md:px-12 w-full mt-12 relative overflow-hidden">

Parsing ecmascript source code failed @ http://localhost:3000/_next/static/chunks/node_modules_next_dist_1gdrd03._.js:1945
[ 6808179ms] [ERROR] ./src/app/page.tsx:76:15
Expected '</', got 'jsx text'
  74 |             </div>
  75 |           </div>
> 76 |         </div>
     |               ^^^^^^^^^^^^^^^^^^^^^^^^^^^^^^^^^^^^^^^^^^^^^^^^^^^^^^^^^^^^^^^^^^^^^^^^^^^^^^^^^^^^^^^^^^^^^^^^^^^^^^^^^^^^^^^^^^^^^^^^^^^^^^^^^^^^^^^^^^^^^^^^^^^^^^^^^^^^^^^^^
> 77 |       </section>
     | ^^^^^^
  78 |
  79 |       {/* Story & Tips Section */}
  80 |       <section className="bg-surface-alt py-20 px-6 md:px-12 w-full mt-12 relative overflow-hidden">

Parsing ecmascript source code failed @ http://localhost:3000/_next/static/chunks/node_modules_next_dist_1gdrd03._.js:1945
[ 6808239ms] [ERROR] ./src/app/page.tsx:76:15
Expected '</', got 'jsx text'
  74 |             </div>
  75 |           </div>
> 76 |         </div>
     |               ^^^^^^^^^^^^^^^^^^^^^^^^^^^^^^^^^^^^^^^^^^^^^^^^^^^^^^^^^^^^^^^^^^^^^^^^^^^^^^^^^^^^^^^^^^^^^^^^^^^^^^^^^^^^^^^^^^^^^^^^^^^^^^^^^^^^^^^^^^^^^^^^^^^^^^^^^^^^^^^^^
> 77 |       </section>
     | ^^^^^^
  78 |
  79 |       {/* Story & Tips Section */}
  80 |       <section className="bg-surface-alt py-20 px-6 md:px-12 w-full mt-12 relative overflow-hidden">

Parsing ecmascript source code failed @ http://localhost:3000/_next/static/chunks/node_modules_next_dist_1gdrd03._.js:1945
[ 6808301ms] [ERROR] ./src/app/page.tsx:76:15
Expected '</', got 'jsx text'
  74 |             </div>
  75 |           </div>
> 76 |         </div>
     |               ^^^^^^^^^^^^^^^^^^^^^^^^^^^^^^^^^^^^^^^^^^^^^^^^^^^^^^^^^^^^^^^^^^^^^^^^^^^^^^^^^^^^^^^^^^^^^^^^^^^^^^^^^^^^^^^^^^^^^^^^^^^^^^^^^^^^^^^^^^^^^^^^^^^^^^^^^^^^^^^^^
> 77 |       </section>
     | ^^^^^^
  78 |
  79 |       {/* Story & Tips Section */}
  80 |       <section className="bg-surface-alt py-20 px-6 md:px-12 w-full mt-12 relative overflow-hidden">

Parsing ecmascript source code failed @ http://localhost:3000/_next/static/chunks/node_modules_next_dist_1gdrd03._.js:1945
[ 6808364ms] [ERROR] ./src/app/page.tsx:76:15
Expected '</', got 'jsx text'
  74 |             </div>
  75 |           </div>
> 76 |         </div>
     |               ^^^^^^^^^^^^^^^^^^^^^^^^^^^^^^^^^^^^^^^^^^^^^^^^^^^^^^^^^^^^^^^^^^^^^^^^^^^^^^^^^^^^^^^^^^^^^^^^^^^^^^^^^^^^^^^^^^^^^^^^^^^^^^^^^^^^^^^^^^^^^^^^^^^^^^^^^^^^^^^^^
> 77 |       </section>
     | ^^^^^^
  78 |
  79 |       {/* Story & Tips Section */}
  80 |       <section className="bg-surface-alt py-20 px-6 md:px-12 w-full mt-12 relative overflow-hidden">

Parsing ecmascript source code failed @ http://localhost:3000/_next/static/chunks/node_modules_next_dist_1gdrd03._.js:1945
[ 6808427ms] [ERROR] ./src/app/page.tsx:76:15
Expected '</', got 'jsx text'
  74 |             </div>
  75 |           </div>
> 76 |         </div>
     |               ^^^^^^^^^^^^^^^^^^^^^^^^^^^^^^^^^^^^^^^^^^^^^^^^^^^^^^^^^^^^^^^^^^^^^^^^^^^^^^^^^^^^^^^^^^^^^^^^^^^^^^^^^^^^^^^^^^^^^^^^^^^^^^^^^^^^^^^^^^^^^^^^^^^^^^^^^^^^^^^^^
> 77 |       </section>
     | ^^^^^^
  78 |
  79 |       {/* Story & Tips Section */}
  80 |       <section className="bg-surface-alt py-20 px-6 md:px-12 w-full mt-12 relative overflow-hidden">

Parsing ecmascript source code failed @ http://localhost:3000/_next/static/chunks/node_modules_next_dist_1gdrd03._.js:1945
[ 6808489ms] [ERROR] ./src/app/page.tsx:76:15
Expected '</', got 'jsx text'
  74 |             </div>
  75 |           </div>
> 76 |         </div>
     |               ^^^^^^^^^^^^^^^^^^^^^^^^^^^^^^^^^^^^^^^^^^^^^^^^^^^^^^^^^^^^^^^^^^^^^^^^^^^^^^^^^^^^^^^^^^^^^^^^^^^^^^^^^^^^^^^^^^^^^^^^^^^^^^^^^^^^^^^^^^^^^^^^^^^^^^^^^^^^^^^^^
> 77 |       </section>
     | ^^^^^^
  78 |
  79 |       {/* Story & Tips Section */}
  80 |       <section className="bg-surface-alt py-20 px-6 md:px-12 w-full mt-12 relative overflow-hidden">

Parsing ecmascript source code failed @ http://localhost:3000/_next/static/chunks/node_modules_next_dist_1gdrd03._.js:1945
[ 6808563ms] [ERROR] ./src/app/page.tsx:76:15
Expected '</', got 'jsx text'
  74 |             </div>
  75 |           </div>
> 76 |         </div>
     |               ^^^^^^^^^^^^^^^^^^^^^^^^^^^^^^^^^^^^^^^^^^^^^^^^^^^^^^^^^^^^^^^^^^^^^^^^^^^^^^^^^^^^^^^^^^^^^^^^^^^^^^^^^^^^^^^^^^^^^^^^^^^^^^^^^^^^^^^^^^^^^^^^^^^^^^^^^^^^^^^^^
> 77 |       </section>
     | ^^^^^^
  78 |
  79 |       {/* Story & Tips Section */}
  80 |       <section className="bg-surface-alt py-20 px-6 md:px-12 w-full mt-12 relative overflow-hidden">

Parsing ecmascript source code failed @ http://localhost:3000/_next/static/chunks/node_modules_next_dist_1gdrd03._.js:1945
[ 6808627ms] [ERROR] ./src/app/page.tsx:76:15
Expected '</', got 'jsx text'
  74 |             </div>
  75 |           </div>
> 76 |         </div>
     |               ^^^^^^^^^^^^^^^^^^^^^^^^^^^^^^^^^^^^^^^^^^^^^^^^^^^^^^^^^^^^^^^^^^^^^^^^^^^^^^^^^^^^^^^^^^^^^^^^^^^^^^^^^^^^^^^^^^^^^^^^^^^^^^^^^^^^^^^^^^^^^^^^^^^^^^^^^^^^^^^^^
> 77 |       </section>
     | ^^^^^^
  78 |
  79 |       {/* Story & Tips Section */}
  80 |       <section className="bg-surface-alt py-20 px-6 md:px-12 w-full mt-12 relative overflow-hidden">

Parsing ecmascript source code failed @ http://localhost:3000/_next/static/chunks/node_modules_next_dist_1gdrd03._.js:1945
[ 6808691ms] [ERROR] ./src/app/page.tsx:76:15
Expected '</', got 'jsx text'
  74 |             </div>
  75 |           </div>
> 76 |         </div>
     |               ^^^^^^^^^^^^^^^^^^^^^^^^^^^^^^^^^^^^^^^^^^^^^^^^^^^^^^^^^^^^^^^^^^^^^^^^^^^^^^^^^^^^^^^^^^^^^^^^^^^^^^^^^^^^^^^^^^^^^^^^^^^^^^^^^^^^^^^^^^^^^^^^^^^^^^^^^^^^^^^^^
> 77 |       </section>
     | ^^^^^^
  78 |
  79 |       {/* Story & Tips Section */}
  80 |       <section className="bg-surface-alt py-20 px-6 md:px-12 w-full mt-12 relative overflow-hidden">

Parsing ecmascript source code failed @ http://localhost:3000/_next/static/chunks/node_modules_next_dist_1gdrd03._.js:1945
[ 6808756ms] [ERROR] ./src/app/page.tsx:76:15
Expected '</', got 'jsx text'
  74 |             </div>
  75 |           </div>
> 76 |         </div>
     |               ^^^^^^^^^^^^^^^^^^^^^^^^^^^^^^^^^^^^^^^^^^^^^^^^^^^^^^^^^^^^^^^^^^^^^^^^^^^^^^^^^^^^^^^^^^^^^^^^^^^^^^^^^^^^^^^^^^^^^^^^^^^^^^^^^^^^^^^^^^^^^^^^^^^^^^^^^^^^^^^^^
> 77 |       </section>
     | ^^^^^^
  78 |
  79 |       {/* Story & Tips Section */}
  80 |       <section className="bg-surface-alt py-20 px-6 md:px-12 w-full mt-12 relative overflow-hidden">

Parsing ecmascript source code failed @ http://localhost:3000/_next/static/chunks/node_modules_next_dist_1gdrd03._.js:1945
[ 6808816ms] [ERROR] ./src/app/page.tsx:76:15
Expected '</', got 'jsx text'
  74 |             </div>
  75 |           </div>
> 76 |         </div>
     |               ^^^^^^^^^^^^^^^^^^^^^^^^^^^^^^^^^^^^^^^^^^^^^^^^^^^^^^^^^^^^^^^^^^^^^^^^^^^^^^^^^^^^^^^^^^^^^^^^^^^^^^^^^^^^^^^^^^^^^^^^^^^^^^^^^^^^^^^^^^^^^^^^^^^^^^^^^^^^^^^^^
> 77 |       </section>
     | ^^^^^^
  78 |
  79 |       {/* Story & Tips Section */}
  80 |       <section className="bg-surface-alt py-20 px-6 md:px-12 w-full mt-12 relative overflow-hidden">

Parsing ecmascript source code failed @ http://localhost:3000/_next/static/chunks/node_modules_next_dist_1gdrd03._.js:1945
[ 6808879ms] [ERROR] ./src/app/page.tsx:76:15
Expected '</', got 'jsx text'
  74 |             </div>
  75 |           </div>
> 76 |         </div>
     |               ^^^^^^^^^^^^^^^^^^^^^^^^^^^^^^^^^^^^^^^^^^^^^^^^^^^^^^^^^^^^^^^^^^^^^^^^^^^^^^^^^^^^^^^^^^^^^^^^^^^^^^^^^^^^^^^^^^^^^^^^^^^^^^^^^^^^^^^^^^^^^^^^^^^^^^^^^^^^^^^^^
> 77 |       </section>
     | ^^^^^^
  78 |
  79 |       {/* Story & Tips Section */}
  80 |       <section className="bg-surface-alt py-20 px-6 md:px-12 w-full mt-12 relative overflow-hidden">

Parsing ecmascript source code failed @ http://localhost:3000/_next/static/chunks/node_modules_next_dist_1gdrd03._.js:1945
[ 6808941ms] [ERROR] ./src/app/page.tsx:76:15
Expected '</', got 'jsx text'
  74 |             </div>
  75 |           </div>
> 76 |         </div>
     |               ^^^^^^^^^^^^^^^^^^^^^^^^^^^^^^^^^^^^^^^^^^^^^^^^^^^^^^^^^^^^^^^^^^^^^^^^^^^^^^^^^^^^^^^^^^^^^^^^^^^^^^^^^^^^^^^^^^^^^^^^^^^^^^^^^^^^^^^^^^^^^^^^^^^^^^^^^^^^^^^^^
> 77 |       </section>
     | ^^^^^^
  78 |
  79 |       {/* Story & Tips Section */}
  80 |       <section className="bg-surface-alt py-20 px-6 md:px-12 w-full mt-12 relative overflow-hidden">

Parsing ecmascript source code failed @ http://localhost:3000/_next/static/chunks/node_modules_next_dist_1gdrd03._.js:1945
[ 6809004ms] [ERROR] ./src/app/page.tsx:76:15
Expected '</', got 'jsx text'
  74 |             </div>
  75 |           </div>
> 76 |         </div>
     |               ^^^^^^^^^^^^^^^^^^^^^^^^^^^^^^^^^^^^^^^^^^^^^^^^^^^^^^^^^^^^^^^^^^^^^^^^^^^^^^^^^^^^^^^^^^^^^^^^^^^^^^^^^^^^^^^^^^^^^^^^^^^^^^^^^^^^^^^^^^^^^^^^^^^^^^^^^^^^^^^^^
> 77 |       </section>
     | ^^^^^^
  78 |
  79 |       {/* Story & Tips Section */}
  80 |       <section className="bg-surface-alt py-20 px-6 md:px-12 w-full mt-12 relative overflow-hidden">

Parsing ecmascript source code failed @ http://localhost:3000/_next/static/chunks/node_modules_next_dist_1gdrd03._.js:1945
[ 6809067ms] [ERROR] ./src/app/page.tsx:76:15
Expected '</', got 'jsx text'
  74 |             </div>
  75 |           </div>
> 76 |         </div>
     |               ^^^^^^^^^^^^^^^^^^^^^^^^^^^^^^^^^^^^^^^^^^^^^^^^^^^^^^^^^^^^^^^^^^^^^^^^^^^^^^^^^^^^^^^^^^^^^^^^^^^^^^^^^^^^^^^^^^^^^^^^^^^^^^^^^^^^^^^^^^^^^^^^^^^^^^^^^^^^^^^^^
> 77 |       </section>
     | ^^^^^^
  78 |
  79 |       {/* Story & Tips Section */}
  80 |       <section className="bg-surface-alt py-20 px-6 md:px-12 w-full mt-12 relative overflow-hidden">

Parsing ecmascript source code failed @ http://localhost:3000/_next/static/chunks/node_modules_next_dist_1gdrd03._.js:1945
[ 6809129ms] [ERROR] ./src/app/page.tsx:76:15
Expected '</', got 'jsx text'
  74 |             </div>
  75 |           </div>
> 76 |         </div>
     |               ^^^^^^^^^^^^^^^^^^^^^^^^^^^^^^^^^^^^^^^^^^^^^^^^^^^^^^^^^^^^^^^^^^^^^^^^^^^^^^^^^^^^^^^^^^^^^^^^^^^^^^^^^^^^^^^^^^^^^^^^^^^^^^^^^^^^^^^^^^^^^^^^^^^^^^^^^^^^^^^^^
> 77 |       </section>
     | ^^^^^^
  78 |
  79 |       {/* Story & Tips Section */}
  80 |       <section className="bg-surface-alt py-20 px-6 md:px-12 w-full mt-12 relative overflow-hidden">

Parsing ecmascript source code failed @ http://localhost:3000/_next/static/chunks/node_modules_next_dist_1gdrd03._.js:1945
[ 6809193ms] [ERROR] ./src/app/page.tsx:76:15
Expected '</', got 'jsx text'
  74 |             </div>
  75 |           </div>
> 76 |         </div>
     |               ^^^^^^^^^^^^^^^^^^^^^^^^^^^^^^^^^^^^^^^^^^^^^^^^^^^^^^^^^^^^^^^^^^^^^^^^^^^^^^^^^^^^^^^^^^^^^^^^^^^^^^^^^^^^^^^^^^^^^^^^^^^^^^^^^^^^^^^^^^^^^^^^^^^^^^^^^^^^^^^^^
> 77 |       </section>
     | ^^^^^^
  78 |
  79 |       {/* Story & Tips Section */}
  80 |       <section className="bg-surface-alt py-20 px-6 md:px-12 w-full mt-12 relative overflow-hidden">

Parsing ecmascript source code failed @ http://localhost:3000/_next/static/chunks/node_modules_next_dist_1gdrd03._.js:1945
[ 6809252ms] [ERROR] ./src/app/page.tsx:76:15
Expected '</', got 'jsx text'
  74 |             </div>
  75 |           </div>
> 76 |         </div>
     |               ^^^^^^^^^^^^^^^^^^^^^^^^^^^^^^^^^^^^^^^^^^^^^^^^^^^^^^^^^^^^^^^^^^^^^^^^^^^^^^^^^^^^^^^^^^^^^^^^^^^^^^^^^^^^^^^^^^^^^^^^^^^^^^^^^^^^^^^^^^^^^^^^^^^^^^^^^^^^^^^^^
> 77 |       </section>
     | ^^^^^^
  78 |
  79 |       {/* Story & Tips Section */}
  80 |       <section className="bg-surface-alt py-20 px-6 md:px-12 w-full mt-12 relative overflow-hidden">

Parsing ecmascript source code failed @ http://localhost:3000/_next/static/chunks/node_modules_next_dist_1gdrd03._.js:1945
[ 6809315ms] [ERROR] ./src/app/page.tsx:76:15
Expected '</', got 'jsx text'
  74 |             </div>
  75 |           </div>
> 76 |         </div>
     |               ^^^^^^^^^^^^^^^^^^^^^^^^^^^^^^^^^^^^^^^^^^^^^^^^^^^^^^^^^^^^^^^^^^^^^^^^^^^^^^^^^^^^^^^^^^^^^^^^^^^^^^^^^^^^^^^^^^^^^^^^^^^^^^^^^^^^^^^^^^^^^^^^^^^^^^^^^^^^^^^^^
> 77 |       </section>
     | ^^^^^^
  78 |
  79 |       {/* Story & Tips Section */}
  80 |       <section className="bg-surface-alt py-20 px-6 md:px-12 w-full mt-12 relative overflow-hidden">

Parsing ecmascript source code failed @ http://localhost:3000/_next/static/chunks/node_modules_next_dist_1gdrd03._.js:1945
[ 6809377ms] [ERROR] ./src/app/page.tsx:76:15
Expected '</', got 'jsx text'
  74 |             </div>
  75 |           </div>
> 76 |         </div>
     |               ^^^^^^^^^^^^^^^^^^^^^^^^^^^^^^^^^^^^^^^^^^^^^^^^^^^^^^^^^^^^^^^^^^^^^^^^^^^^^^^^^^^^^^^^^^^^^^^^^^^^^^^^^^^^^^^^^^^^^^^^^^^^^^^^^^^^^^^^^^^^^^^^^^^^^^^^^^^^^^^^^
> 77 |       </section>
     | ^^^^^^
  78 |
  79 |       {/* Story & Tips Section */}
  80 |       <section className="bg-surface-alt py-20 px-6 md:px-12 w-full mt-12 relative overflow-hidden">

Parsing ecmascript source code failed @ http://localhost:3000/_next/static/chunks/node_modules_next_dist_1gdrd03._.js:1945
[ 6809440ms] [ERROR] ./src/app/page.tsx:76:15
Expected '</', got 'jsx text'
  74 |             </div>
  75 |           </div>
> 76 |         </div>
     |               ^^^^^^^^^^^^^^^^^^^^^^^^^^^^^^^^^^^^^^^^^^^^^^^^^^^^^^^^^^^^^^^^^^^^^^^^^^^^^^^^^^^^^^^^^^^^^^^^^^^^^^^^^^^^^^^^^^^^^^^^^^^^^^^^^^^^^^^^^^^^^^^^^^^^^^^^^^^^^^^^^
> 77 |       </section>
     | ^^^^^^
  78 |
  79 |       {/* Story & Tips Section */}
  80 |       <section className="bg-surface-alt py-20 px-6 md:px-12 w-full mt-12 relative overflow-hidden">

Parsing ecmascript source code failed @ http://localhost:3000/_next/static/chunks/node_modules_next_dist_1gdrd03._.js:1945
[ 6809503ms] [ERROR] ./src/app/page.tsx:76:15
Expected '</', got 'jsx text'
  74 |             </div>
  75 |           </div>
> 76 |         </div>
     |               ^^^^^^^^^^^^^^^^^^^^^^^^^^^^^^^^^^^^^^^^^^^^^^^^^^^^^^^^^^^^^^^^^^^^^^^^^^^^^^^^^^^^^^^^^^^^^^^^^^^^^^^^^^^^^^^^^^^^^^^^^^^^^^^^^^^^^^^^^^^^^^^^^^^^^^^^^^^^^^^^^
> 77 |       </section>
     | ^^^^^^
  78 |
  79 |       {/* Story & Tips Section */}
  80 |       <section className="bg-surface-alt py-20 px-6 md:px-12 w-full mt-12 relative overflow-hidden">

Parsing ecmascript source code failed @ http://localhost:3000/_next/static/chunks/node_modules_next_dist_1gdrd03._.js:1945
[ 6809565ms] [ERROR] ./src/app/page.tsx:76:15
Expected '</', got 'jsx text'
  74 |             </div>
  75 |           </div>
> 76 |         </div>
     |               ^^^^^^^^^^^^^^^^^^^^^^^^^^^^^^^^^^^^^^^^^^^^^^^^^^^^^^^^^^^^^^^^^^^^^^^^^^^^^^^^^^^^^^^^^^^^^^^^^^^^^^^^^^^^^^^^^^^^^^^^^^^^^^^^^^^^^^^^^^^^^^^^^^^^^^^^^^^^^^^^^
> 77 |       </section>
     | ^^^^^^
  78 |
  79 |       {/* Story & Tips Section */}
  80 |       <section className="bg-surface-alt py-20 px-6 md:px-12 w-full mt-12 relative overflow-hidden">

Parsing ecmascript source code failed @ http://localhost:3000/_next/static/chunks/node_modules_next_dist_1gdrd03._.js:1945
[ 6809629ms] [ERROR] ./src/app/page.tsx:76:15
Expected '</', got 'jsx text'
  74 |             </div>
  75 |           </div>
> 76 |         </div>
     |               ^^^^^^^^^^^^^^^^^^^^^^^^^^^^^^^^^^^^^^^^^^^^^^^^^^^^^^^^^^^^^^^^^^^^^^^^^^^^^^^^^^^^^^^^^^^^^^^^^^^^^^^^^^^^^^^^^^^^^^^^^^^^^^^^^^^^^^^^^^^^^^^^^^^^^^^^^^^^^^^^^
> 77 |       </section>
     | ^^^^^^
  78 |
  79 |       {/* Story & Tips Section */}
  80 |       <section className="bg-surface-alt py-20 px-6 md:px-12 w-full mt-12 relative overflow-hidden">

Parsing ecmascript source code failed @ http://localhost:3000/_next/static/chunks/node_modules_next_dist_1gdrd03._.js:1945
[ 6809690ms] [ERROR] ./src/app/page.tsx:76:15
Expected '</', got 'jsx text'
  74 |             </div>
  75 |           </div>
> 76 |         </div>
     |               ^^^^^^^^^^^^^^^^^^^^^^^^^^^^^^^^^^^^^^^^^^^^^^^^^^^^^^^^^^^^^^^^^^^^^^^^^^^^^^^^^^^^^^^^^^^^^^^^^^^^^^^^^^^^^^^^^^^^^^^^^^^^^^^^^^^^^^^^^^^^^^^^^^^^^^^^^^^^^^^^^
> 77 |       </section>
     | ^^^^^^
  78 |
  79 |       {/* Story & Tips Section */}
  80 |       <section className="bg-surface-alt py-20 px-6 md:px-12 w-full mt-12 relative overflow-hidden">

Parsing ecmascript source code failed @ http://localhost:3000/_next/static/chunks/node_modules_next_dist_1gdrd03._.js:1945
[ 6809751ms] [ERROR] ./src/app/page.tsx:76:15
Expected '</', got 'jsx text'
  74 |             </div>
  75 |           </div>
> 76 |         </div>
     |               ^^^^^^^^^^^^^^^^^^^^^^^^^^^^^^^^^^^^^^^^^^^^^^^^^^^^^^^^^^^^^^^^^^^^^^^^^^^^^^^^^^^^^^^^^^^^^^^^^^^^^^^^^^^^^^^^^^^^^^^^^^^^^^^^^^^^^^^^^^^^^^^^^^^^^^^^^^^^^^^^^
> 77 |       </section>
     | ^^^^^^
  78 |
  79 |       {/* Story & Tips Section */}
  80 |       <section className="bg-surface-alt py-20 px-6 md:px-12 w-full mt-12 relative overflow-hidden">

Parsing ecmascript source code failed @ http://localhost:3000/_next/static/chunks/node_modules_next_dist_1gdrd03._.js:1945
[ 6809812ms] [ERROR] ./src/app/page.tsx:76:15
Expected '</', got 'jsx text'
  74 |             </div>
  75 |           </div>
> 76 |         </div>
     |               ^^^^^^^^^^^^^^^^^^^^^^^^^^^^^^^^^^^^^^^^^^^^^^^^^^^^^^^^^^^^^^^^^^^^^^^^^^^^^^^^^^^^^^^^^^^^^^^^^^^^^^^^^^^^^^^^^^^^^^^^^^^^^^^^^^^^^^^^^^^^^^^^^^^^^^^^^^^^^^^^^
> 77 |       </section>
     | ^^^^^^
  78 |
  79 |       {/* Story & Tips Section */}
  80 |       <section className="bg-surface-alt py-20 px-6 md:px-12 w-full mt-12 relative overflow-hidden">

Parsing ecmascript source code failed @ http://localhost:3000/_next/static/chunks/node_modules_next_dist_1gdrd03._.js:1945
[ 6809873ms] [ERROR] ./src/app/page.tsx:76:15
Expected '</', got 'jsx text'
  74 |             </div>
  75 |           </div>
> 76 |         </div>
     |               ^^^^^^^^^^^^^^^^^^^^^^^^^^^^^^^^^^^^^^^^^^^^^^^^^^^^^^^^^^^^^^^^^^^^^^^^^^^^^^^^^^^^^^^^^^^^^^^^^^^^^^^^^^^^^^^^^^^^^^^^^^^^^^^^^^^^^^^^^^^^^^^^^^^^^^^^^^^^^^^^^
> 77 |       </section>
     | ^^^^^^
  78 |
  79 |       {/* Story & Tips Section */}
  80 |       <section className="bg-surface-alt py-20 px-6 md:px-12 w-full mt-12 relative overflow-hidden">

Parsing ecmascript source code failed @ http://localhost:3000/_next/static/chunks/node_modules_next_dist_1gdrd03._.js:1945
[ 6809934ms] [ERROR] ./src/app/page.tsx:76:15
Expected '</', got 'jsx text'
  74 |             </div>
  75 |           </div>
> 76 |         </div>
     |               ^^^^^^^^^^^^^^^^^^^^^^^^^^^^^^^^^^^^^^^^^^^^^^^^^^^^^^^^^^^^^^^^^^^^^^^^^^^^^^^^^^^^^^^^^^^^^^^^^^^^^^^^^^^^^^^^^^^^^^^^^^^^^^^^^^^^^^^^^^^^^^^^^^^^^^^^^^^^^^^^^
> 77 |       </section>
     | ^^^^^^
  78 |
  79 |       {/* Story & Tips Section */}
  80 |       <section className="bg-surface-alt py-20 px-6 md:px-12 w-full mt-12 relative overflow-hidden">

Parsing ecmascript source code failed @ http://localhost:3000/_next/static/chunks/node_modules_next_dist_1gdrd03._.js:1945
[ 6809996ms] [ERROR] ./src/app/page.tsx:76:15
Expected '</', got 'jsx text'
  74 |             </div>
  75 |           </div>
> 76 |         </div>
     |               ^^^^^^^^^^^^^^^^^^^^^^^^^^^^^^^^^^^^^^^^^^^^^^^^^^^^^^^^^^^^^^^^^^^^^^^^^^^^^^^^^^^^^^^^^^^^^^^^^^^^^^^^^^^^^^^^^^^^^^^^^^^^^^^^^^^^^^^^^^^^^^^^^^^^^^^^^^^^^^^^^
> 77 |       </section>
     | ^^^^^^
  78 |
  79 |       {/* Story & Tips Section */}
  80 |       <section className="bg-surface-alt py-20 px-6 md:px-12 w-full mt-12 relative overflow-hidden">

Parsing ecmascript source code failed @ http://localhost:3000/_next/static/chunks/node_modules_next_dist_1gdrd03._.js:1945
[ 6810058ms] [ERROR] ./src/app/page.tsx:76:15
Expected '</', got 'jsx text'
  74 |             </div>
  75 |           </div>
> 76 |         </div>
     |               ^^^^^^^^^^^^^^^^^^^^^^^^^^^^^^^^^^^^^^^^^^^^^^^^^^^^^^^^^^^^^^^^^^^^^^^^^^^^^^^^^^^^^^^^^^^^^^^^^^^^^^^^^^^^^^^^^^^^^^^^^^^^^^^^^^^^^^^^^^^^^^^^^^^^^^^^^^^^^^^^^
> 77 |       </section>
     | ^^^^^^
  78 |
  79 |       {/* Story & Tips Section */}
  80 |       <section className="bg-surface-alt py-20 px-6 md:px-12 w-full mt-12 relative overflow-hidden">

Parsing ecmascript source code failed @ http://localhost:3000/_next/static/chunks/node_modules_next_dist_1gdrd03._.js:1945
[ 6810121ms] [ERROR] ./src/app/page.tsx:76:15
Expected '</', got 'jsx text'
  74 |             </div>
  75 |           </div>
> 76 |         </div>
     |               ^^^^^^^^^^^^^^^^^^^^^^^^^^^^^^^^^^^^^^^^^^^^^^^^^^^^^^^^^^^^^^^^^^^^^^^^^^^^^^^^^^^^^^^^^^^^^^^^^^^^^^^^^^^^^^^^^^^^^^^^^^^^^^^^^^^^^^^^^^^^^^^^^^^^^^^^^^^^^^^^^
> 77 |       </section>
     | ^^^^^^
  78 |
  79 |       {/* Story & Tips Section */}
  80 |       <section className="bg-surface-alt py-20 px-6 md:px-12 w-full mt-12 relative overflow-hidden">

Parsing ecmascript source code failed @ http://localhost:3000/_next/static/chunks/node_modules_next_dist_1gdrd03._.js:1945
[ 6810181ms] [ERROR] ./src/app/page.tsx:76:15
Expected '</', got 'jsx text'
  74 |             </div>
  75 |           </div>
> 76 |         </div>
     |               ^^^^^^^^^^^^^^^^^^^^^^^^^^^^^^^^^^^^^^^^^^^^^^^^^^^^^^^^^^^^^^^^^^^^^^^^^^^^^^^^^^^^^^^^^^^^^^^^^^^^^^^^^^^^^^^^^^^^^^^^^^^^^^^^^^^^^^^^^^^^^^^^^^^^^^^^^^^^^^^^^
> 77 |       </section>
     | ^^^^^^
  78 |
  79 |       {/* Story & Tips Section */}
  80 |       <section className="bg-surface-alt py-20 px-6 md:px-12 w-full mt-12 relative overflow-hidden">

Parsing ecmascript source code failed @ http://localhost:3000/_next/static/chunks/node_modules_next_dist_1gdrd03._.js:1945
[ 6810244ms] [ERROR] ./src/app/page.tsx:76:15
Expected '</', got 'jsx text'
  74 |             </div>
  75 |           </div>
> 76 |         </div>
     |               ^^^^^^^^^^^^^^^^^^^^^^^^^^^^^^^^^^^^^^^^^^^^^^^^^^^^^^^^^^^^^^^^^^^^^^^^^^^^^^^^^^^^^^^^^^^^^^^^^^^^^^^^^^^^^^^^^^^^^^^^^^^^^^^^^^^^^^^^^^^^^^^^^^^^^^^^^^^^^^^^^
> 77 |       </section>
     | ^^^^^^
  78 |
  79 |       {/* Story & Tips Section */}
  80 |       <section className="bg-surface-alt py-20 px-6 md:px-12 w-full mt-12 relative overflow-hidden">

Parsing ecmascript source code failed @ http://localhost:3000/_next/static/chunks/node_modules_next_dist_1gdrd03._.js:1945
[ 6810308ms] [ERROR] ./src/app/page.tsx:76:15
Expected '</', got 'jsx text'
  74 |             </div>
  75 |           </div>
> 76 |         </div>
     |               ^^^^^^^^^^^^^^^^^^^^^^^^^^^^^^^^^^^^^^^^^^^^^^^^^^^^^^^^^^^^^^^^^^^^^^^^^^^^^^^^^^^^^^^^^^^^^^^^^^^^^^^^^^^^^^^^^^^^^^^^^^^^^^^^^^^^^^^^^^^^^^^^^^^^^^^^^^^^^^^^^
> 77 |       </section>
     | ^^^^^^
  78 |
  79 |       {/* Story & Tips Section */}
  80 |       <section className="bg-surface-alt py-20 px-6 md:px-12 w-full mt-12 relative overflow-hidden">

Parsing ecmascript source code failed @ http://localhost:3000/_next/static/chunks/node_modules_next_dist_1gdrd03._.js:1945
[ 6810370ms] [ERROR] ./src/app/page.tsx:76:15
Expected '</', got 'jsx text'
  74 |             </div>
  75 |           </div>
> 76 |         </div>
     |               ^^^^^^^^^^^^^^^^^^^^^^^^^^^^^^^^^^^^^^^^^^^^^^^^^^^^^^^^^^^^^^^^^^^^^^^^^^^^^^^^^^^^^^^^^^^^^^^^^^^^^^^^^^^^^^^^^^^^^^^^^^^^^^^^^^^^^^^^^^^^^^^^^^^^^^^^^^^^^^^^^
> 77 |       </section>
     | ^^^^^^
  78 |
  79 |       {/* Story & Tips Section */}
  80 |       <section className="bg-surface-alt py-20 px-6 md:px-12 w-full mt-12 relative overflow-hidden">

Parsing ecmascript source code failed @ http://localhost:3000/_next/static/chunks/node_modules_next_dist_1gdrd03._.js:1945
[ 6810430ms] [ERROR] ./src/app/page.tsx:76:15
Expected '</', got 'jsx text'
  74 |             </div>
  75 |           </div>
> 76 |         </div>
     |               ^^^^^^^^^^^^^^^^^^^^^^^^^^^^^^^^^^^^^^^^^^^^^^^^^^^^^^^^^^^^^^^^^^^^^^^^^^^^^^^^^^^^^^^^^^^^^^^^^^^^^^^^^^^^^^^^^^^^^^^^^^^^^^^^^^^^^^^^^^^^^^^^^^^^^^^^^^^^^^^^^
> 77 |       </section>
     | ^^^^^^
  78 |
  79 |       {/* Story & Tips Section */}
  80 |       <section className="bg-surface-alt py-20 px-6 md:px-12 w-full mt-12 relative overflow-hidden">

Parsing ecmascript source code failed @ http://localhost:3000/_next/static/chunks/node_modules_next_dist_1gdrd03._.js:1945
[ 6810492ms] [ERROR] ./src/app/page.tsx:76:15
Expected '</', got 'jsx text'
  74 |             </div>
  75 |           </div>
> 76 |         </div>
     |               ^^^^^^^^^^^^^^^^^^^^^^^^^^^^^^^^^^^^^^^^^^^^^^^^^^^^^^^^^^^^^^^^^^^^^^^^^^^^^^^^^^^^^^^^^^^^^^^^^^^^^^^^^^^^^^^^^^^^^^^^^^^^^^^^^^^^^^^^^^^^^^^^^^^^^^^^^^^^^^^^^
> 77 |       </section>
     | ^^^^^^
  78 |
  79 |       {/* Story & Tips Section */}
  80 |       <section className="bg-surface-alt py-20 px-6 md:px-12 w-full mt-12 relative overflow-hidden">

Parsing ecmascript source code failed @ http://localhost:3000/_next/static/chunks/node_modules_next_dist_1gdrd03._.js:1945
[ 6810553ms] [ERROR] ./src/app/page.tsx:76:15
Expected '</', got 'jsx text'
  74 |             </div>
  75 |           </div>
> 76 |         </div>
     |               ^^^^^^^^^^^^^^^^^^^^^^^^^^^^^^^^^^^^^^^^^^^^^^^^^^^^^^^^^^^^^^^^^^^^^^^^^^^^^^^^^^^^^^^^^^^^^^^^^^^^^^^^^^^^^^^^^^^^^^^^^^^^^^^^^^^^^^^^^^^^^^^^^^^^^^^^^^^^^^^^^
> 77 |       </section>
     | ^^^^^^
  78 |
  79 |       {/* Story & Tips Section */}
  80 |       <section className="bg-surface-alt py-20 px-6 md:px-12 w-full mt-12 relative overflow-hidden">

Parsing ecmascript source code failed @ http://localhost:3000/_next/static/chunks/node_modules_next_dist_1gdrd03._.js:1945
[ 6810617ms] [ERROR] ./src/app/page.tsx:76:15
Expected '</', got 'jsx text'
  74 |             </div>
  75 |           </div>
> 76 |         </div>
     |               ^^^^^^^^^^^^^^^^^^^^^^^^^^^^^^^^^^^^^^^^^^^^^^^^^^^^^^^^^^^^^^^^^^^^^^^^^^^^^^^^^^^^^^^^^^^^^^^^^^^^^^^^^^^^^^^^^^^^^^^^^^^^^^^^^^^^^^^^^^^^^^^^^^^^^^^^^^^^^^^^^
> 77 |       </section>
     | ^^^^^^
  78 |
  79 |       {/* Story & Tips Section */}
  80 |       <section className="bg-surface-alt py-20 px-6 md:px-12 w-full mt-12 relative overflow-hidden">

Parsing ecmascript source code failed @ http://localhost:3000/_next/static/chunks/node_modules_next_dist_1gdrd03._.js:1945
[ 6810678ms] [ERROR] ./src/app/page.tsx:76:15
Expected '</', got 'jsx text'
  74 |             </div>
  75 |           </div>
> 76 |         </div>
     |               ^^^^^^^^^^^^^^^^^^^^^^^^^^^^^^^^^^^^^^^^^^^^^^^^^^^^^^^^^^^^^^^^^^^^^^^^^^^^^^^^^^^^^^^^^^^^^^^^^^^^^^^^^^^^^^^^^^^^^^^^^^^^^^^^^^^^^^^^^^^^^^^^^^^^^^^^^^^^^^^^^
> 77 |       </section>
     | ^^^^^^
  78 |
  79 |       {/* Story & Tips Section */}
  80 |       <section className="bg-surface-alt py-20 px-6 md:px-12 w-full mt-12 relative overflow-hidden">

Parsing ecmascript source code failed @ http://localhost:3000/_next/static/chunks/node_modules_next_dist_1gdrd03._.js:1945
[ 6810740ms] [ERROR] ./src/app/page.tsx:76:15
Expected '</', got 'jsx text'
  74 |             </div>
  75 |           </div>
> 76 |         </div>
     |               ^^^^^^^^^^^^^^^^^^^^^^^^^^^^^^^^^^^^^^^^^^^^^^^^^^^^^^^^^^^^^^^^^^^^^^^^^^^^^^^^^^^^^^^^^^^^^^^^^^^^^^^^^^^^^^^^^^^^^^^^^^^^^^^^^^^^^^^^^^^^^^^^^^^^^^^^^^^^^^^^^
> 77 |       </section>
     | ^^^^^^
  78 |
  79 |       {/* Story & Tips Section */}
  80 |       <section className="bg-surface-alt py-20 px-6 md:px-12 w-full mt-12 relative overflow-hidden">

Parsing ecmascript source code failed @ http://localhost:3000/_next/static/chunks/node_modules_next_dist_1gdrd03._.js:1945
[ 6810804ms] [ERROR] ./src/app/page.tsx:76:15
Expected '</', got 'jsx text'
  74 |             </div>
  75 |           </div>
> 76 |         </div>
     |               ^^^^^^^^^^^^^^^^^^^^^^^^^^^^^^^^^^^^^^^^^^^^^^^^^^^^^^^^^^^^^^^^^^^^^^^^^^^^^^^^^^^^^^^^^^^^^^^^^^^^^^^^^^^^^^^^^^^^^^^^^^^^^^^^^^^^^^^^^^^^^^^^^^^^^^^^^^^^^^^^^
> 77 |       </section>
     | ^^^^^^
  78 |
  79 |       {/* Story & Tips Section */}
  80 |       <section className="bg-surface-alt py-20 px-6 md:px-12 w-full mt-12 relative overflow-hidden">

Parsing ecmascript source code failed @ http://localhost:3000/_next/static/chunks/node_modules_next_dist_1gdrd03._.js:1945
[ 6810866ms] [ERROR] ./src/app/page.tsx:76:15
Expected '</', got 'jsx text'
  74 |             </div>
  75 |           </div>
> 76 |         </div>
     |               ^^^^^^^^^^^^^^^^^^^^^^^^^^^^^^^^^^^^^^^^^^^^^^^^^^^^^^^^^^^^^^^^^^^^^^^^^^^^^^^^^^^^^^^^^^^^^^^^^^^^^^^^^^^^^^^^^^^^^^^^^^^^^^^^^^^^^^^^^^^^^^^^^^^^^^^^^^^^^^^^^
> 77 |       </section>
     | ^^^^^^
  78 |
  79 |       {/* Story & Tips Section */}
  80 |       <section className="bg-surface-alt py-20 px-6 md:px-12 w-full mt-12 relative overflow-hidden">

Parsing ecmascript source code failed @ http://localhost:3000/_next/static/chunks/node_modules_next_dist_1gdrd03._.js:1945
[ 6810929ms] [ERROR] ./src/app/page.tsx:76:15
Expected '</', got 'jsx text'
  74 |             </div>
  75 |           </div>
> 76 |         </div>
     |               ^^^^^^^^^^^^^^^^^^^^^^^^^^^^^^^^^^^^^^^^^^^^^^^^^^^^^^^^^^^^^^^^^^^^^^^^^^^^^^^^^^^^^^^^^^^^^^^^^^^^^^^^^^^^^^^^^^^^^^^^^^^^^^^^^^^^^^^^^^^^^^^^^^^^^^^^^^^^^^^^^
> 77 |       </section>
     | ^^^^^^
  78 |
  79 |       {/* Story & Tips Section */}
  80 |       <section className="bg-surface-alt py-20 px-6 md:px-12 w-full mt-12 relative overflow-hidden">

Parsing ecmascript source code failed @ http://localhost:3000/_next/static/chunks/node_modules_next_dist_1gdrd03._.js:1945
[ 6810992ms] [ERROR] ./src/app/page.tsx:76:15
Expected '</', got 'jsx text'
  74 |             </div>
  75 |           </div>
> 76 |         </div>
     |               ^^^^^^^^^^^^^^^^^^^^^^^^^^^^^^^^^^^^^^^^^^^^^^^^^^^^^^^^^^^^^^^^^^^^^^^^^^^^^^^^^^^^^^^^^^^^^^^^^^^^^^^^^^^^^^^^^^^^^^^^^^^^^^^^^^^^^^^^^^^^^^^^^^^^^^^^^^^^^^^^^
> 77 |       </section>
     | ^^^^^^
  78 |
  79 |       {/* Story & Tips Section */}
  80 |       <section className="bg-surface-alt py-20 px-6 md:px-12 w-full mt-12 relative overflow-hidden">

Parsing ecmascript source code failed @ http://localhost:3000/_next/static/chunks/node_modules_next_dist_1gdrd03._.js:1945
[ 6811054ms] [ERROR] ./src/app/page.tsx:76:15
Expected '</', got 'jsx text'
  74 |             </div>
  75 |           </div>
> 76 |         </div>
     |               ^^^^^^^^^^^^^^^^^^^^^^^^^^^^^^^^^^^^^^^^^^^^^^^^^^^^^^^^^^^^^^^^^^^^^^^^^^^^^^^^^^^^^^^^^^^^^^^^^^^^^^^^^^^^^^^^^^^^^^^^^^^^^^^^^^^^^^^^^^^^^^^^^^^^^^^^^^^^^^^^^
> 77 |       </section>
     | ^^^^^^
  78 |
  79 |       {/* Story & Tips Section */}
  80 |       <section className="bg-surface-alt py-20 px-6 md:px-12 w-full mt-12 relative overflow-hidden">

Parsing ecmascript source code failed @ http://localhost:3000/_next/static/chunks/node_modules_next_dist_1gdrd03._.js:1945
[ 6811116ms] [ERROR] ./src/app/page.tsx:76:15
Expected '</', got 'jsx text'
  74 |             </div>
  75 |           </div>
> 76 |         </div>
     |               ^^^^^^^^^^^^^^^^^^^^^^^^^^^^^^^^^^^^^^^^^^^^^^^^^^^^^^^^^^^^^^^^^^^^^^^^^^^^^^^^^^^^^^^^^^^^^^^^^^^^^^^^^^^^^^^^^^^^^^^^^^^^^^^^^^^^^^^^^^^^^^^^^^^^^^^^^^^^^^^^^
> 77 |       </section>
     | ^^^^^^
  78 |
  79 |       {/* Story & Tips Section */}
  80 |       <section className="bg-surface-alt py-20 px-6 md:px-12 w-full mt-12 relative overflow-hidden">

Parsing ecmascript source code failed @ http://localhost:3000/_next/static/chunks/node_modules_next_dist_1gdrd03._.js:1945
[ 6811177ms] [ERROR] ./src/app/page.tsx:76:15
Expected '</', got 'jsx text'
  74 |             </div>
  75 |           </div>
> 76 |         </div>
     |               ^^^^^^^^^^^^^^^^^^^^^^^^^^^^^^^^^^^^^^^^^^^^^^^^^^^^^^^^^^^^^^^^^^^^^^^^^^^^^^^^^^^^^^^^^^^^^^^^^^^^^^^^^^^^^^^^^^^^^^^^^^^^^^^^^^^^^^^^^^^^^^^^^^^^^^^^^^^^^^^^^
> 77 |       </section>
     | ^^^^^^
  78 |
  79 |       {/* Story & Tips Section */}
  80 |       <section className="bg-surface-alt py-20 px-6 md:px-12 w-full mt-12 relative overflow-hidden">

Parsing ecmascript source code failed @ http://localhost:3000/_next/static/chunks/node_modules_next_dist_1gdrd03._.js:1945
[ 6811239ms] [ERROR] ./src/app/page.tsx:76:15
Expected '</', got 'jsx text'
  74 |             </div>
  75 |           </div>
> 76 |         </div>
     |               ^^^^^^^^^^^^^^^^^^^^^^^^^^^^^^^^^^^^^^^^^^^^^^^^^^^^^^^^^^^^^^^^^^^^^^^^^^^^^^^^^^^^^^^^^^^^^^^^^^^^^^^^^^^^^^^^^^^^^^^^^^^^^^^^^^^^^^^^^^^^^^^^^^^^^^^^^^^^^^^^^
> 77 |       </section>
     | ^^^^^^
  78 |
  79 |       {/* Story & Tips Section */}
  80 |       <section className="bg-surface-alt py-20 px-6 md:px-12 w-full mt-12 relative overflow-hidden">

Parsing ecmascript source code failed @ http://localhost:3000/_next/static/chunks/node_modules_next_dist_1gdrd03._.js:1945
[ 6811301ms] [ERROR] ./src/app/page.tsx:76:15
Expected '</', got 'jsx text'
  74 |             </div>
  75 |           </div>
> 76 |         </div>
     |               ^^^^^^^^^^^^^^^^^^^^^^^^^^^^^^^^^^^^^^^^^^^^^^^^^^^^^^^^^^^^^^^^^^^^^^^^^^^^^^^^^^^^^^^^^^^^^^^^^^^^^^^^^^^^^^^^^^^^^^^^^^^^^^^^^^^^^^^^^^^^^^^^^^^^^^^^^^^^^^^^^
> 77 |       </section>
     | ^^^^^^
  78 |
  79 |       {/* Story & Tips Section */}
  80 |       <section className="bg-surface-alt py-20 px-6 md:px-12 w-full mt-12 relative overflow-hidden">

Parsing ecmascript source code failed @ http://localhost:3000/_next/static/chunks/node_modules_next_dist_1gdrd03._.js:1945
[ 6811362ms] [ERROR] ./src/app/page.tsx:76:15
Expected '</', got 'jsx text'
  74 |             </div>
  75 |           </div>
> 76 |         </div>
     |               ^^^^^^^^^^^^^^^^^^^^^^^^^^^^^^^^^^^^^^^^^^^^^^^^^^^^^^^^^^^^^^^^^^^^^^^^^^^^^^^^^^^^^^^^^^^^^^^^^^^^^^^^^^^^^^^^^^^^^^^^^^^^^^^^^^^^^^^^^^^^^^^^^^^^^^^^^^^^^^^^^
> 77 |       </section>
     | ^^^^^^
  78 |
  79 |       {/* Story & Tips Section */}
  80 |       <section className="bg-surface-alt py-20 px-6 md:px-12 w-full mt-12 relative overflow-hidden">

Parsing ecmascript source code failed @ http://localhost:3000/_next/static/chunks/node_modules_next_dist_1gdrd03._.js:1945
[ 6811425ms] [ERROR] ./src/app/page.tsx:76:15
Expected '</', got 'jsx text'
  74 |             </div>
  75 |           </div>
> 76 |         </div>
     |               ^^^^^^^^^^^^^^^^^^^^^^^^^^^^^^^^^^^^^^^^^^^^^^^^^^^^^^^^^^^^^^^^^^^^^^^^^^^^^^^^^^^^^^^^^^^^^^^^^^^^^^^^^^^^^^^^^^^^^^^^^^^^^^^^^^^^^^^^^^^^^^^^^^^^^^^^^^^^^^^^^
> 77 |       </section>
     | ^^^^^^
  78 |
  79 |       {/* Story & Tips Section */}
  80 |       <section className="bg-surface-alt py-20 px-6 md:px-12 w-full mt-12 relative overflow-hidden">

Parsing ecmascript source code failed @ http://localhost:3000/_next/static/chunks/node_modules_next_dist_1gdrd03._.js:1945
[ 6811487ms] [ERROR] ./src/app/page.tsx:76:15
Expected '</', got 'jsx text'
  74 |             </div>
  75 |           </div>
> 76 |         </div>
     |               ^^^^^^^^^^^^^^^^^^^^^^^^^^^^^^^^^^^^^^^^^^^^^^^^^^^^^^^^^^^^^^^^^^^^^^^^^^^^^^^^^^^^^^^^^^^^^^^^^^^^^^^^^^^^^^^^^^^^^^^^^^^^^^^^^^^^^^^^^^^^^^^^^^^^^^^^^^^^^^^^^
> 77 |       </section>
     | ^^^^^^
  78 |
  79 |       {/* Story & Tips Section */}
  80 |       <section className="bg-surface-alt py-20 px-6 md:px-12 w-full mt-12 relative overflow-hidden">

Parsing ecmascript source code failed @ http://localhost:3000/_next/static/chunks/node_modules_next_dist_1gdrd03._.js:1945
[ 6811550ms] [ERROR] ./src/app/page.tsx:76:15
Expected '</', got 'jsx text'
  74 |             </div>
  75 |           </div>
> 76 |         </div>
     |               ^^^^^^^^^^^^^^^^^^^^^^^^^^^^^^^^^^^^^^^^^^^^^^^^^^^^^^^^^^^^^^^^^^^^^^^^^^^^^^^^^^^^^^^^^^^^^^^^^^^^^^^^^^^^^^^^^^^^^^^^^^^^^^^^^^^^^^^^^^^^^^^^^^^^^^^^^^^^^^^^^
> 77 |       </section>
     | ^^^^^^
  78 |
  79 |       {/* Story & Tips Section */}
  80 |       <section className="bg-surface-alt py-20 px-6 md:px-12 w-full mt-12 relative overflow-hidden">

Parsing ecmascript source code failed @ http://localhost:3000/_next/static/chunks/node_modules_next_dist_1gdrd03._.js:1945
[ 6811613ms] [ERROR] ./src/app/page.tsx:76:15
Expected '</', got 'jsx text'
  74 |             </div>
  75 |           </div>
> 76 |         </div>
     |               ^^^^^^^^^^^^^^^^^^^^^^^^^^^^^^^^^^^^^^^^^^^^^^^^^^^^^^^^^^^^^^^^^^^^^^^^^^^^^^^^^^^^^^^^^^^^^^^^^^^^^^^^^^^^^^^^^^^^^^^^^^^^^^^^^^^^^^^^^^^^^^^^^^^^^^^^^^^^^^^^^
> 77 |       </section>
     | ^^^^^^
  78 |
  79 |       {/* Story & Tips Section */}
  80 |       <section className="bg-surface-alt py-20 px-6 md:px-12 w-full mt-12 relative overflow-hidden">

Parsing ecmascript source code failed @ http://localhost:3000/_next/static/chunks/node_modules_next_dist_1gdrd03._.js:1945
[ 6811676ms] [ERROR] ./src/app/page.tsx:76:15
Expected '</', got 'jsx text'
  74 |             </div>
  75 |           </div>
> 76 |         </div>
     |               ^^^^^^^^^^^^^^^^^^^^^^^^^^^^^^^^^^^^^^^^^^^^^^^^^^^^^^^^^^^^^^^^^^^^^^^^^^^^^^^^^^^^^^^^^^^^^^^^^^^^^^^^^^^^^^^^^^^^^^^^^^^^^^^^^^^^^^^^^^^^^^^^^^^^^^^^^^^^^^^^^
> 77 |       </section>
     | ^^^^^^
  78 |
  79 |       {/* Story & Tips Section */}
  80 |       <section className="bg-surface-alt py-20 px-6 md:px-12 w-full mt-12 relative overflow-hidden">

Parsing ecmascript source code failed @ http://localhost:3000/_next/static/chunks/node_modules_next_dist_1gdrd03._.js:1945
[ 6811739ms] [ERROR] ./src/app/page.tsx:76:15
Expected '</', got 'jsx text'
  74 |             </div>
  75 |           </div>
> 76 |         </div>
     |               ^^^^^^^^^^^^^^^^^^^^^^^^^^^^^^^^^^^^^^^^^^^^^^^^^^^^^^^^^^^^^^^^^^^^^^^^^^^^^^^^^^^^^^^^^^^^^^^^^^^^^^^^^^^^^^^^^^^^^^^^^^^^^^^^^^^^^^^^^^^^^^^^^^^^^^^^^^^^^^^^^
> 77 |       </section>
     | ^^^^^^
  78 |
  79 |       {/* Story & Tips Section */}
  80 |       <section className="bg-surface-alt py-20 px-6 md:px-12 w-full mt-12 relative overflow-hidden">

Parsing ecmascript source code failed @ http://localhost:3000/_next/static/chunks/node_modules_next_dist_1gdrd03._.js:1945
[ 6811801ms] [ERROR] ./src/app/page.tsx:76:15
Expected '</', got 'jsx text'
  74 |             </div>
  75 |           </div>
> 76 |         </div>
     |               ^^^^^^^^^^^^^^^^^^^^^^^^^^^^^^^^^^^^^^^^^^^^^^^^^^^^^^^^^^^^^^^^^^^^^^^^^^^^^^^^^^^^^^^^^^^^^^^^^^^^^^^^^^^^^^^^^^^^^^^^^^^^^^^^^^^^^^^^^^^^^^^^^^^^^^^^^^^^^^^^^
> 77 |       </section>
     | ^^^^^^
  78 |
  79 |       {/* Story & Tips Section */}
  80 |       <section className="bg-surface-alt py-20 px-6 md:px-12 w-full mt-12 relative overflow-hidden">

Parsing ecmascript source code failed @ http://localhost:3000/_next/static/chunks/node_modules_next_dist_1gdrd03._.js:1945
[ 6811864ms] [ERROR] ./src/app/page.tsx:76:15
Expected '</', got 'jsx text'
  74 |             </div>
  75 |           </div>
> 76 |         </div>
     |               ^^^^^^^^^^^^^^^^^^^^^^^^^^^^^^^^^^^^^^^^^^^^^^^^^^^^^^^^^^^^^^^^^^^^^^^^^^^^^^^^^^^^^^^^^^^^^^^^^^^^^^^^^^^^^^^^^^^^^^^^^^^^^^^^^^^^^^^^^^^^^^^^^^^^^^^^^^^^^^^^^
> 77 |       </section>
     | ^^^^^^
  78 |
  79 |       {/* Story & Tips Section */}
  80 |       <section className="bg-surface-alt py-20 px-6 md:px-12 w-full mt-12 relative overflow-hidden">

Parsing ecmascript source code failed @ http://localhost:3000/_next/static/chunks/node_modules_next_dist_1gdrd03._.js:1945
[ 6811927ms] [ERROR] ./src/app/page.tsx:76:15
Expected '</', got 'jsx text'
  74 |             </div>
  75 |           </div>
> 76 |         </div>
     |               ^^^^^^^^^^^^^^^^^^^^^^^^^^^^^^^^^^^^^^^^^^^^^^^^^^^^^^^^^^^^^^^^^^^^^^^^^^^^^^^^^^^^^^^^^^^^^^^^^^^^^^^^^^^^^^^^^^^^^^^^^^^^^^^^^^^^^^^^^^^^^^^^^^^^^^^^^^^^^^^^^
> 77 |       </section>
     | ^^^^^^
  78 |
  79 |       {/* Story & Tips Section */}
  80 |       <section className="bg-surface-alt py-20 px-6 md:px-12 w-full mt-12 relative overflow-hidden">

Parsing ecmascript source code failed @ http://localhost:3000/_next/static/chunks/node_modules_next_dist_1gdrd03._.js:1945
[ 6811987ms] [ERROR] ./src/app/page.tsx:76:15
Expected '</', got 'jsx text'
  74 |             </div>
  75 |           </div>
> 76 |         </div>
     |               ^^^^^^^^^^^^^^^^^^^^^^^^^^^^^^^^^^^^^^^^^^^^^^^^^^^^^^^^^^^^^^^^^^^^^^^^^^^^^^^^^^^^^^^^^^^^^^^^^^^^^^^^^^^^^^^^^^^^^^^^^^^^^^^^^^^^^^^^^^^^^^^^^^^^^^^^^^^^^^^^^
> 77 |       </section>
     | ^^^^^^
  78 |
  79 |       {/* Story & Tips Section */}
  80 |       <section className="bg-surface-alt py-20 px-6 md:px-12 w-full mt-12 relative overflow-hidden">

Parsing ecmascript source code failed @ http://localhost:3000/_next/static/chunks/node_modules_next_dist_1gdrd03._.js:1945
[ 6812049ms] [ERROR] ./src/app/page.tsx:76:15
Expected '</', got 'jsx text'
  74 |             </div>
  75 |           </div>
> 76 |         </div>
     |               ^^^^^^^^^^^^^^^^^^^^^^^^^^^^^^^^^^^^^^^^^^^^^^^^^^^^^^^^^^^^^^^^^^^^^^^^^^^^^^^^^^^^^^^^^^^^^^^^^^^^^^^^^^^^^^^^^^^^^^^^^^^^^^^^^^^^^^^^^^^^^^^^^^^^^^^^^^^^^^^^^
> 77 |       </section>
     | ^^^^^^
  78 |
  79 |       {/* Story & Tips Section */}
  80 |       <section className="bg-surface-alt py-20 px-6 md:px-12 w-full mt-12 relative overflow-hidden">

Parsing ecmascript source code failed @ http://localhost:3000/_next/static/chunks/node_modules_next_dist_1gdrd03._.js:1945
[ 6812112ms] [ERROR] ./src/app/page.tsx:76:15
Expected '</', got 'jsx text'
  74 |             </div>
  75 |           </div>
> 76 |         </div>
     |               ^^^^^^^^^^^^^^^^^^^^^^^^^^^^^^^^^^^^^^^^^^^^^^^^^^^^^^^^^^^^^^^^^^^^^^^^^^^^^^^^^^^^^^^^^^^^^^^^^^^^^^^^^^^^^^^^^^^^^^^^^^^^^^^^^^^^^^^^^^^^^^^^^^^^^^^^^^^^^^^^^
> 77 |       </section>
     | ^^^^^^
  78 |
  79 |       {/* Story & Tips Section */}
  80 |       <section className="bg-surface-alt py-20 px-6 md:px-12 w-full mt-12 relative overflow-hidden">

Parsing ecmascript source code failed @ http://localhost:3000/_next/static/chunks/node_modules_next_dist_1gdrd03._.js:1945
[ 6812174ms] [ERROR] ./src/app/page.tsx:76:15
Expected '</', got 'jsx text'
  74 |             </div>
  75 |           </div>
> 76 |         </div>
     |               ^^^^^^^^^^^^^^^^^^^^^^^^^^^^^^^^^^^^^^^^^^^^^^^^^^^^^^^^^^^^^^^^^^^^^^^^^^^^^^^^^^^^^^^^^^^^^^^^^^^^^^^^^^^^^^^^^^^^^^^^^^^^^^^^^^^^^^^^^^^^^^^^^^^^^^^^^^^^^^^^^
> 77 |       </section>
     | ^^^^^^
  78 |
  79 |       {/* Story & Tips Section */}
  80 |       <section className="bg-surface-alt py-20 px-6 md:px-12 w-full mt-12 relative overflow-hidden">

Parsing ecmascript source code failed @ http://localhost:3000/_next/static/chunks/node_modules_next_dist_1gdrd03._.js:1945
[ 6812238ms] [ERROR] ./src/app/page.tsx:76:15
Expected '</', got 'jsx text'
  74 |             </div>
  75 |           </div>
> 76 |         </div>
     |               ^^^^^^^^^^^^^^^^^^^^^^^^^^^^^^^^^^^^^^^^^^^^^^^^^^^^^^^^^^^^^^^^^^^^^^^^^^^^^^^^^^^^^^^^^^^^^^^^^^^^^^^^^^^^^^^^^^^^^^^^^^^^^^^^^^^^^^^^^^^^^^^^^^^^^^^^^^^^^^^^^
> 77 |       </section>
     | ^^^^^^
  78 |
  79 |       {/* Story & Tips Section */}
  80 |       <section className="bg-surface-alt py-20 px-6 md:px-12 w-full mt-12 relative overflow-hidden">

Parsing ecmascript source code failed @ http://localhost:3000/_next/static/chunks/node_modules_next_dist_1gdrd03._.js:1945
[ 6812299ms] [ERROR] ./src/app/page.tsx:76:15
Expected '</', got 'jsx text'
  74 |             </div>
  75 |           </div>
> 76 |         </div>
     |               ^^^^^^^^^^^^^^^^^^^^^^^^^^^^^^^^^^^^^^^^^^^^^^^^^^^^^^^^^^^^^^^^^^^^^^^^^^^^^^^^^^^^^^^^^^^^^^^^^^^^^^^^^^^^^^^^^^^^^^^^^^^^^^^^^^^^^^^^^^^^^^^^^^^^^^^^^^^^^^^^^
> 77 |       </section>
     | ^^^^^^
  78 |
  79 |       {/* Story & Tips Section */}
  80 |       <section className="bg-surface-alt py-20 px-6 md:px-12 w-full mt-12 relative overflow-hidden">

Parsing ecmascript source code failed @ http://localhost:3000/_next/static/chunks/node_modules_next_dist_1gdrd03._.js:1945
[ 6812361ms] [ERROR] ./src/app/page.tsx:76:15
Expected '</', got 'jsx text'
  74 |             </div>
  75 |           </div>
> 76 |         </div>
     |               ^^^^^^^^^^^^^^^^^^^^^^^^^^^^^^^^^^^^^^^^^^^^^^^^^^^^^^^^^^^^^^^^^^^^^^^^^^^^^^^^^^^^^^^^^^^^^^^^^^^^^^^^^^^^^^^^^^^^^^^^^^^^^^^^^^^^^^^^^^^^^^^^^^^^^^^^^^^^^^^^^
> 77 |       </section>
     | ^^^^^^
  78 |
  79 |       {/* Story & Tips Section */}
  80 |       <section className="bg-surface-alt py-20 px-6 md:px-12 w-full mt-12 relative overflow-hidden">

Parsing ecmascript source code failed @ http://localhost:3000/_next/static/chunks/node_modules_next_dist_1gdrd03._.js:1945
[ 6812426ms] [ERROR] ./src/app/page.tsx:76:15
Expected '</', got 'jsx text'
  74 |             </div>
  75 |           </div>
> 76 |         </div>
     |               ^^^^^^^^^^^^^^^^^^^^^^^^^^^^^^^^^^^^^^^^^^^^^^^^^^^^^^^^^^^^^^^^^^^^^^^^^^^^^^^^^^^^^^^^^^^^^^^^^^^^^^^^^^^^^^^^^^^^^^^^^^^^^^^^^^^^^^^^^^^^^^^^^^^^^^^^^^^^^^^^^
> 77 |       </section>
     | ^^^^^^
  78 |
  79 |       {/* Story & Tips Section */}
  80 |       <section className="bg-surface-alt py-20 px-6 md:px-12 w-full mt-12 relative overflow-hidden">

Parsing ecmascript source code failed @ http://localhost:3000/_next/static/chunks/node_modules_next_dist_1gdrd03._.js:1945
[ 6812486ms] [ERROR] ./src/app/page.tsx:76:15
Expected '</', got 'jsx text'
  74 |             </div>
  75 |           </div>
> 76 |         </div>
     |               ^^^^^^^^^^^^^^^^^^^^^^^^^^^^^^^^^^^^^^^^^^^^^^^^^^^^^^^^^^^^^^^^^^^^^^^^^^^^^^^^^^^^^^^^^^^^^^^^^^^^^^^^^^^^^^^^^^^^^^^^^^^^^^^^^^^^^^^^^^^^^^^^^^^^^^^^^^^^^^^^^
> 77 |       </section>
     | ^^^^^^
  78 |
  79 |       {/* Story & Tips Section */}
  80 |       <section className="bg-surface-alt py-20 px-6 md:px-12 w-full mt-12 relative overflow-hidden">

Parsing ecmascript source code failed @ http://localhost:3000/_next/static/chunks/node_modules_next_dist_1gdrd03._.js:1945
[ 6812548ms] [ERROR] ./src/app/page.tsx:76:15
Expected '</', got 'jsx text'
  74 |             </div>
  75 |           </div>
> 76 |         </div>
     |               ^^^^^^^^^^^^^^^^^^^^^^^^^^^^^^^^^^^^^^^^^^^^^^^^^^^^^^^^^^^^^^^^^^^^^^^^^^^^^^^^^^^^^^^^^^^^^^^^^^^^^^^^^^^^^^^^^^^^^^^^^^^^^^^^^^^^^^^^^^^^^^^^^^^^^^^^^^^^^^^^^
> 77 |       </section>
     | ^^^^^^
  78 |
  79 |       {/* Story & Tips Section */}
  80 |       <section className="bg-surface-alt py-20 px-6 md:px-12 w-full mt-12 relative overflow-hidden">

Parsing ecmascript source code failed @ http://localhost:3000/_next/static/chunks/node_modules_next_dist_1gdrd03._.js:1945
[ 6812612ms] [ERROR] ./src/app/page.tsx:76:15
Expected '</', got 'jsx text'
  74 |             </div>
  75 |           </div>
> 76 |         </div>
     |               ^^^^^^^^^^^^^^^^^^^^^^^^^^^^^^^^^^^^^^^^^^^^^^^^^^^^^^^^^^^^^^^^^^^^^^^^^^^^^^^^^^^^^^^^^^^^^^^^^^^^^^^^^^^^^^^^^^^^^^^^^^^^^^^^^^^^^^^^^^^^^^^^^^^^^^^^^^^^^^^^^
> 77 |       </section>
     | ^^^^^^
  78 |
  79 |       {/* Story & Tips Section */}
  80 |       <section className="bg-surface-alt py-20 px-6 md:px-12 w-full mt-12 relative overflow-hidden">

Parsing ecmascript source code failed @ http://localhost:3000/_next/static/chunks/node_modules_next_dist_1gdrd03._.js:1945
[ 6812675ms] [ERROR] ./src/app/page.tsx:76:15
Expected '</', got 'jsx text'
  74 |             </div>
  75 |           </div>
> 76 |         </div>
     |               ^^^^^^^^^^^^^^^^^^^^^^^^^^^^^^^^^^^^^^^^^^^^^^^^^^^^^^^^^^^^^^^^^^^^^^^^^^^^^^^^^^^^^^^^^^^^^^^^^^^^^^^^^^^^^^^^^^^^^^^^^^^^^^^^^^^^^^^^^^^^^^^^^^^^^^^^^^^^^^^^^
> 77 |       </section>
     | ^^^^^^
  78 |
  79 |       {/* Story & Tips Section */}
  80 |       <section className="bg-surface-alt py-20 px-6 md:px-12 w-full mt-12 relative overflow-hidden">

Parsing ecmascript source code failed @ http://localhost:3000/_next/static/chunks/node_modules_next_dist_1gdrd03._.js:1945
[ 6812737ms] [ERROR] ./src/app/page.tsx:76:15
Expected '</', got 'jsx text'
  74 |             </div>
  75 |           </div>
> 76 |         </div>
     |               ^^^^^^^^^^^^^^^^^^^^^^^^^^^^^^^^^^^^^^^^^^^^^^^^^^^^^^^^^^^^^^^^^^^^^^^^^^^^^^^^^^^^^^^^^^^^^^^^^^^^^^^^^^^^^^^^^^^^^^^^^^^^^^^^^^^^^^^^^^^^^^^^^^^^^^^^^^^^^^^^^
> 77 |       </section>
     | ^^^^^^
  78 |
  79 |       {/* Story & Tips Section */}
  80 |       <section className="bg-surface-alt py-20 px-6 md:px-12 w-full mt-12 relative overflow-hidden">

Parsing ecmascript source code failed @ http://localhost:3000/_next/static/chunks/node_modules_next_dist_1gdrd03._.js:1945
[ 6812810ms] [ERROR] ./src/app/page.tsx:76:15
Expected '</', got 'jsx text'
  74 |             </div>
  75 |           </div>
> 76 |         </div>
     |               ^^^^^^^^^^^^^^^^^^^^^^^^^^^^^^^^^^^^^^^^^^^^^^^^^^^^^^^^^^^^^^^^^^^^^^^^^^^^^^^^^^^^^^^^^^^^^^^^^^^^^^^^^^^^^^^^^^^^^^^^^^^^^^^^^^^^^^^^^^^^^^^^^^^^^^^^^^^^^^^^^
> 77 |       </section>
     | ^^^^^^
  78 |
  79 |       {/* Story & Tips Section */}
  80 |       <section className="bg-surface-alt py-20 px-6 md:px-12 w-full mt-12 relative overflow-hidden">

Parsing ecmascript source code failed @ http://localhost:3000/_next/static/chunks/node_modules_next_dist_1gdrd03._.js:1945
[ 6812861ms] [ERROR] ./src/app/page.tsx:76:15
Expected '</', got 'jsx text'
  74 |             </div>
  75 |           </div>
> 76 |         </div>
     |               ^^^^^^^^^^^^^^^^^^^^^^^^^^^^^^^^^^^^^^^^^^^^^^^^^^^^^^^^^^^^^^^^^^^^^^^^^^^^^^^^^^^^^^^^^^^^^^^^^^^^^^^^^^^^^^^^^^^^^^^^^^^^^^^^^^^^^^^^^^^^^^^^^^^^^^^^^^^^^^^^^
> 77 |       </section>
     | ^^^^^^
  78 |
  79 |       {/* Story & Tips Section */}
  80 |       <section className="bg-surface-alt py-20 px-6 md:px-12 w-full mt-12 relative overflow-hidden">

Parsing ecmascript source code failed @ http://localhost:3000/_next/static/chunks/node_modules_next_dist_1gdrd03._.js:1945
[ 6812924ms] [ERROR] ./src/app/page.tsx:76:15
Expected '</', got 'jsx text'
  74 |             </div>
  75 |           </div>
> 76 |         </div>
     |               ^^^^^^^^^^^^^^^^^^^^^^^^^^^^^^^^^^^^^^^^^^^^^^^^^^^^^^^^^^^^^^^^^^^^^^^^^^^^^^^^^^^^^^^^^^^^^^^^^^^^^^^^^^^^^^^^^^^^^^^^^^^^^^^^^^^^^^^^^^^^^^^^^^^^^^^^^^^^^^^^^
> 77 |       </section>
     | ^^^^^^
  78 |
  79 |       {/* Story & Tips Section */}
  80 |       <section className="bg-surface-alt py-20 px-6 md:px-12 w-full mt-12 relative overflow-hidden">

Parsing ecmascript source code failed @ http://localhost:3000/_next/static/chunks/node_modules_next_dist_1gdrd03._.js:1945
[ 6812985ms] [ERROR] ./src/app/page.tsx:76:15
Expected '</', got 'jsx text'
  74 |             </div>
  75 |           </div>
> 76 |         </div>
     |               ^^^^^^^^^^^^^^^^^^^^^^^^^^^^^^^^^^^^^^^^^^^^^^^^^^^^^^^^^^^^^^^^^^^^^^^^^^^^^^^^^^^^^^^^^^^^^^^^^^^^^^^^^^^^^^^^^^^^^^^^^^^^^^^^^^^^^^^^^^^^^^^^^^^^^^^^^^^^^^^^^
> 77 |       </section>
     | ^^^^^^
  78 |
  79 |       {/* Story & Tips Section */}
  80 |       <section className="bg-surface-alt py-20 px-6 md:px-12 w-full mt-12 relative overflow-hidden">

Parsing ecmascript source code failed @ http://localhost:3000/_next/static/chunks/node_modules_next_dist_1gdrd03._.js:1945
[ 6813049ms] [ERROR] ./src/app/page.tsx:76:15
Expected '</', got 'jsx text'
  74 |             </div>
  75 |           </div>
> 76 |         </div>
     |               ^^^^^^^^^^^^^^^^^^^^^^^^^^^^^^^^^^^^^^^^^^^^^^^^^^^^^^^^^^^^^^^^^^^^^^^^^^^^^^^^^^^^^^^^^^^^^^^^^^^^^^^^^^^^^^^^^^^^^^^^^^^^^^^^^^^^^^^^^^^^^^^^^^^^^^^^^^^^^^^^^
> 77 |       </section>
     | ^^^^^^
  78 |
  79 |       {/* Story & Tips Section */}
  80 |       <section className="bg-surface-alt py-20 px-6 md:px-12 w-full mt-12 relative overflow-hidden">

Parsing ecmascript source code failed @ http://localhost:3000/_next/static/chunks/node_modules_next_dist_1gdrd03._.js:1945
[ 6813111ms] [ERROR] ./src/app/page.tsx:76:15
Expected '</', got 'jsx text'
  74 |             </div>
  75 |           </div>
> 76 |         </div>
     |               ^^^^^^^^^^^^^^^^^^^^^^^^^^^^^^^^^^^^^^^^^^^^^^^^^^^^^^^^^^^^^^^^^^^^^^^^^^^^^^^^^^^^^^^^^^^^^^^^^^^^^^^^^^^^^^^^^^^^^^^^^^^^^^^^^^^^^^^^^^^^^^^^^^^^^^^^^^^^^^^^^
> 77 |       </section>
     | ^^^^^^
  78 |
  79 |       {/* Story & Tips Section */}
  80 |       <section className="bg-surface-alt py-20 px-6 md:px-12 w-full mt-12 relative overflow-hidden">

Parsing ecmascript source code failed @ http://localhost:3000/_next/static/chunks/node_modules_next_dist_1gdrd03._.js:1945
[ 6813173ms] [ERROR] ./src/app/page.tsx:76:15
Expected '</', got 'jsx text'
  74 |             </div>
  75 |           </div>
> 76 |         </div>
     |               ^^^^^^^^^^^^^^^^^^^^^^^^^^^^^^^^^^^^^^^^^^^^^^^^^^^^^^^^^^^^^^^^^^^^^^^^^^^^^^^^^^^^^^^^^^^^^^^^^^^^^^^^^^^^^^^^^^^^^^^^^^^^^^^^^^^^^^^^^^^^^^^^^^^^^^^^^^^^^^^^^
> 77 |       </section>
     | ^^^^^^
  78 |
  79 |       {/* Story & Tips Section */}
  80 |       <section className="bg-surface-alt py-20 px-6 md:px-12 w-full mt-12 relative overflow-hidden">

Parsing ecmascript source code failed @ http://localhost:3000/_next/static/chunks/node_modules_next_dist_1gdrd03._.js:1945
[ 6813237ms] [ERROR] ./src/app/page.tsx:76:15
Expected '</', got 'jsx text'
  74 |             </div>
  75 |           </div>
> 76 |         </div>
     |               ^^^^^^^^^^^^^^^^^^^^^^^^^^^^^^^^^^^^^^^^^^^^^^^^^^^^^^^^^^^^^^^^^^^^^^^^^^^^^^^^^^^^^^^^^^^^^^^^^^^^^^^^^^^^^^^^^^^^^^^^^^^^^^^^^^^^^^^^^^^^^^^^^^^^^^^^^^^^^^^^^
> 77 |       </section>
     | ^^^^^^
  78 |
  79 |       {/* Story & Tips Section */}
  80 |       <section className="bg-surface-alt py-20 px-6 md:px-12 w-full mt-12 relative overflow-hidden">

Parsing ecmascript source code failed @ http://localhost:3000/_next/static/chunks/node_modules_next_dist_1gdrd03._.js:1945
[ 6813299ms] [ERROR] ./src/app/page.tsx:76:15
Expected '</', got 'jsx text'
  74 |             </div>
  75 |           </div>
> 76 |         </div>
     |               ^^^^^^^^^^^^^^^^^^^^^^^^^^^^^^^^^^^^^^^^^^^^^^^^^^^^^^^^^^^^^^^^^^^^^^^^^^^^^^^^^^^^^^^^^^^^^^^^^^^^^^^^^^^^^^^^^^^^^^^^^^^^^^^^^^^^^^^^^^^^^^^^^^^^^^^^^^^^^^^^^
> 77 |       </section>
     | ^^^^^^
  78 |
  79 |       {/* Story & Tips Section */}
  80 |       <section className="bg-surface-alt py-20 px-6 md:px-12 w-full mt-12 relative overflow-hidden">

Parsing ecmascript source code failed @ http://localhost:3000/_next/static/chunks/node_modules_next_dist_1gdrd03._.js:1945
[ 6813363ms] [ERROR] ./src/app/page.tsx:76:15
Expected '</', got 'jsx text'
  74 |             </div>
  75 |           </div>
> 76 |         </div>
     |               ^^^^^^^^^^^^^^^^^^^^^^^^^^^^^^^^^^^^^^^^^^^^^^^^^^^^^^^^^^^^^^^^^^^^^^^^^^^^^^^^^^^^^^^^^^^^^^^^^^^^^^^^^^^^^^^^^^^^^^^^^^^^^^^^^^^^^^^^^^^^^^^^^^^^^^^^^^^^^^^^^
> 77 |       </section>
     | ^^^^^^
  78 |
  79 |       {/* Story & Tips Section */}
  80 |       <section className="bg-surface-alt py-20 px-6 md:px-12 w-full mt-12 relative overflow-hidden">

Parsing ecmascript source code failed @ http://localhost:3000/_next/static/chunks/node_modules_next_dist_1gdrd03._.js:1945
[ 6813426ms] [ERROR] ./src/app/page.tsx:76:15
Expected '</', got 'jsx text'
  74 |             </div>
  75 |           </div>
> 76 |         </div>
     |               ^^^^^^^^^^^^^^^^^^^^^^^^^^^^^^^^^^^^^^^^^^^^^^^^^^^^^^^^^^^^^^^^^^^^^^^^^^^^^^^^^^^^^^^^^^^^^^^^^^^^^^^^^^^^^^^^^^^^^^^^^^^^^^^^^^^^^^^^^^^^^^^^^^^^^^^^^^^^^^^^^
> 77 |       </section>
     | ^^^^^^
  78 |
  79 |       {/* Story & Tips Section */}
  80 |       <section className="bg-surface-alt py-20 px-6 md:px-12 w-full mt-12 relative overflow-hidden">

Parsing ecmascript source code failed @ http://localhost:3000/_next/static/chunks/node_modules_next_dist_1gdrd03._.js:1945
[ 6813488ms] [ERROR] ./src/app/page.tsx:76:15
Expected '</', got 'jsx text'
  74 |             </div>
  75 |           </div>
> 76 |         </div>
     |               ^^^^^^^^^^^^^^^^^^^^^^^^^^^^^^^^^^^^^^^^^^^^^^^^^^^^^^^^^^^^^^^^^^^^^^^^^^^^^^^^^^^^^^^^^^^^^^^^^^^^^^^^^^^^^^^^^^^^^^^^^^^^^^^^^^^^^^^^^^^^^^^^^^^^^^^^^^^^^^^^^
> 77 |       </section>
     | ^^^^^^
  78 |
  79 |       {/* Story & Tips Section */}
  80 |       <section className="bg-surface-alt py-20 px-6 md:px-12 w-full mt-12 relative overflow-hidden">

Parsing ecmascript source code failed @ http://localhost:3000/_next/static/chunks/node_modules_next_dist_1gdrd03._.js:1945
[ 6813549ms] [ERROR] ./src/app/page.tsx:76:15
Expected '</', got 'jsx text'
  74 |             </div>
  75 |           </div>
> 76 |         </div>
     |               ^^^^^^^^^^^^^^^^^^^^^^^^^^^^^^^^^^^^^^^^^^^^^^^^^^^^^^^^^^^^^^^^^^^^^^^^^^^^^^^^^^^^^^^^^^^^^^^^^^^^^^^^^^^^^^^^^^^^^^^^^^^^^^^^^^^^^^^^^^^^^^^^^^^^^^^^^^^^^^^^^
> 77 |       </section>
     | ^^^^^^
  78 |
  79 |       {/* Story & Tips Section */}
  80 |       <section className="bg-surface-alt py-20 px-6 md:px-12 w-full mt-12 relative overflow-hidden">

Parsing ecmascript source code failed @ http://localhost:3000/_next/static/chunks/node_modules_next_dist_1gdrd03._.js:1945
[ 6813610ms] [ERROR] ./src/app/page.tsx:76:15
Expected '</', got 'jsx text'
  74 |             </div>
  75 |           </div>
> 76 |         </div>
     |               ^^^^^^^^^^^^^^^^^^^^^^^^^^^^^^^^^^^^^^^^^^^^^^^^^^^^^^^^^^^^^^^^^^^^^^^^^^^^^^^^^^^^^^^^^^^^^^^^^^^^^^^^^^^^^^^^^^^^^^^^^^^^^^^^^^^^^^^^^^^^^^^^^^^^^^^^^^^^^^^^^
> 77 |       </section>
     | ^^^^^^
  78 |
  79 |       {/* Story & Tips Section */}
  80 |       <section className="bg-surface-alt py-20 px-6 md:px-12 w-full mt-12 relative overflow-hidden">

Parsing ecmascript source code failed @ http://localhost:3000/_next/static/chunks/node_modules_next_dist_1gdrd03._.js:1945
[ 6813674ms] [ERROR] ./src/app/page.tsx:76:15
Expected '</', got 'jsx text'
  74 |             </div>
  75 |           </div>
> 76 |         </div>
     |               ^^^^^^^^^^^^^^^^^^^^^^^^^^^^^^^^^^^^^^^^^^^^^^^^^^^^^^^^^^^^^^^^^^^^^^^^^^^^^^^^^^^^^^^^^^^^^^^^^^^^^^^^^^^^^^^^^^^^^^^^^^^^^^^^^^^^^^^^^^^^^^^^^^^^^^^^^^^^^^^^^
> 77 |       </section>
     | ^^^^^^
  78 |
  79 |       {/* Story & Tips Section */}
  80 |       <section className="bg-surface-alt py-20 px-6 md:px-12 w-full mt-12 relative overflow-hidden">

Parsing ecmascript source code failed @ http://localhost:3000/_next/static/chunks/node_modules_next_dist_1gdrd03._.js:1945
[ 6813735ms] [ERROR] ./src/app/page.tsx:76:15
Expected '</', got 'jsx text'
  74 |             </div>
  75 |           </div>
> 76 |         </div>
     |               ^^^^^^^^^^^^^^^^^^^^^^^^^^^^^^^^^^^^^^^^^^^^^^^^^^^^^^^^^^^^^^^^^^^^^^^^^^^^^^^^^^^^^^^^^^^^^^^^^^^^^^^^^^^^^^^^^^^^^^^^^^^^^^^^^^^^^^^^^^^^^^^^^^^^^^^^^^^^^^^^^
> 77 |       </section>
     | ^^^^^^
  78 |
  79 |       {/* Story & Tips Section */}
  80 |       <section className="bg-surface-alt py-20 px-6 md:px-12 w-full mt-12 relative overflow-hidden">

Parsing ecmascript source code failed @ http://localhost:3000/_next/static/chunks/node_modules_next_dist_1gdrd03._.js:1945
[ 6813797ms] [ERROR] ./src/app/page.tsx:76:15
Expected '</', got 'jsx text'
  74 |             </div>
  75 |           </div>
> 76 |         </div>
     |               ^^^^^^^^^^^^^^^^^^^^^^^^^^^^^^^^^^^^^^^^^^^^^^^^^^^^^^^^^^^^^^^^^^^^^^^^^^^^^^^^^^^^^^^^^^^^^^^^^^^^^^^^^^^^^^^^^^^^^^^^^^^^^^^^^^^^^^^^^^^^^^^^^^^^^^^^^^^^^^^^^
> 77 |       </section>
     | ^^^^^^
  78 |
  79 |       {/* Story & Tips Section */}
  80 |       <section className="bg-surface-alt py-20 px-6 md:px-12 w-full mt-12 relative overflow-hidden">

Parsing ecmascript source code failed @ http://localhost:3000/_next/static/chunks/node_modules_next_dist_1gdrd03._.js:1945
[ 6813860ms] [ERROR] ./src/app/page.tsx:76:15
Expected '</', got 'jsx text'
  74 |             </div>
  75 |           </div>
> 76 |         </div>
     |               ^^^^^^^^^^^^^^^^^^^^^^^^^^^^^^^^^^^^^^^^^^^^^^^^^^^^^^^^^^^^^^^^^^^^^^^^^^^^^^^^^^^^^^^^^^^^^^^^^^^^^^^^^^^^^^^^^^^^^^^^^^^^^^^^^^^^^^^^^^^^^^^^^^^^^^^^^^^^^^^^^
> 77 |       </section>
     | ^^^^^^
  78 |
  79 |       {/* Story & Tips Section */}
  80 |       <section className="bg-surface-alt py-20 px-6 md:px-12 w-full mt-12 relative overflow-hidden">

Parsing ecmascript source code failed @ http://localhost:3000/_next/static/chunks/node_modules_next_dist_1gdrd03._.js:1945
[ 6813961ms] [ERROR] ./src/app/page.tsx:76:15
Expected '</', got 'jsx text'
  74 |             </div>
  75 |           </div>
> 76 |         </div>
     |               ^^^^^^^^^^^^^^^^^^^^^^^^^^^^^^^^^^^^^^^^^^^^^^^^^^^^^^^^^^^^^^^^^^^^^^^^^^^^^^^^^^^^^^^^^^^^^^^^^^^^^^^^^^^^^^^^^^^^^^^^^^^^^^^^^^^^^^^^^^^^^^^^^^^^^^^^^^^^^^^^^
> 77 |       </section>
     | ^^^^^^
  78 |
  79 |       {/* Story & Tips Section */}
  80 |       <section className="bg-surface-alt py-20 px-6 md:px-12 w-full mt-12 relative overflow-hidden">

Parsing ecmascript source code failed @ http://localhost:3000/_next/static/chunks/node_modules_next_dist_1gdrd03._.js:1945
[ 6814017ms] [ERROR] ./src/app/page.tsx:76:15
Expected '</', got 'jsx text'
  74 |             </div>
  75 |           </div>
> 76 |         </div>
     |               ^^^^^^^^^^^^^^^^^^^^^^^^^^^^^^^^^^^^^^^^^^^^^^^^^^^^^^^^^^^^^^^^^^^^^^^^^^^^^^^^^^^^^^^^^^^^^^^^^^^^^^^^^^^^^^^^^^^^^^^^^^^^^^^^^^^^^^^^^^^^^^^^^^^^^^^^^^^^^^^^^
> 77 |       </section>
     | ^^^^^^
  78 |
  79 |       {/* Story & Tips Section */}
  80 |       <section className="bg-surface-alt py-20 px-6 md:px-12 w-full mt-12 relative overflow-hidden">

Parsing ecmascript source code failed @ http://localhost:3000/_next/static/chunks/node_modules_next_dist_1gdrd03._.js:1945
[ 6814079ms] [ERROR] ./src/app/page.tsx:76:15
Expected '</', got 'jsx text'
  74 |             </div>
  75 |           </div>
> 76 |         </div>
     |               ^^^^^^^^^^^^^^^^^^^^^^^^^^^^^^^^^^^^^^^^^^^^^^^^^^^^^^^^^^^^^^^^^^^^^^^^^^^^^^^^^^^^^^^^^^^^^^^^^^^^^^^^^^^^^^^^^^^^^^^^^^^^^^^^^^^^^^^^^^^^^^^^^^^^^^^^^^^^^^^^^
> 77 |       </section>
     | ^^^^^^
  78 |
  79 |       {/* Story & Tips Section */}
  80 |       <section className="bg-surface-alt py-20 px-6 md:px-12 w-full mt-12 relative overflow-hidden">

Parsing ecmascript source code failed @ http://localhost:3000/_next/static/chunks/node_modules_next_dist_1gdrd03._.js:1945
[ 6814141ms] [ERROR] ./src/app/page.tsx:76:15
Expected '</', got 'jsx text'
  74 |             </div>
  75 |           </div>
> 76 |         </div>
     |               ^^^^^^^^^^^^^^^^^^^^^^^^^^^^^^^^^^^^^^^^^^^^^^^^^^^^^^^^^^^^^^^^^^^^^^^^^^^^^^^^^^^^^^^^^^^^^^^^^^^^^^^^^^^^^^^^^^^^^^^^^^^^^^^^^^^^^^^^^^^^^^^^^^^^^^^^^^^^^^^^^
> 77 |       </section>
     | ^^^^^^
  78 |
  79 |       {/* Story & Tips Section */}
  80 |       <section className="bg-surface-alt py-20 px-6 md:px-12 w-full mt-12 relative overflow-hidden">

Parsing ecmascript source code failed @ http://localhost:3000/_next/static/chunks/node_modules_next_dist_1gdrd03._.js:1945
[ 6814204ms] [ERROR] ./src/app/page.tsx:76:15
Expected '</', got 'jsx text'
  74 |             </div>
  75 |           </div>
> 76 |         </div>
     |               ^^^^^^^^^^^^^^^^^^^^^^^^^^^^^^^^^^^^^^^^^^^^^^^^^^^^^^^^^^^^^^^^^^^^^^^^^^^^^^^^^^^^^^^^^^^^^^^^^^^^^^^^^^^^^^^^^^^^^^^^^^^^^^^^^^^^^^^^^^^^^^^^^^^^^^^^^^^^^^^^^
> 77 |       </section>
     | ^^^^^^
  78 |
  79 |       {/* Story & Tips Section */}
  80 |       <section className="bg-surface-alt py-20 px-6 md:px-12 w-full mt-12 relative overflow-hidden">

Parsing ecmascript source code failed @ http://localhost:3000/_next/static/chunks/node_modules_next_dist_1gdrd03._.js:1945
[ 6814267ms] [ERROR] ./src/app/page.tsx:76:15
Expected '</', got 'jsx text'
  74 |             </div>
  75 |           </div>
> 76 |         </div>
     |               ^^^^^^^^^^^^^^^^^^^^^^^^^^^^^^^^^^^^^^^^^^^^^^^^^^^^^^^^^^^^^^^^^^^^^^^^^^^^^^^^^^^^^^^^^^^^^^^^^^^^^^^^^^^^^^^^^^^^^^^^^^^^^^^^^^^^^^^^^^^^^^^^^^^^^^^^^^^^^^^^^
> 77 |       </section>
     | ^^^^^^
  78 |
  79 |       {/* Story & Tips Section */}
  80 |       <section className="bg-surface-alt py-20 px-6 md:px-12 w-full mt-12 relative overflow-hidden">

Parsing ecmascript source code failed @ http://localhost:3000/_next/static/chunks/node_modules_next_dist_1gdrd03._.js:1945
[ 6814329ms] [ERROR] ./src/app/page.tsx:76:15
Expected '</', got 'jsx text'
  74 |             </div>
  75 |           </div>
> 76 |         </div>
     |               ^^^^^^^^^^^^^^^^^^^^^^^^^^^^^^^^^^^^^^^^^^^^^^^^^^^^^^^^^^^^^^^^^^^^^^^^^^^^^^^^^^^^^^^^^^^^^^^^^^^^^^^^^^^^^^^^^^^^^^^^^^^^^^^^^^^^^^^^^^^^^^^^^^^^^^^^^^^^^^^^^
> 77 |       </section>
     | ^^^^^^
  78 |
  79 |       {/* Story & Tips Section */}
  80 |       <section className="bg-surface-alt py-20 px-6 md:px-12 w-full mt-12 relative overflow-hidden">

Parsing ecmascript source code failed @ http://localhost:3000/_next/static/chunks/node_modules_next_dist_1gdrd03._.js:1945
[ 6814391ms] [ERROR] ./src/app/page.tsx:76:15
Expected '</', got 'jsx text'
  74 |             </div>
  75 |           </div>
> 76 |         </div>
     |               ^^^^^^^^^^^^^^^^^^^^^^^^^^^^^^^^^^^^^^^^^^^^^^^^^^^^^^^^^^^^^^^^^^^^^^^^^^^^^^^^^^^^^^^^^^^^^^^^^^^^^^^^^^^^^^^^^^^^^^^^^^^^^^^^^^^^^^^^^^^^^^^^^^^^^^^^^^^^^^^^^
> 77 |       </section>
     | ^^^^^^
  78 |
  79 |       {/* Story & Tips Section */}
  80 |       <section className="bg-surface-alt py-20 px-6 md:px-12 w-full mt-12 relative overflow-hidden">

Parsing ecmascript source code failed @ http://localhost:3000/_next/static/chunks/node_modules_next_dist_1gdrd03._.js:1945
[ 6814453ms] [ERROR] ./src/app/page.tsx:76:15
Expected '</', got 'jsx text'
  74 |             </div>
  75 |           </div>
> 76 |         </div>
     |               ^^^^^^^^^^^^^^^^^^^^^^^^^^^^^^^^^^^^^^^^^^^^^^^^^^^^^^^^^^^^^^^^^^^^^^^^^^^^^^^^^^^^^^^^^^^^^^^^^^^^^^^^^^^^^^^^^^^^^^^^^^^^^^^^^^^^^^^^^^^^^^^^^^^^^^^^^^^^^^^^^
> 77 |       </section>
     | ^^^^^^
  78 |
  79 |       {/* Story & Tips Section */}
  80 |       <section className="bg-surface-alt py-20 px-6 md:px-12 w-full mt-12 relative overflow-hidden">

Parsing ecmascript source code failed @ http://localhost:3000/_next/static/chunks/node_modules_next_dist_1gdrd03._.js:1945
[ 6814515ms] [ERROR] ./src/app/page.tsx:76:15
Expected '</', got 'jsx text'
  74 |             </div>
  75 |           </div>
> 76 |         </div>
     |               ^^^^^^^^^^^^^^^^^^^^^^^^^^^^^^^^^^^^^^^^^^^^^^^^^^^^^^^^^^^^^^^^^^^^^^^^^^^^^^^^^^^^^^^^^^^^^^^^^^^^^^^^^^^^^^^^^^^^^^^^^^^^^^^^^^^^^^^^^^^^^^^^^^^^^^^^^^^^^^^^^
> 77 |       </section>
     | ^^^^^^
  78 |
  79 |       {/* Story & Tips Section */}
  80 |       <section className="bg-surface-alt py-20 px-6 md:px-12 w-full mt-12 relative overflow-hidden">

Parsing ecmascript source code failed @ http://localhost:3000/_next/static/chunks/node_modules_next_dist_1gdrd03._.js:1945
[ 6814578ms] [ERROR] ./src/app/page.tsx:76:15
Expected '</', got 'jsx text'
  74 |             </div>
  75 |           </div>
> 76 |         </div>
     |               ^^^^^^^^^^^^^^^^^^^^^^^^^^^^^^^^^^^^^^^^^^^^^^^^^^^^^^^^^^^^^^^^^^^^^^^^^^^^^^^^^^^^^^^^^^^^^^^^^^^^^^^^^^^^^^^^^^^^^^^^^^^^^^^^^^^^^^^^^^^^^^^^^^^^^^^^^^^^^^^^^
> 77 |       </section>
     | ^^^^^^
  78 |
  79 |       {/* Story & Tips Section */}
  80 |       <section className="bg-surface-alt py-20 px-6 md:px-12 w-full mt-12 relative overflow-hidden">

Parsing ecmascript source code failed @ http://localhost:3000/_next/static/chunks/node_modules_next_dist_1gdrd03._.js:1945
[ 6814640ms] [ERROR] ./src/app/page.tsx:76:15
Expected '</', got 'jsx text'
  74 |             </div>
  75 |           </div>
> 76 |         </div>
     |               ^^^^^^^^^^^^^^^^^^^^^^^^^^^^^^^^^^^^^^^^^^^^^^^^^^^^^^^^^^^^^^^^^^^^^^^^^^^^^^^^^^^^^^^^^^^^^^^^^^^^^^^^^^^^^^^^^^^^^^^^^^^^^^^^^^^^^^^^^^^^^^^^^^^^^^^^^^^^^^^^^
> 77 |       </section>
     | ^^^^^^
  78 |
  79 |       {/* Story & Tips Section */}
  80 |       <section className="bg-surface-alt py-20 px-6 md:px-12 w-full mt-12 relative overflow-hidden">

Parsing ecmascript source code failed @ http://localhost:3000/_next/static/chunks/node_modules_next_dist_1gdrd03._.js:1945
[ 6814702ms] [ERROR] ./src/app/page.tsx:76:15
Expected '</', got 'jsx text'
  74 |             </div>
  75 |           </div>
> 76 |         </div>
     |               ^^^^^^^^^^^^^^^^^^^^^^^^^^^^^^^^^^^^^^^^^^^^^^^^^^^^^^^^^^^^^^^^^^^^^^^^^^^^^^^^^^^^^^^^^^^^^^^^^^^^^^^^^^^^^^^^^^^^^^^^^^^^^^^^^^^^^^^^^^^^^^^^^^^^^^^^^^^^^^^^^
> 77 |       </section>
     | ^^^^^^
  78 |
  79 |       {/* Story & Tips Section */}
  80 |       <section className="bg-surface-alt py-20 px-6 md:px-12 w-full mt-12 relative overflow-hidden">

Parsing ecmascript source code failed @ http://localhost:3000/_next/static/chunks/node_modules_next_dist_1gdrd03._.js:1945
[ 6814763ms] [ERROR] ./src/app/page.tsx:76:15
Expected '</', got 'jsx text'
  74 |             </div>
  75 |           </div>
> 76 |         </div>
     |               ^^^^^^^^^^^^^^^^^^^^^^^^^^^^^^^^^^^^^^^^^^^^^^^^^^^^^^^^^^^^^^^^^^^^^^^^^^^^^^^^^^^^^^^^^^^^^^^^^^^^^^^^^^^^^^^^^^^^^^^^^^^^^^^^^^^^^^^^^^^^^^^^^^^^^^^^^^^^^^^^^
> 77 |       </section>
     | ^^^^^^
  78 |
  79 |       {/* Story & Tips Section */}
  80 |       <section className="bg-surface-alt py-20 px-6 md:px-12 w-full mt-12 relative overflow-hidden">

Parsing ecmascript source code failed @ http://localhost:3000/_next/static/chunks/node_modules_next_dist_1gdrd03._.js:1945
[ 6814826ms] [ERROR] ./src/app/page.tsx:76:15
Expected '</', got 'jsx text'
  74 |             </div>
  75 |           </div>
> 76 |         </div>
     |               ^^^^^^^^^^^^^^^^^^^^^^^^^^^^^^^^^^^^^^^^^^^^^^^^^^^^^^^^^^^^^^^^^^^^^^^^^^^^^^^^^^^^^^^^^^^^^^^^^^^^^^^^^^^^^^^^^^^^^^^^^^^^^^^^^^^^^^^^^^^^^^^^^^^^^^^^^^^^^^^^^
> 77 |       </section>
     | ^^^^^^
  78 |
  79 |       {/* Story & Tips Section */}
  80 |       <section className="bg-surface-alt py-20 px-6 md:px-12 w-full mt-12 relative overflow-hidden">

Parsing ecmascript source code failed @ http://localhost:3000/_next/static/chunks/node_modules_next_dist_1gdrd03._.js:1945
[ 6814889ms] [ERROR] ./src/app/page.tsx:76:15
Expected '</', got 'jsx text'
  74 |             </div>
  75 |           </div>
> 76 |         </div>
     |               ^^^^^^^^^^^^^^^^^^^^^^^^^^^^^^^^^^^^^^^^^^^^^^^^^^^^^^^^^^^^^^^^^^^^^^^^^^^^^^^^^^^^^^^^^^^^^^^^^^^^^^^^^^^^^^^^^^^^^^^^^^^^^^^^^^^^^^^^^^^^^^^^^^^^^^^^^^^^^^^^^
> 77 |       </section>
     | ^^^^^^
  78 |
  79 |       {/* Story & Tips Section */}
  80 |       <section className="bg-surface-alt py-20 px-6 md:px-12 w-full mt-12 relative overflow-hidden">

Parsing ecmascript source code failed @ http://localhost:3000/_next/static/chunks/node_modules_next_dist_1gdrd03._.js:1945
[ 6814951ms] [ERROR] ./src/app/page.tsx:76:15
Expected '</', got 'jsx text'
  74 |             </div>
  75 |           </div>
> 76 |         </div>
     |               ^^^^^^^^^^^^^^^^^^^^^^^^^^^^^^^^^^^^^^^^^^^^^^^^^^^^^^^^^^^^^^^^^^^^^^^^^^^^^^^^^^^^^^^^^^^^^^^^^^^^^^^^^^^^^^^^^^^^^^^^^^^^^^^^^^^^^^^^^^^^^^^^^^^^^^^^^^^^^^^^^
> 77 |       </section>
     | ^^^^^^
  78 |
  79 |       {/* Story & Tips Section */}
  80 |       <section className="bg-surface-alt py-20 px-6 md:px-12 w-full mt-12 relative overflow-hidden">

Parsing ecmascript source code failed @ http://localhost:3000/_next/static/chunks/node_modules_next_dist_1gdrd03._.js:1945
[ 6815014ms] [ERROR] ./src/app/page.tsx:76:15
Expected '</', got 'jsx text'
  74 |             </div>
  75 |           </div>
> 76 |         </div>
     |               ^^^^^^^^^^^^^^^^^^^^^^^^^^^^^^^^^^^^^^^^^^^^^^^^^^^^^^^^^^^^^^^^^^^^^^^^^^^^^^^^^^^^^^^^^^^^^^^^^^^^^^^^^^^^^^^^^^^^^^^^^^^^^^^^^^^^^^^^^^^^^^^^^^^^^^^^^^^^^^^^^
> 77 |       </section>
     | ^^^^^^
  78 |
  79 |       {/* Story & Tips Section */}
  80 |       <section className="bg-surface-alt py-20 px-6 md:px-12 w-full mt-12 relative overflow-hidden">

Parsing ecmascript source code failed @ http://localhost:3000/_next/static/chunks/node_modules_next_dist_1gdrd03._.js:1945
[ 6815076ms] [ERROR] ./src/app/page.tsx:76:15
Expected '</', got 'jsx text'
  74 |             </div>
  75 |           </div>
> 76 |         </div>
     |               ^^^^^^^^^^^^^^^^^^^^^^^^^^^^^^^^^^^^^^^^^^^^^^^^^^^^^^^^^^^^^^^^^^^^^^^^^^^^^^^^^^^^^^^^^^^^^^^^^^^^^^^^^^^^^^^^^^^^^^^^^^^^^^^^^^^^^^^^^^^^^^^^^^^^^^^^^^^^^^^^^
> 77 |       </section>
     | ^^^^^^
  78 |
  79 |       {/* Story & Tips Section */}
  80 |       <section className="bg-surface-alt py-20 px-6 md:px-12 w-full mt-12 relative overflow-hidden">

Parsing ecmascript source code failed @ http://localhost:3000/_next/static/chunks/node_modules_next_dist_1gdrd03._.js:1945
[ 6815140ms] [ERROR] ./src/app/page.tsx:76:15
Expected '</', got 'jsx text'
  74 |             </div>
  75 |           </div>
> 76 |         </div>
     |               ^^^^^^^^^^^^^^^^^^^^^^^^^^^^^^^^^^^^^^^^^^^^^^^^^^^^^^^^^^^^^^^^^^^^^^^^^^^^^^^^^^^^^^^^^^^^^^^^^^^^^^^^^^^^^^^^^^^^^^^^^^^^^^^^^^^^^^^^^^^^^^^^^^^^^^^^^^^^^^^^^
> 77 |       </section>
     | ^^^^^^
  78 |
  79 |       {/* Story & Tips Section */}
  80 |       <section className="bg-surface-alt py-20 px-6 md:px-12 w-full mt-12 relative overflow-hidden">

Parsing ecmascript source code failed @ http://localhost:3000/_next/static/chunks/node_modules_next_dist_1gdrd03._.js:1945
[ 6815200ms] [ERROR] ./src/app/page.tsx:76:15
Expected '</', got 'jsx text'
  74 |             </div>
  75 |           </div>
> 76 |         </div>
     |               ^^^^^^^^^^^^^^^^^^^^^^^^^^^^^^^^^^^^^^^^^^^^^^^^^^^^^^^^^^^^^^^^^^^^^^^^^^^^^^^^^^^^^^^^^^^^^^^^^^^^^^^^^^^^^^^^^^^^^^^^^^^^^^^^^^^^^^^^^^^^^^^^^^^^^^^^^^^^^^^^^
> 77 |       </section>
     | ^^^^^^
  78 |
  79 |       {/* Story & Tips Section */}
  80 |       <section className="bg-surface-alt py-20 px-6 md:px-12 w-full mt-12 relative overflow-hidden">

Parsing ecmascript source code failed @ http://localhost:3000/_next/static/chunks/node_modules_next_dist_1gdrd03._.js:1945
[ 6815262ms] [ERROR] ./src/app/page.tsx:76:15
Expected '</', got 'jsx text'
  74 |             </div>
  75 |           </div>
> 76 |         </div>
     |               ^^^^^^^^^^^^^^^^^^^^^^^^^^^^^^^^^^^^^^^^^^^^^^^^^^^^^^^^^^^^^^^^^^^^^^^^^^^^^^^^^^^^^^^^^^^^^^^^^^^^^^^^^^^^^^^^^^^^^^^^^^^^^^^^^^^^^^^^^^^^^^^^^^^^^^^^^^^^^^^^^
> 77 |       </section>
     | ^^^^^^
  78 |
  79 |       {/* Story & Tips Section */}
  80 |       <section className="bg-surface-alt py-20 px-6 md:px-12 w-full mt-12 relative overflow-hidden">

Parsing ecmascript source code failed @ http://localhost:3000/_next/static/chunks/node_modules_next_dist_1gdrd03._.js:1945
[ 6815324ms] [ERROR] ./src/app/page.tsx:76:15
Expected '</', got 'jsx text'
  74 |             </div>
  75 |           </div>
> 76 |         </div>
     |               ^^^^^^^^^^^^^^^^^^^^^^^^^^^^^^^^^^^^^^^^^^^^^^^^^^^^^^^^^^^^^^^^^^^^^^^^^^^^^^^^^^^^^^^^^^^^^^^^^^^^^^^^^^^^^^^^^^^^^^^^^^^^^^^^^^^^^^^^^^^^^^^^^^^^^^^^^^^^^^^^^
> 77 |       </section>
     | ^^^^^^
  78 |
  79 |       {/* Story & Tips Section */}
  80 |       <section className="bg-surface-alt py-20 px-6 md:px-12 w-full mt-12 relative overflow-hidden">

Parsing ecmascript source code failed @ http://localhost:3000/_next/static/chunks/node_modules_next_dist_1gdrd03._.js:1945
[ 6815387ms] [ERROR] ./src/app/page.tsx:76:15
Expected '</', got 'jsx text'
  74 |             </div>
  75 |           </div>
> 76 |         </div>
     |               ^^^^^^^^^^^^^^^^^^^^^^^^^^^^^^^^^^^^^^^^^^^^^^^^^^^^^^^^^^^^^^^^^^^^^^^^^^^^^^^^^^^^^^^^^^^^^^^^^^^^^^^^^^^^^^^^^^^^^^^^^^^^^^^^^^^^^^^^^^^^^^^^^^^^^^^^^^^^^^^^^
> 77 |       </section>
     | ^^^^^^
  78 |
  79 |       {/* Story & Tips Section */}
  80 |       <section className="bg-surface-alt py-20 px-6 md:px-12 w-full mt-12 relative overflow-hidden">

Parsing ecmascript source code failed @ http://localhost:3000/_next/static/chunks/node_modules_next_dist_1gdrd03._.js:1945
[ 6815449ms] [ERROR] ./src/app/page.tsx:76:15
Expected '</', got 'jsx text'
  74 |             </div>
  75 |           </div>
> 76 |         </div>
     |               ^^^^^^^^^^^^^^^^^^^^^^^^^^^^^^^^^^^^^^^^^^^^^^^^^^^^^^^^^^^^^^^^^^^^^^^^^^^^^^^^^^^^^^^^^^^^^^^^^^^^^^^^^^^^^^^^^^^^^^^^^^^^^^^^^^^^^^^^^^^^^^^^^^^^^^^^^^^^^^^^^
> 77 |       </section>
     | ^^^^^^
  78 |
  79 |       {/* Story & Tips Section */}
  80 |       <section className="bg-surface-alt py-20 px-6 md:px-12 w-full mt-12 relative overflow-hidden">

Parsing ecmascript source code failed @ http://localhost:3000/_next/static/chunks/node_modules_next_dist_1gdrd03._.js:1945
[ 6815511ms] [ERROR] ./src/app/page.tsx:76:15
Expected '</', got 'jsx text'
  74 |             </div>
  75 |           </div>
> 76 |         </div>
     |               ^^^^^^^^^^^^^^^^^^^^^^^^^^^^^^^^^^^^^^^^^^^^^^^^^^^^^^^^^^^^^^^^^^^^^^^^^^^^^^^^^^^^^^^^^^^^^^^^^^^^^^^^^^^^^^^^^^^^^^^^^^^^^^^^^^^^^^^^^^^^^^^^^^^^^^^^^^^^^^^^^
> 77 |       </section>
     | ^^^^^^
  78 |
  79 |       {/* Story & Tips Section */}
  80 |       <section className="bg-surface-alt py-20 px-6 md:px-12 w-full mt-12 relative overflow-hidden">

Parsing ecmascript source code failed @ http://localhost:3000/_next/static/chunks/node_modules_next_dist_1gdrd03._.js:1945
[ 6815575ms] [ERROR] ./src/app/page.tsx:76:15
Expected '</', got 'jsx text'
  74 |             </div>
  75 |           </div>
> 76 |         </div>
     |               ^^^^^^^^^^^^^^^^^^^^^^^^^^^^^^^^^^^^^^^^^^^^^^^^^^^^^^^^^^^^^^^^^^^^^^^^^^^^^^^^^^^^^^^^^^^^^^^^^^^^^^^^^^^^^^^^^^^^^^^^^^^^^^^^^^^^^^^^^^^^^^^^^^^^^^^^^^^^^^^^^
> 77 |       </section>
     | ^^^^^^
  78 |
  79 |       {/* Story & Tips Section */}
  80 |       <section className="bg-surface-alt py-20 px-6 md:px-12 w-full mt-12 relative overflow-hidden">

Parsing ecmascript source code failed @ http://localhost:3000/_next/static/chunks/node_modules_next_dist_1gdrd03._.js:1945
[ 6815635ms] [ERROR] ./src/app/page.tsx:76:15
Expected '</', got 'jsx text'
  74 |             </div>
  75 |           </div>
> 76 |         </div>
     |               ^^^^^^^^^^^^^^^^^^^^^^^^^^^^^^^^^^^^^^^^^^^^^^^^^^^^^^^^^^^^^^^^^^^^^^^^^^^^^^^^^^^^^^^^^^^^^^^^^^^^^^^^^^^^^^^^^^^^^^^^^^^^^^^^^^^^^^^^^^^^^^^^^^^^^^^^^^^^^^^^^
> 77 |       </section>
     | ^^^^^^
  78 |
  79 |       {/* Story & Tips Section */}
  80 |       <section className="bg-surface-alt py-20 px-6 md:px-12 w-full mt-12 relative overflow-hidden">

Parsing ecmascript source code failed @ http://localhost:3000/_next/static/chunks/node_modules_next_dist_1gdrd03._.js:1945
[ 6815697ms] [ERROR] ./src/app/page.tsx:76:15
Expected '</', got 'jsx text'
  74 |             </div>
  75 |           </div>
> 76 |         </div>
     |               ^^^^^^^^^^^^^^^^^^^^^^^^^^^^^^^^^^^^^^^^^^^^^^^^^^^^^^^^^^^^^^^^^^^^^^^^^^^^^^^^^^^^^^^^^^^^^^^^^^^^^^^^^^^^^^^^^^^^^^^^^^^^^^^^^^^^^^^^^^^^^^^^^^^^^^^^^^^^^^^^^
> 77 |       </section>
     | ^^^^^^
  78 |
  79 |       {/* Story & Tips Section */}
  80 |       <section className="bg-surface-alt py-20 px-6 md:px-12 w-full mt-12 relative overflow-hidden">

Parsing ecmascript source code failed @ http://localhost:3000/_next/static/chunks/node_modules_next_dist_1gdrd03._.js:1945
[ 6815759ms] [ERROR] ./src/app/page.tsx:76:15
Expected '</', got 'jsx text'
  74 |             </div>
  75 |           </div>
> 76 |         </div>
     |               ^^^^^^^^^^^^^^^^^^^^^^^^^^^^^^^^^^^^^^^^^^^^^^^^^^^^^^^^^^^^^^^^^^^^^^^^^^^^^^^^^^^^^^^^^^^^^^^^^^^^^^^^^^^^^^^^^^^^^^^^^^^^^^^^^^^^^^^^^^^^^^^^^^^^^^^^^^^^^^^^^
> 77 |       </section>
     | ^^^^^^
  78 |
  79 |       {/* Story & Tips Section */}
  80 |       <section className="bg-surface-alt py-20 px-6 md:px-12 w-full mt-12 relative overflow-hidden">

Parsing ecmascript source code failed @ http://localhost:3000/_next/static/chunks/node_modules_next_dist_1gdrd03._.js:1945
[ 6815820ms] [ERROR] ./src/app/page.tsx:76:15
Expected '</', got 'jsx text'
  74 |             </div>
  75 |           </div>
> 76 |         </div>
     |               ^^^^^^^^^^^^^^^^^^^^^^^^^^^^^^^^^^^^^^^^^^^^^^^^^^^^^^^^^^^^^^^^^^^^^^^^^^^^^^^^^^^^^^^^^^^^^^^^^^^^^^^^^^^^^^^^^^^^^^^^^^^^^^^^^^^^^^^^^^^^^^^^^^^^^^^^^^^^^^^^^
> 77 |       </section>
     | ^^^^^^
  78 |
  79 |       {/* Story & Tips Section */}
  80 |       <section className="bg-surface-alt py-20 px-6 md:px-12 w-full mt-12 relative overflow-hidden">

Parsing ecmascript source code failed @ http://localhost:3000/_next/static/chunks/node_modules_next_dist_1gdrd03._.js:1945
[ 6815881ms] [ERROR] ./src/app/page.tsx:76:15
Expected '</', got 'jsx text'
  74 |             </div>
  75 |           </div>
> 76 |         </div>
     |               ^^^^^^^^^^^^^^^^^^^^^^^^^^^^^^^^^^^^^^^^^^^^^^^^^^^^^^^^^^^^^^^^^^^^^^^^^^^^^^^^^^^^^^^^^^^^^^^^^^^^^^^^^^^^^^^^^^^^^^^^^^^^^^^^^^^^^^^^^^^^^^^^^^^^^^^^^^^^^^^^^
> 77 |       </section>
     | ^^^^^^
  78 |
  79 |       {/* Story & Tips Section */}
  80 |       <section className="bg-surface-alt py-20 px-6 md:px-12 w-full mt-12 relative overflow-hidden">

Parsing ecmascript source code failed @ http://localhost:3000/_next/static/chunks/node_modules_next_dist_1gdrd03._.js:1945
[ 6815942ms] [ERROR] ./src/app/page.tsx:76:15
Expected '</', got 'jsx text'
  74 |             </div>
  75 |           </div>
> 76 |         </div>
     |               ^^^^^^^^^^^^^^^^^^^^^^^^^^^^^^^^^^^^^^^^^^^^^^^^^^^^^^^^^^^^^^^^^^^^^^^^^^^^^^^^^^^^^^^^^^^^^^^^^^^^^^^^^^^^^^^^^^^^^^^^^^^^^^^^^^^^^^^^^^^^^^^^^^^^^^^^^^^^^^^^^
> 77 |       </section>
     | ^^^^^^
  78 |
  79 |       {/* Story & Tips Section */}
  80 |       <section className="bg-surface-alt py-20 px-6 md:px-12 w-full mt-12 relative overflow-hidden">

Parsing ecmascript source code failed @ http://localhost:3000/_next/static/chunks/node_modules_next_dist_1gdrd03._.js:1945
[ 6816003ms] [ERROR] ./src/app/page.tsx:76:15
Expected '</', got 'jsx text'
  74 |             </div>
  75 |           </div>
> 76 |         </div>
     |               ^^^^^^^^^^^^^^^^^^^^^^^^^^^^^^^^^^^^^^^^^^^^^^^^^^^^^^^^^^^^^^^^^^^^^^^^^^^^^^^^^^^^^^^^^^^^^^^^^^^^^^^^^^^^^^^^^^^^^^^^^^^^^^^^^^^^^^^^^^^^^^^^^^^^^^^^^^^^^^^^^
> 77 |       </section>
     | ^^^^^^
  78 |
  79 |       {/* Story & Tips Section */}
  80 |       <section className="bg-surface-alt py-20 px-6 md:px-12 w-full mt-12 relative overflow-hidden">

Parsing ecmascript source code failed @ http://localhost:3000/_next/static/chunks/node_modules_next_dist_1gdrd03._.js:1945
[ 6816064ms] [ERROR] ./src/app/page.tsx:76:15
Expected '</', got 'jsx text'
  74 |             </div>
  75 |           </div>
> 76 |         </div>
     |               ^^^^^^^^^^^^^^^^^^^^^^^^^^^^^^^^^^^^^^^^^^^^^^^^^^^^^^^^^^^^^^^^^^^^^^^^^^^^^^^^^^^^^^^^^^^^^^^^^^^^^^^^^^^^^^^^^^^^^^^^^^^^^^^^^^^^^^^^^^^^^^^^^^^^^^^^^^^^^^^^^
> 77 |       </section>
     | ^^^^^^
  78 |
  79 |       {/* Story & Tips Section */}
  80 |       <section className="bg-surface-alt py-20 px-6 md:px-12 w-full mt-12 relative overflow-hidden">

Parsing ecmascript source code failed @ http://localhost:3000/_next/static/chunks/node_modules_next_dist_1gdrd03._.js:1945
[ 6816124ms] [ERROR] ./src/app/page.tsx:76:15
Expected '</', got 'jsx text'
  74 |             </div>
  75 |           </div>
> 76 |         </div>
     |               ^^^^^^^^^^^^^^^^^^^^^^^^^^^^^^^^^^^^^^^^^^^^^^^^^^^^^^^^^^^^^^^^^^^^^^^^^^^^^^^^^^^^^^^^^^^^^^^^^^^^^^^^^^^^^^^^^^^^^^^^^^^^^^^^^^^^^^^^^^^^^^^^^^^^^^^^^^^^^^^^^
> 77 |       </section>
     | ^^^^^^
  78 |
  79 |       {/* Story & Tips Section */}
  80 |       <section className="bg-surface-alt py-20 px-6 md:px-12 w-full mt-12 relative overflow-hidden">

Parsing ecmascript source code failed @ http://localhost:3000/_next/static/chunks/node_modules_next_dist_1gdrd03._.js:1945
[ 6816185ms] [ERROR] ./src/app/page.tsx:76:15
Expected '</', got 'jsx text'
  74 |             </div>
  75 |           </div>
> 76 |         </div>
     |               ^^^^^^^^^^^^^^^^^^^^^^^^^^^^^^^^^^^^^^^^^^^^^^^^^^^^^^^^^^^^^^^^^^^^^^^^^^^^^^^^^^^^^^^^^^^^^^^^^^^^^^^^^^^^^^^^^^^^^^^^^^^^^^^^^^^^^^^^^^^^^^^^^^^^^^^^^^^^^^^^^
> 77 |       </section>
     | ^^^^^^
  78 |
  79 |       {/* Story & Tips Section */}
  80 |       <section className="bg-surface-alt py-20 px-6 md:px-12 w-full mt-12 relative overflow-hidden">

Parsing ecmascript source code failed @ http://localhost:3000/_next/static/chunks/node_modules_next_dist_1gdrd03._.js:1945
[ 6816246ms] [ERROR] ./src/app/page.tsx:76:15
Expected '</', got 'jsx text'
  74 |             </div>
  75 |           </div>
> 76 |         </div>
     |               ^^^^^^^^^^^^^^^^^^^^^^^^^^^^^^^^^^^^^^^^^^^^^^^^^^^^^^^^^^^^^^^^^^^^^^^^^^^^^^^^^^^^^^^^^^^^^^^^^^^^^^^^^^^^^^^^^^^^^^^^^^^^^^^^^^^^^^^^^^^^^^^^^^^^^^^^^^^^^^^^^
> 77 |       </section>
     | ^^^^^^
  78 |
  79 |       {/* Story & Tips Section */}
  80 |       <section className="bg-surface-alt py-20 px-6 md:px-12 w-full mt-12 relative overflow-hidden">

Parsing ecmascript source code failed @ http://localhost:3000/_next/static/chunks/node_modules_next_dist_1gdrd03._.js:1945
[ 6816306ms] [ERROR] ./src/app/page.tsx:76:15
Expected '</', got 'jsx text'
  74 |             </div>
  75 |           </div>
> 76 |         </div>
     |               ^^^^^^^^^^^^^^^^^^^^^^^^^^^^^^^^^^^^^^^^^^^^^^^^^^^^^^^^^^^^^^^^^^^^^^^^^^^^^^^^^^^^^^^^^^^^^^^^^^^^^^^^^^^^^^^^^^^^^^^^^^^^^^^^^^^^^^^^^^^^^^^^^^^^^^^^^^^^^^^^^
> 77 |       </section>
     | ^^^^^^
  78 |
  79 |       {/* Story & Tips Section */}
  80 |       <section className="bg-surface-alt py-20 px-6 md:px-12 w-full mt-12 relative overflow-hidden">

Parsing ecmascript source code failed @ http://localhost:3000/_next/static/chunks/node_modules_next_dist_1gdrd03._.js:1945
[ 6816368ms] [ERROR] ./src/app/page.tsx:76:15
Expected '</', got 'jsx text'
  74 |             </div>
  75 |           </div>
> 76 |         </div>
     |               ^^^^^^^^^^^^^^^^^^^^^^^^^^^^^^^^^^^^^^^^^^^^^^^^^^^^^^^^^^^^^^^^^^^^^^^^^^^^^^^^^^^^^^^^^^^^^^^^^^^^^^^^^^^^^^^^^^^^^^^^^^^^^^^^^^^^^^^^^^^^^^^^^^^^^^^^^^^^^^^^^
> 77 |       </section>
     | ^^^^^^
  78 |
  79 |       {/* Story & Tips Section */}
  80 |       <section className="bg-surface-alt py-20 px-6 md:px-12 w-full mt-12 relative overflow-hidden">

Parsing ecmascript source code failed @ http://localhost:3000/_next/static/chunks/node_modules_next_dist_1gdrd03._.js:1945
[ 6816428ms] [ERROR] ./src/app/page.tsx:76:15
Expected '</', got 'jsx text'
  74 |             </div>
  75 |           </div>
> 76 |         </div>
     |               ^^^^^^^^^^^^^^^^^^^^^^^^^^^^^^^^^^^^^^^^^^^^^^^^^^^^^^^^^^^^^^^^^^^^^^^^^^^^^^^^^^^^^^^^^^^^^^^^^^^^^^^^^^^^^^^^^^^^^^^^^^^^^^^^^^^^^^^^^^^^^^^^^^^^^^^^^^^^^^^^^
> 77 |       </section>
     | ^^^^^^
  78 |
  79 |       {/* Story & Tips Section */}
  80 |       <section className="bg-surface-alt py-20 px-6 md:px-12 w-full mt-12 relative overflow-hidden">

Parsing ecmascript source code failed @ http://localhost:3000/_next/static/chunks/node_modules_next_dist_1gdrd03._.js:1945
[ 6816489ms] [ERROR] ./src/app/page.tsx:76:15
Expected '</', got 'jsx text'
  74 |             </div>
  75 |           </div>
> 76 |         </div>
     |               ^^^^^^^^^^^^^^^^^^^^^^^^^^^^^^^^^^^^^^^^^^^^^^^^^^^^^^^^^^^^^^^^^^^^^^^^^^^^^^^^^^^^^^^^^^^^^^^^^^^^^^^^^^^^^^^^^^^^^^^^^^^^^^^^^^^^^^^^^^^^^^^^^^^^^^^^^^^^^^^^^
> 77 |       </section>
     | ^^^^^^
  78 |
  79 |       {/* Story & Tips Section */}
  80 |       <section className="bg-surface-alt py-20 px-6 md:px-12 w-full mt-12 relative overflow-hidden">

Parsing ecmascript source code failed @ http://localhost:3000/_next/static/chunks/node_modules_next_dist_1gdrd03._.js:1945
[ 6816552ms] [ERROR] ./src/app/page.tsx:76:15
Expected '</', got 'jsx text'
  74 |             </div>
  75 |           </div>
> 76 |         </div>
     |               ^^^^^^^^^^^^^^^^^^^^^^^^^^^^^^^^^^^^^^^^^^^^^^^^^^^^^^^^^^^^^^^^^^^^^^^^^^^^^^^^^^^^^^^^^^^^^^^^^^^^^^^^^^^^^^^^^^^^^^^^^^^^^^^^^^^^^^^^^^^^^^^^^^^^^^^^^^^^^^^^^
> 77 |       </section>
     | ^^^^^^
  78 |
  79 |       {/* Story & Tips Section */}
  80 |       <section className="bg-surface-alt py-20 px-6 md:px-12 w-full mt-12 relative overflow-hidden">

Parsing ecmascript source code failed @ http://localhost:3000/_next/static/chunks/node_modules_next_dist_1gdrd03._.js:1945
[ 6816615ms] [ERROR] ./src/app/page.tsx:76:15
Expected '</', got 'jsx text'
  74 |             </div>
  75 |           </div>
> 76 |         </div>
     |               ^^^^^^^^^^^^^^^^^^^^^^^^^^^^^^^^^^^^^^^^^^^^^^^^^^^^^^^^^^^^^^^^^^^^^^^^^^^^^^^^^^^^^^^^^^^^^^^^^^^^^^^^^^^^^^^^^^^^^^^^^^^^^^^^^^^^^^^^^^^^^^^^^^^^^^^^^^^^^^^^^
> 77 |       </section>
     | ^^^^^^
  78 |
  79 |       {/* Story & Tips Section */}
  80 |       <section className="bg-surface-alt py-20 px-6 md:px-12 w-full mt-12 relative overflow-hidden">

Parsing ecmascript source code failed @ http://localhost:3000/_next/static/chunks/node_modules_next_dist_1gdrd03._.js:1945
[ 6816677ms] [ERROR] ./src/app/page.tsx:76:15
Expected '</', got 'jsx text'
  74 |             </div>
  75 |           </div>
> 76 |         </div>
     |               ^^^^^^^^^^^^^^^^^^^^^^^^^^^^^^^^^^^^^^^^^^^^^^^^^^^^^^^^^^^^^^^^^^^^^^^^^^^^^^^^^^^^^^^^^^^^^^^^^^^^^^^^^^^^^^^^^^^^^^^^^^^^^^^^^^^^^^^^^^^^^^^^^^^^^^^^^^^^^^^^^
> 77 |       </section>
     | ^^^^^^
  78 |
  79 |       {/* Story & Tips Section */}
  80 |       <section className="bg-surface-alt py-20 px-6 md:px-12 w-full mt-12 relative overflow-hidden">

Parsing ecmascript source code failed @ http://localhost:3000/_next/static/chunks/node_modules_next_dist_1gdrd03._.js:1945
[ 6816738ms] [ERROR] ./src/app/page.tsx:76:15
Expected '</', got 'jsx text'
  74 |             </div>
  75 |           </div>
> 76 |         </div>
     |               ^^^^^^^^^^^^^^^^^^^^^^^^^^^^^^^^^^^^^^^^^^^^^^^^^^^^^^^^^^^^^^^^^^^^^^^^^^^^^^^^^^^^^^^^^^^^^^^^^^^^^^^^^^^^^^^^^^^^^^^^^^^^^^^^^^^^^^^^^^^^^^^^^^^^^^^^^^^^^^^^^
> 77 |       </section>
     | ^^^^^^
  78 |
  79 |       {/* Story & Tips Section */}
  80 |       <section className="bg-surface-alt py-20 px-6 md:px-12 w-full mt-12 relative overflow-hidden">

Parsing ecmascript source code failed @ http://localhost:3000/_next/static/chunks/node_modules_next_dist_1gdrd03._.js:1945
[ 6816798ms] [ERROR] ./src/app/page.tsx:76:15
Expected '</', got 'jsx text'
  74 |             </div>
  75 |           </div>
> 76 |         </div>
     |               ^^^^^^^^^^^^^^^^^^^^^^^^^^^^^^^^^^^^^^^^^^^^^^^^^^^^^^^^^^^^^^^^^^^^^^^^^^^^^^^^^^^^^^^^^^^^^^^^^^^^^^^^^^^^^^^^^^^^^^^^^^^^^^^^^^^^^^^^^^^^^^^^^^^^^^^^^^^^^^^^^
> 77 |       </section>
     | ^^^^^^
  78 |
  79 |       {/* Story & Tips Section */}
  80 |       <section className="bg-surface-alt py-20 px-6 md:px-12 w-full mt-12 relative overflow-hidden">

Parsing ecmascript source code failed @ http://localhost:3000/_next/static/chunks/node_modules_next_dist_1gdrd03._.js:1945
[ 6816860ms] [ERROR] ./src/app/page.tsx:76:15
Expected '</', got 'jsx text'
  74 |             </div>
  75 |           </div>
> 76 |         </div>
     |               ^^^^^^^^^^^^^^^^^^^^^^^^^^^^^^^^^^^^^^^^^^^^^^^^^^^^^^^^^^^^^^^^^^^^^^^^^^^^^^^^^^^^^^^^^^^^^^^^^^^^^^^^^^^^^^^^^^^^^^^^^^^^^^^^^^^^^^^^^^^^^^^^^^^^^^^^^^^^^^^^^
> 77 |       </section>
     | ^^^^^^
  78 |
  79 |       {/* Story & Tips Section */}
  80 |       <section className="bg-surface-alt py-20 px-6 md:px-12 w-full mt-12 relative overflow-hidden">

Parsing ecmascript source code failed @ http://localhost:3000/_next/static/chunks/node_modules_next_dist_1gdrd03._.js:1945
[ 6816922ms] [ERROR] ./src/app/page.tsx:76:15
Expected '</', got 'jsx text'
  74 |             </div>
  75 |           </div>
> 76 |         </div>
     |               ^^^^^^^^^^^^^^^^^^^^^^^^^^^^^^^^^^^^^^^^^^^^^^^^^^^^^^^^^^^^^^^^^^^^^^^^^^^^^^^^^^^^^^^^^^^^^^^^^^^^^^^^^^^^^^^^^^^^^^^^^^^^^^^^^^^^^^^^^^^^^^^^^^^^^^^^^^^^^^^^^
> 77 |       </section>
     | ^^^^^^
  78 |
  79 |       {/* Story & Tips Section */}
  80 |       <section className="bg-surface-alt py-20 px-6 md:px-12 w-full mt-12 relative overflow-hidden">

Parsing ecmascript source code failed @ http://localhost:3000/_next/static/chunks/node_modules_next_dist_1gdrd03._.js:1945
[ 6816984ms] [ERROR] ./src/app/page.tsx:76:15
Expected '</', got 'jsx text'
  74 |             </div>
  75 |           </div>
> 76 |         </div>
     |               ^^^^^^^^^^^^^^^^^^^^^^^^^^^^^^^^^^^^^^^^^^^^^^^^^^^^^^^^^^^^^^^^^^^^^^^^^^^^^^^^^^^^^^^^^^^^^^^^^^^^^^^^^^^^^^^^^^^^^^^^^^^^^^^^^^^^^^^^^^^^^^^^^^^^^^^^^^^^^^^^^
> 77 |       </section>
     | ^^^^^^
  78 |
  79 |       {/* Story & Tips Section */}
  80 |       <section className="bg-surface-alt py-20 px-6 md:px-12 w-full mt-12 relative overflow-hidden">

Parsing ecmascript source code failed @ http://localhost:3000/_next/static/chunks/node_modules_next_dist_1gdrd03._.js:1945
[ 6817047ms] [ERROR] ./src/app/page.tsx:76:15
Expected '</', got 'jsx text'
  74 |             </div>
  75 |           </div>
> 76 |         </div>
     |               ^^^^^^^^^^^^^^^^^^^^^^^^^^^^^^^^^^^^^^^^^^^^^^^^^^^^^^^^^^^^^^^^^^^^^^^^^^^^^^^^^^^^^^^^^^^^^^^^^^^^^^^^^^^^^^^^^^^^^^^^^^^^^^^^^^^^^^^^^^^^^^^^^^^^^^^^^^^^^^^^^
> 77 |       </section>
     | ^^^^^^
  78 |
  79 |       {/* Story & Tips Section */}
  80 |       <section className="bg-surface-alt py-20 px-6 md:px-12 w-full mt-12 relative overflow-hidden">

Parsing ecmascript source code failed @ http://localhost:3000/_next/static/chunks/node_modules_next_dist_1gdrd03._.js:1945
[ 6817108ms] [ERROR] ./src/app/page.tsx:76:15
Expected '</', got 'jsx text'
  74 |             </div>
  75 |           </div>
> 76 |         </div>
     |               ^^^^^^^^^^^^^^^^^^^^^^^^^^^^^^^^^^^^^^^^^^^^^^^^^^^^^^^^^^^^^^^^^^^^^^^^^^^^^^^^^^^^^^^^^^^^^^^^^^^^^^^^^^^^^^^^^^^^^^^^^^^^^^^^^^^^^^^^^^^^^^^^^^^^^^^^^^^^^^^^^
> 77 |       </section>
     | ^^^^^^
  78 |
  79 |       {/* Story & Tips Section */}
  80 |       <section className="bg-surface-alt py-20 px-6 md:px-12 w-full mt-12 relative overflow-hidden">

Parsing ecmascript source code failed @ http://localhost:3000/_next/static/chunks/node_modules_next_dist_1gdrd03._.js:1945
[ 6817171ms] [ERROR] ./src/app/page.tsx:76:15
Expected '</', got 'jsx text'
  74 |             </div>
  75 |           </div>
> 76 |         </div>
     |               ^^^^^^^^^^^^^^^^^^^^^^^^^^^^^^^^^^^^^^^^^^^^^^^^^^^^^^^^^^^^^^^^^^^^^^^^^^^^^^^^^^^^^^^^^^^^^^^^^^^^^^^^^^^^^^^^^^^^^^^^^^^^^^^^^^^^^^^^^^^^^^^^^^^^^^^^^^^^^^^^^
> 77 |       </section>
     | ^^^^^^
  78 |
  79 |       {/* Story & Tips Section */}
  80 |       <section className="bg-surface-alt py-20 px-6 md:px-12 w-full mt-12 relative overflow-hidden">

Parsing ecmascript source code failed @ http://localhost:3000/_next/static/chunks/node_modules_next_dist_1gdrd03._.js:1945
[ 6817233ms] [ERROR] ./src/app/page.tsx:76:15
Expected '</', got 'jsx text'
  74 |             </div>
  75 |           </div>
> 76 |         </div>
     |               ^^^^^^^^^^^^^^^^^^^^^^^^^^^^^^^^^^^^^^^^^^^^^^^^^^^^^^^^^^^^^^^^^^^^^^^^^^^^^^^^^^^^^^^^^^^^^^^^^^^^^^^^^^^^^^^^^^^^^^^^^^^^^^^^^^^^^^^^^^^^^^^^^^^^^^^^^^^^^^^^^
> 77 |       </section>
     | ^^^^^^
  78 |
  79 |       {/* Story & Tips Section */}
  80 |       <section className="bg-surface-alt py-20 px-6 md:px-12 w-full mt-12 relative overflow-hidden">

Parsing ecmascript source code failed @ http://localhost:3000/_next/static/chunks/node_modules_next_dist_1gdrd03._.js:1945
[ 6817296ms] [ERROR] ./src/app/page.tsx:76:15
Expected '</', got 'jsx text'
  74 |             </div>
  75 |           </div>
> 76 |         </div>
     |               ^^^^^^^^^^^^^^^^^^^^^^^^^^^^^^^^^^^^^^^^^^^^^^^^^^^^^^^^^^^^^^^^^^^^^^^^^^^^^^^^^^^^^^^^^^^^^^^^^^^^^^^^^^^^^^^^^^^^^^^^^^^^^^^^^^^^^^^^^^^^^^^^^^^^^^^^^^^^^^^^^
> 77 |       </section>
     | ^^^^^^
  78 |
  79 |       {/* Story & Tips Section */}
  80 |       <section className="bg-surface-alt py-20 px-6 md:px-12 w-full mt-12 relative overflow-hidden">

Parsing ecmascript source code failed @ http://localhost:3000/_next/static/chunks/node_modules_next_dist_1gdrd03._.js:1945
[ 6817358ms] [ERROR] ./src/app/page.tsx:76:15
Expected '</', got 'jsx text'
  74 |             </div>
  75 |           </div>
> 76 |         </div>
     |               ^^^^^^^^^^^^^^^^^^^^^^^^^^^^^^^^^^^^^^^^^^^^^^^^^^^^^^^^^^^^^^^^^^^^^^^^^^^^^^^^^^^^^^^^^^^^^^^^^^^^^^^^^^^^^^^^^^^^^^^^^^^^^^^^^^^^^^^^^^^^^^^^^^^^^^^^^^^^^^^^^
> 77 |       </section>
     | ^^^^^^
  78 |
  79 |       {/* Story & Tips Section */}
  80 |       <section className="bg-surface-alt py-20 px-6 md:px-12 w-full mt-12 relative overflow-hidden">

Parsing ecmascript source code failed @ http://localhost:3000/_next/static/chunks/node_modules_next_dist_1gdrd03._.js:1945
[ 6817421ms] [ERROR] ./src/app/page.tsx:76:15
Expected '</', got 'jsx text'
  74 |             </div>
  75 |           </div>
> 76 |         </div>
     |               ^^^^^^^^^^^^^^^^^^^^^^^^^^^^^^^^^^^^^^^^^^^^^^^^^^^^^^^^^^^^^^^^^^^^^^^^^^^^^^^^^^^^^^^^^^^^^^^^^^^^^^^^^^^^^^^^^^^^^^^^^^^^^^^^^^^^^^^^^^^^^^^^^^^^^^^^^^^^^^^^^
> 77 |       </section>
     | ^^^^^^
  78 |
  79 |       {/* Story & Tips Section */}
  80 |       <section className="bg-surface-alt py-20 px-6 md:px-12 w-full mt-12 relative overflow-hidden">

Parsing ecmascript source code failed @ http://localhost:3000/_next/static/chunks/node_modules_next_dist_1gdrd03._.js:1945
[ 6817482ms] [ERROR] ./src/app/page.tsx:76:15
Expected '</', got 'jsx text'
  74 |             </div>
  75 |           </div>
> 76 |         </div>
     |               ^^^^^^^^^^^^^^^^^^^^^^^^^^^^^^^^^^^^^^^^^^^^^^^^^^^^^^^^^^^^^^^^^^^^^^^^^^^^^^^^^^^^^^^^^^^^^^^^^^^^^^^^^^^^^^^^^^^^^^^^^^^^^^^^^^^^^^^^^^^^^^^^^^^^^^^^^^^^^^^^^
> 77 |       </section>
     | ^^^^^^
  78 |
  79 |       {/* Story & Tips Section */}
  80 |       <section className="bg-surface-alt py-20 px-6 md:px-12 w-full mt-12 relative overflow-hidden">

Parsing ecmascript source code failed @ http://localhost:3000/_next/static/chunks/node_modules_next_dist_1gdrd03._.js:1945
[ 6817545ms] [ERROR] ./src/app/page.tsx:76:15
Expected '</', got 'jsx text'
  74 |             </div>
  75 |           </div>
> 76 |         </div>
     |               ^^^^^^^^^^^^^^^^^^^^^^^^^^^^^^^^^^^^^^^^^^^^^^^^^^^^^^^^^^^^^^^^^^^^^^^^^^^^^^^^^^^^^^^^^^^^^^^^^^^^^^^^^^^^^^^^^^^^^^^^^^^^^^^^^^^^^^^^^^^^^^^^^^^^^^^^^^^^^^^^^
> 77 |       </section>
     | ^^^^^^
  78 |
  79 |       {/* Story & Tips Section */}
  80 |       <section className="bg-surface-alt py-20 px-6 md:px-12 w-full mt-12 relative overflow-hidden">

Parsing ecmascript source code failed @ http://localhost:3000/_next/static/chunks/node_modules_next_dist_1gdrd03._.js:1945
[ 6817607ms] [ERROR] ./src/app/page.tsx:76:15
Expected '</', got 'jsx text'
  74 |             </div>
  75 |           </div>
> 76 |         </div>
     |               ^^^^^^^^^^^^^^^^^^^^^^^^^^^^^^^^^^^^^^^^^^^^^^^^^^^^^^^^^^^^^^^^^^^^^^^^^^^^^^^^^^^^^^^^^^^^^^^^^^^^^^^^^^^^^^^^^^^^^^^^^^^^^^^^^^^^^^^^^^^^^^^^^^^^^^^^^^^^^^^^^
> 77 |       </section>
     | ^^^^^^
  78 |
  79 |       {/* Story & Tips Section */}
  80 |       <section className="bg-surface-alt py-20 px-6 md:px-12 w-full mt-12 relative overflow-hidden">

Parsing ecmascript source code failed @ http://localhost:3000/_next/static/chunks/node_modules_next_dist_1gdrd03._.js:1945
[ 6817670ms] [ERROR] ./src/app/page.tsx:76:15
Expected '</', got 'jsx text'
  74 |             </div>
  75 |           </div>
> 76 |         </div>
     |               ^^^^^^^^^^^^^^^^^^^^^^^^^^^^^^^^^^^^^^^^^^^^^^^^^^^^^^^^^^^^^^^^^^^^^^^^^^^^^^^^^^^^^^^^^^^^^^^^^^^^^^^^^^^^^^^^^^^^^^^^^^^^^^^^^^^^^^^^^^^^^^^^^^^^^^^^^^^^^^^^^
> 77 |       </section>
     | ^^^^^^
  78 |
  79 |       {/* Story & Tips Section */}
  80 |       <section className="bg-surface-alt py-20 px-6 md:px-12 w-full mt-12 relative overflow-hidden">

Parsing ecmascript source code failed @ http://localhost:3000/_next/static/chunks/node_modules_next_dist_1gdrd03._.js:1945
[ 6817731ms] [ERROR] ./src/app/page.tsx:76:15
Expected '</', got 'jsx text'
  74 |             </div>
  75 |           </div>
> 76 |         </div>
     |               ^^^^^^^^^^^^^^^^^^^^^^^^^^^^^^^^^^^^^^^^^^^^^^^^^^^^^^^^^^^^^^^^^^^^^^^^^^^^^^^^^^^^^^^^^^^^^^^^^^^^^^^^^^^^^^^^^^^^^^^^^^^^^^^^^^^^^^^^^^^^^^^^^^^^^^^^^^^^^^^^^
> 77 |       </section>
     | ^^^^^^
  78 |
  79 |       {/* Story & Tips Section */}
  80 |       <section className="bg-surface-alt py-20 px-6 md:px-12 w-full mt-12 relative overflow-hidden">

Parsing ecmascript source code failed @ http://localhost:3000/_next/static/chunks/node_modules_next_dist_1gdrd03._.js:1945
[ 6817792ms] [ERROR] ./src/app/page.tsx:76:15
Expected '</', got 'jsx text'
  74 |             </div>
  75 |           </div>
> 76 |         </div>
     |               ^^^^^^^^^^^^^^^^^^^^^^^^^^^^^^^^^^^^^^^^^^^^^^^^^^^^^^^^^^^^^^^^^^^^^^^^^^^^^^^^^^^^^^^^^^^^^^^^^^^^^^^^^^^^^^^^^^^^^^^^^^^^^^^^^^^^^^^^^^^^^^^^^^^^^^^^^^^^^^^^^
> 77 |       </section>
     | ^^^^^^
  78 |
  79 |       {/* Story & Tips Section */}
  80 |       <section className="bg-surface-alt py-20 px-6 md:px-12 w-full mt-12 relative overflow-hidden">

Parsing ecmascript source code failed @ http://localhost:3000/_next/static/chunks/node_modules_next_dist_1gdrd03._.js:1945
[ 6817854ms] [ERROR] ./src/app/page.tsx:76:15
Expected '</', got 'jsx text'
  74 |             </div>
  75 |           </div>
> 76 |         </div>
     |               ^^^^^^^^^^^^^^^^^^^^^^^^^^^^^^^^^^^^^^^^^^^^^^^^^^^^^^^^^^^^^^^^^^^^^^^^^^^^^^^^^^^^^^^^^^^^^^^^^^^^^^^^^^^^^^^^^^^^^^^^^^^^^^^^^^^^^^^^^^^^^^^^^^^^^^^^^^^^^^^^^
> 77 |       </section>
     | ^^^^^^
  78 |
  79 |       {/* Story & Tips Section */}
  80 |       <section className="bg-surface-alt py-20 px-6 md:px-12 w-full mt-12 relative overflow-hidden">

Parsing ecmascript source code failed @ http://localhost:3000/_next/static/chunks/node_modules_next_dist_1gdrd03._.js:1945
[ 6817916ms] [ERROR] ./src/app/page.tsx:76:15
Expected '</', got 'jsx text'
  74 |             </div>
  75 |           </div>
> 76 |         </div>
     |               ^^^^^^^^^^^^^^^^^^^^^^^^^^^^^^^^^^^^^^^^^^^^^^^^^^^^^^^^^^^^^^^^^^^^^^^^^^^^^^^^^^^^^^^^^^^^^^^^^^^^^^^^^^^^^^^^^^^^^^^^^^^^^^^^^^^^^^^^^^^^^^^^^^^^^^^^^^^^^^^^^
> 77 |       </section>
     | ^^^^^^
  78 |
  79 |       {/* Story & Tips Section */}
  80 |       <section className="bg-surface-alt py-20 px-6 md:px-12 w-full mt-12 relative overflow-hidden">

Parsing ecmascript source code failed @ http://localhost:3000/_next/static/chunks/node_modules_next_dist_1gdrd03._.js:1945
[ 6817977ms] [ERROR] ./src/app/page.tsx:76:15
Expected '</', got 'jsx text'
  74 |             </div>
  75 |           </div>
> 76 |         </div>
     |               ^^^^^^^^^^^^^^^^^^^^^^^^^^^^^^^^^^^^^^^^^^^^^^^^^^^^^^^^^^^^^^^^^^^^^^^^^^^^^^^^^^^^^^^^^^^^^^^^^^^^^^^^^^^^^^^^^^^^^^^^^^^^^^^^^^^^^^^^^^^^^^^^^^^^^^^^^^^^^^^^^
> 77 |       </section>
     | ^^^^^^
  78 |
  79 |       {/* Story & Tips Section */}
  80 |       <section className="bg-surface-alt py-20 px-6 md:px-12 w-full mt-12 relative overflow-hidden">

Parsing ecmascript source code failed @ http://localhost:3000/_next/static/chunks/node_modules_next_dist_1gdrd03._.js:1945
[ 6818040ms] [ERROR] ./src/app/page.tsx:76:15
Expected '</', got 'jsx text'
  74 |             </div>
  75 |           </div>
> 76 |         </div>
     |               ^^^^^^^^^^^^^^^^^^^^^^^^^^^^^^^^^^^^^^^^^^^^^^^^^^^^^^^^^^^^^^^^^^^^^^^^^^^^^^^^^^^^^^^^^^^^^^^^^^^^^^^^^^^^^^^^^^^^^^^^^^^^^^^^^^^^^^^^^^^^^^^^^^^^^^^^^^^^^^^^^
> 77 |       </section>
     | ^^^^^^
  78 |
  79 |       {/* Story & Tips Section */}
  80 |       <section className="bg-surface-alt py-20 px-6 md:px-12 w-full mt-12 relative overflow-hidden">

Parsing ecmascript source code failed @ http://localhost:3000/_next/static/chunks/node_modules_next_dist_1gdrd03._.js:1945
[ 6818101ms] [ERROR] ./src/app/page.tsx:76:15
Expected '</', got 'jsx text'
  74 |             </div>
  75 |           </div>
> 76 |         </div>
     |               ^^^^^^^^^^^^^^^^^^^^^^^^^^^^^^^^^^^^^^^^^^^^^^^^^^^^^^^^^^^^^^^^^^^^^^^^^^^^^^^^^^^^^^^^^^^^^^^^^^^^^^^^^^^^^^^^^^^^^^^^^^^^^^^^^^^^^^^^^^^^^^^^^^^^^^^^^^^^^^^^^
> 77 |       </section>
     | ^^^^^^
  78 |
  79 |       {/* Story & Tips Section */}
  80 |       <section className="bg-surface-alt py-20 px-6 md:px-12 w-full mt-12 relative overflow-hidden">

Parsing ecmascript source code failed @ http://localhost:3000/_next/static/chunks/node_modules_next_dist_1gdrd03._.js:1945
[ 6818163ms] [ERROR] ./src/app/page.tsx:76:15
Expected '</', got 'jsx text'
  74 |             </div>
  75 |           </div>
> 76 |         </div>
     |               ^^^^^^^^^^^^^^^^^^^^^^^^^^^^^^^^^^^^^^^^^^^^^^^^^^^^^^^^^^^^^^^^^^^^^^^^^^^^^^^^^^^^^^^^^^^^^^^^^^^^^^^^^^^^^^^^^^^^^^^^^^^^^^^^^^^^^^^^^^^^^^^^^^^^^^^^^^^^^^^^^
> 77 |       </section>
     | ^^^^^^
  78 |
  79 |       {/* Story & Tips Section */}
  80 |       <section className="bg-surface-alt py-20 px-6 md:px-12 w-full mt-12 relative overflow-hidden">

Parsing ecmascript source code failed @ http://localhost:3000/_next/static/chunks/node_modules_next_dist_1gdrd03._.js:1945
[ 6818226ms] [ERROR] ./src/app/page.tsx:76:15
Expected '</', got 'jsx text'
  74 |             </div>
  75 |           </div>
> 76 |         </div>
     |               ^^^^^^^^^^^^^^^^^^^^^^^^^^^^^^^^^^^^^^^^^^^^^^^^^^^^^^^^^^^^^^^^^^^^^^^^^^^^^^^^^^^^^^^^^^^^^^^^^^^^^^^^^^^^^^^^^^^^^^^^^^^^^^^^^^^^^^^^^^^^^^^^^^^^^^^^^^^^^^^^^
> 77 |       </section>
     | ^^^^^^
  78 |
  79 |       {/* Story & Tips Section */}
  80 |       <section className="bg-surface-alt py-20 px-6 md:px-12 w-full mt-12 relative overflow-hidden">

Parsing ecmascript source code failed @ http://localhost:3000/_next/static/chunks/node_modules_next_dist_1gdrd03._.js:1945
[ 6818289ms] [ERROR] ./src/app/page.tsx:76:15
Expected '</', got 'jsx text'
  74 |             </div>
  75 |           </div>
> 76 |         </div>
     |               ^^^^^^^^^^^^^^^^^^^^^^^^^^^^^^^^^^^^^^^^^^^^^^^^^^^^^^^^^^^^^^^^^^^^^^^^^^^^^^^^^^^^^^^^^^^^^^^^^^^^^^^^^^^^^^^^^^^^^^^^^^^^^^^^^^^^^^^^^^^^^^^^^^^^^^^^^^^^^^^^^
> 77 |       </section>
     | ^^^^^^
  78 |
  79 |       {/* Story & Tips Section */}
  80 |       <section className="bg-surface-alt py-20 px-6 md:px-12 w-full mt-12 relative overflow-hidden">

Parsing ecmascript source code failed @ http://localhost:3000/_next/static/chunks/node_modules_next_dist_1gdrd03._.js:1945
[ 6818350ms] [ERROR] ./src/app/page.tsx:76:15
Expected '</', got 'jsx text'
  74 |             </div>
  75 |           </div>
> 76 |         </div>
     |               ^^^^^^^^^^^^^^^^^^^^^^^^^^^^^^^^^^^^^^^^^^^^^^^^^^^^^^^^^^^^^^^^^^^^^^^^^^^^^^^^^^^^^^^^^^^^^^^^^^^^^^^^^^^^^^^^^^^^^^^^^^^^^^^^^^^^^^^^^^^^^^^^^^^^^^^^^^^^^^^^^
> 77 |       </section>
     | ^^^^^^
  78 |
  79 |       {/* Story & Tips Section */}
  80 |       <section className="bg-surface-alt py-20 px-6 md:px-12 w-full mt-12 relative overflow-hidden">

Parsing ecmascript source code failed @ http://localhost:3000/_next/static/chunks/node_modules_next_dist_1gdrd03._.js:1945
[ 6818413ms] [ERROR] ./src/app/page.tsx:76:15
Expected '</', got 'jsx text'
  74 |             </div>
  75 |           </div>
> 76 |         </div>
     |               ^^^^^^^^^^^^^^^^^^^^^^^^^^^^^^^^^^^^^^^^^^^^^^^^^^^^^^^^^^^^^^^^^^^^^^^^^^^^^^^^^^^^^^^^^^^^^^^^^^^^^^^^^^^^^^^^^^^^^^^^^^^^^^^^^^^^^^^^^^^^^^^^^^^^^^^^^^^^^^^^^
> 77 |       </section>
     | ^^^^^^
  78 |
  79 |       {/* Story & Tips Section */}
  80 |       <section className="bg-surface-alt py-20 px-6 md:px-12 w-full mt-12 relative overflow-hidden">

Parsing ecmascript source code failed @ http://localhost:3000/_next/static/chunks/node_modules_next_dist_1gdrd03._.js:1945
[ 6818476ms] [ERROR] ./src/app/page.tsx:76:15
Expected '</', got 'jsx text'
  74 |             </div>
  75 |           </div>
> 76 |         </div>
     |               ^^^^^^^^^^^^^^^^^^^^^^^^^^^^^^^^^^^^^^^^^^^^^^^^^^^^^^^^^^^^^^^^^^^^^^^^^^^^^^^^^^^^^^^^^^^^^^^^^^^^^^^^^^^^^^^^^^^^^^^^^^^^^^^^^^^^^^^^^^^^^^^^^^^^^^^^^^^^^^^^^
> 77 |       </section>
     | ^^^^^^
  78 |
  79 |       {/* Story & Tips Section */}
  80 |       <section className="bg-surface-alt py-20 px-6 md:px-12 w-full mt-12 relative overflow-hidden">

Parsing ecmascript source code failed @ http://localhost:3000/_next/static/chunks/node_modules_next_dist_1gdrd03._.js:1945
[ 6818536ms] [ERROR] ./src/app/page.tsx:76:15
Expected '</', got 'jsx text'
  74 |             </div>
  75 |           </div>
> 76 |         </div>
     |               ^^^^^^^^^^^^^^^^^^^^^^^^^^^^^^^^^^^^^^^^^^^^^^^^^^^^^^^^^^^^^^^^^^^^^^^^^^^^^^^^^^^^^^^^^^^^^^^^^^^^^^^^^^^^^^^^^^^^^^^^^^^^^^^^^^^^^^^^^^^^^^^^^^^^^^^^^^^^^^^^^
> 77 |       </section>
     | ^^^^^^
  78 |
  79 |       {/* Story & Tips Section */}
  80 |       <section className="bg-surface-alt py-20 px-6 md:px-12 w-full mt-12 relative overflow-hidden">

Parsing ecmascript source code failed @ http://localhost:3000/_next/static/chunks/node_modules_next_dist_1gdrd03._.js:1945
[ 6818599ms] [ERROR] ./src/app/page.tsx:76:15
Expected '</', got 'jsx text'
  74 |             </div>
  75 |           </div>
> 76 |         </div>
     |               ^^^^^^^^^^^^^^^^^^^^^^^^^^^^^^^^^^^^^^^^^^^^^^^^^^^^^^^^^^^^^^^^^^^^^^^^^^^^^^^^^^^^^^^^^^^^^^^^^^^^^^^^^^^^^^^^^^^^^^^^^^^^^^^^^^^^^^^^^^^^^^^^^^^^^^^^^^^^^^^^^
> 77 |       </section>
     | ^^^^^^
  78 |
  79 |       {/* Story & Tips Section */}
  80 |       <section className="bg-surface-alt py-20 px-6 md:px-12 w-full mt-12 relative overflow-hidden">

Parsing ecmascript source code failed @ http://localhost:3000/_next/static/chunks/node_modules_next_dist_1gdrd03._.js:1945
[ 6818661ms] [ERROR] ./src/app/page.tsx:76:15
Expected '</', got 'jsx text'
  74 |             </div>
  75 |           </div>
> 76 |         </div>
     |               ^^^^^^^^^^^^^^^^^^^^^^^^^^^^^^^^^^^^^^^^^^^^^^^^^^^^^^^^^^^^^^^^^^^^^^^^^^^^^^^^^^^^^^^^^^^^^^^^^^^^^^^^^^^^^^^^^^^^^^^^^^^^^^^^^^^^^^^^^^^^^^^^^^^^^^^^^^^^^^^^^
> 77 |       </section>
     | ^^^^^^
  78 |
  79 |       {/* Story & Tips Section */}
  80 |       <section className="bg-surface-alt py-20 px-6 md:px-12 w-full mt-12 relative overflow-hidden">

Parsing ecmascript source code failed @ http://localhost:3000/_next/static/chunks/node_modules_next_dist_1gdrd03._.js:1945
[ 6818724ms] [ERROR] ./src/app/page.tsx:76:15
Expected '</', got 'jsx text'
  74 |             </div>
  75 |           </div>
> 76 |         </div>
     |               ^^^^^^^^^^^^^^^^^^^^^^^^^^^^^^^^^^^^^^^^^^^^^^^^^^^^^^^^^^^^^^^^^^^^^^^^^^^^^^^^^^^^^^^^^^^^^^^^^^^^^^^^^^^^^^^^^^^^^^^^^^^^^^^^^^^^^^^^^^^^^^^^^^^^^^^^^^^^^^^^^
> 77 |       </section>
     | ^^^^^^
  78 |
  79 |       {/* Story & Tips Section */}
  80 |       <section className="bg-surface-alt py-20 px-6 md:px-12 w-full mt-12 relative overflow-hidden">

Parsing ecmascript source code failed @ http://localhost:3000/_next/static/chunks/node_modules_next_dist_1gdrd03._.js:1945
[ 6818787ms] [ERROR] ./src/app/page.tsx:76:15
Expected '</', got 'jsx text'
  74 |             </div>
  75 |           </div>
> 76 |         </div>
     |               ^^^^^^^^^^^^^^^^^^^^^^^^^^^^^^^^^^^^^^^^^^^^^^^^^^^^^^^^^^^^^^^^^^^^^^^^^^^^^^^^^^^^^^^^^^^^^^^^^^^^^^^^^^^^^^^^^^^^^^^^^^^^^^^^^^^^^^^^^^^^^^^^^^^^^^^^^^^^^^^^^
> 77 |       </section>
     | ^^^^^^
  78 |
  79 |       {/* Story & Tips Section */}
  80 |       <section className="bg-surface-alt py-20 px-6 md:px-12 w-full mt-12 relative overflow-hidden">

Parsing ecmascript source code failed @ http://localhost:3000/_next/static/chunks/node_modules_next_dist_1gdrd03._.js:1945
[ 6818849ms] [ERROR] ./src/app/page.tsx:76:15
Expected '</', got 'jsx text'
  74 |             </div>
  75 |           </div>
> 76 |         </div>
     |               ^^^^^^^^^^^^^^^^^^^^^^^^^^^^^^^^^^^^^^^^^^^^^^^^^^^^^^^^^^^^^^^^^^^^^^^^^^^^^^^^^^^^^^^^^^^^^^^^^^^^^^^^^^^^^^^^^^^^^^^^^^^^^^^^^^^^^^^^^^^^^^^^^^^^^^^^^^^^^^^^^
> 77 |       </section>
     | ^^^^^^
  78 |
  79 |       {/* Story & Tips Section */}
  80 |       <section className="bg-surface-alt py-20 px-6 md:px-12 w-full mt-12 relative overflow-hidden">

Parsing ecmascript source code failed @ http://localhost:3000/_next/static/chunks/node_modules_next_dist_1gdrd03._.js:1945
[ 6818912ms] [ERROR] ./src/app/page.tsx:76:15
Expected '</', got 'jsx text'
  74 |             </div>
  75 |           </div>
> 76 |         </div>
     |               ^^^^^^^^^^^^^^^^^^^^^^^^^^^^^^^^^^^^^^^^^^^^^^^^^^^^^^^^^^^^^^^^^^^^^^^^^^^^^^^^^^^^^^^^^^^^^^^^^^^^^^^^^^^^^^^^^^^^^^^^^^^^^^^^^^^^^^^^^^^^^^^^^^^^^^^^^^^^^^^^^
> 77 |       </section>
     | ^^^^^^
  78 |
  79 |       {/* Story & Tips Section */}
  80 |       <section className="bg-surface-alt py-20 px-6 md:px-12 w-full mt-12 relative overflow-hidden">

Parsing ecmascript source code failed @ http://localhost:3000/_next/static/chunks/node_modules_next_dist_1gdrd03._.js:1945
[ 6818974ms] [ERROR] ./src/app/page.tsx:76:15
Expected '</', got 'jsx text'
  74 |             </div>
  75 |           </div>
> 76 |         </div>
     |               ^^^^^^^^^^^^^^^^^^^^^^^^^^^^^^^^^^^^^^^^^^^^^^^^^^^^^^^^^^^^^^^^^^^^^^^^^^^^^^^^^^^^^^^^^^^^^^^^^^^^^^^^^^^^^^^^^^^^^^^^^^^^^^^^^^^^^^^^^^^^^^^^^^^^^^^^^^^^^^^^^
> 77 |       </section>
     | ^^^^^^
  78 |
  79 |       {/* Story & Tips Section */}
  80 |       <section className="bg-surface-alt py-20 px-6 md:px-12 w-full mt-12 relative overflow-hidden">

Parsing ecmascript source code failed @ http://localhost:3000/_next/static/chunks/node_modules_next_dist_1gdrd03._.js:1945
[ 6819036ms] [ERROR] ./src/app/page.tsx:76:15
Expected '</', got 'jsx text'
  74 |             </div>
  75 |           </div>
> 76 |         </div>
     |               ^^^^^^^^^^^^^^^^^^^^^^^^^^^^^^^^^^^^^^^^^^^^^^^^^^^^^^^^^^^^^^^^^^^^^^^^^^^^^^^^^^^^^^^^^^^^^^^^^^^^^^^^^^^^^^^^^^^^^^^^^^^^^^^^^^^^^^^^^^^^^^^^^^^^^^^^^^^^^^^^^
> 77 |       </section>
     | ^^^^^^
  78 |
  79 |       {/* Story & Tips Section */}
  80 |       <section className="bg-surface-alt py-20 px-6 md:px-12 w-full mt-12 relative overflow-hidden">

Parsing ecmascript source code failed @ http://localhost:3000/_next/static/chunks/node_modules_next_dist_1gdrd03._.js:1945
[ 6819098ms] [ERROR] ./src/app/page.tsx:76:15
Expected '</', got 'jsx text'
  74 |             </div>
  75 |           </div>
> 76 |         </div>
     |               ^^^^^^^^^^^^^^^^^^^^^^^^^^^^^^^^^^^^^^^^^^^^^^^^^^^^^^^^^^^^^^^^^^^^^^^^^^^^^^^^^^^^^^^^^^^^^^^^^^^^^^^^^^^^^^^^^^^^^^^^^^^^^^^^^^^^^^^^^^^^^^^^^^^^^^^^^^^^^^^^^
> 77 |       </section>
     | ^^^^^^
  78 |
  79 |       {/* Story & Tips Section */}
  80 |       <section className="bg-surface-alt py-20 px-6 md:px-12 w-full mt-12 relative overflow-hidden">

Parsing ecmascript source code failed @ http://localhost:3000/_next/static/chunks/node_modules_next_dist_1gdrd03._.js:1945
[ 6819162ms] [ERROR] ./src/app/page.tsx:76:15
Expected '</', got 'jsx text'
  74 |             </div>
  75 |           </div>
> 76 |         </div>
     |               ^^^^^^^^^^^^^^^^^^^^^^^^^^^^^^^^^^^^^^^^^^^^^^^^^^^^^^^^^^^^^^^^^^^^^^^^^^^^^^^^^^^^^^^^^^^^^^^^^^^^^^^^^^^^^^^^^^^^^^^^^^^^^^^^^^^^^^^^^^^^^^^^^^^^^^^^^^^^^^^^^
> 77 |       </section>
     | ^^^^^^
  78 |
  79 |       {/* Story & Tips Section */}
  80 |       <section className="bg-surface-alt py-20 px-6 md:px-12 w-full mt-12 relative overflow-hidden">

Parsing ecmascript source code failed @ http://localhost:3000/_next/static/chunks/node_modules_next_dist_1gdrd03._.js:1945
[ 6819223ms] [ERROR] ./src/app/page.tsx:76:15
Expected '</', got 'jsx text'
  74 |             </div>
  75 |           </div>
> 76 |         </div>
     |               ^^^^^^^^^^^^^^^^^^^^^^^^^^^^^^^^^^^^^^^^^^^^^^^^^^^^^^^^^^^^^^^^^^^^^^^^^^^^^^^^^^^^^^^^^^^^^^^^^^^^^^^^^^^^^^^^^^^^^^^^^^^^^^^^^^^^^^^^^^^^^^^^^^^^^^^^^^^^^^^^^
> 77 |       </section>
     | ^^^^^^
  78 |
  79 |       {/* Story & Tips Section */}
  80 |       <section className="bg-surface-alt py-20 px-6 md:px-12 w-full mt-12 relative overflow-hidden">

Parsing ecmascript source code failed @ http://localhost:3000/_next/static/chunks/node_modules_next_dist_1gdrd03._.js:1945
[ 6819285ms] [ERROR] ./src/app/page.tsx:76:15
Expected '</', got 'jsx text'
  74 |             </div>
  75 |           </div>
> 76 |         </div>
     |               ^^^^^^^^^^^^^^^^^^^^^^^^^^^^^^^^^^^^^^^^^^^^^^^^^^^^^^^^^^^^^^^^^^^^^^^^^^^^^^^^^^^^^^^^^^^^^^^^^^^^^^^^^^^^^^^^^^^^^^^^^^^^^^^^^^^^^^^^^^^^^^^^^^^^^^^^^^^^^^^^^
> 77 |       </section>
     | ^^^^^^
  78 |
  79 |       {/* Story & Tips Section */}
  80 |       <section className="bg-surface-alt py-20 px-6 md:px-12 w-full mt-12 relative overflow-hidden">

Parsing ecmascript source code failed @ http://localhost:3000/_next/static/chunks/node_modules_next_dist_1gdrd03._.js:1945
[ 6819348ms] [ERROR] ./src/app/page.tsx:76:15
Expected '</', got 'jsx text'
  74 |             </div>
  75 |           </div>
> 76 |         </div>
     |               ^^^^^^^^^^^^^^^^^^^^^^^^^^^^^^^^^^^^^^^^^^^^^^^^^^^^^^^^^^^^^^^^^^^^^^^^^^^^^^^^^^^^^^^^^^^^^^^^^^^^^^^^^^^^^^^^^^^^^^^^^^^^^^^^^^^^^^^^^^^^^^^^^^^^^^^^^^^^^^^^^
> 77 |       </section>
     | ^^^^^^
  78 |
  79 |       {/* Story & Tips Section */}
  80 |       <section className="bg-surface-alt py-20 px-6 md:px-12 w-full mt-12 relative overflow-hidden">

Parsing ecmascript source code failed @ http://localhost:3000/_next/static/chunks/node_modules_next_dist_1gdrd03._.js:1945
[ 6819411ms] [ERROR] ./src/app/page.tsx:76:15
Expected '</', got 'jsx text'
  74 |             </div>
  75 |           </div>
> 76 |         </div>
     |               ^^^^^^^^^^^^^^^^^^^^^^^^^^^^^^^^^^^^^^^^^^^^^^^^^^^^^^^^^^^^^^^^^^^^^^^^^^^^^^^^^^^^^^^^^^^^^^^^^^^^^^^^^^^^^^^^^^^^^^^^^^^^^^^^^^^^^^^^^^^^^^^^^^^^^^^^^^^^^^^^^
> 77 |       </section>
     | ^^^^^^
  78 |
  79 |       {/* Story & Tips Section */}
  80 |       <section className="bg-surface-alt py-20 px-6 md:px-12 w-full mt-12 relative overflow-hidden">

Parsing ecmascript source code failed @ http://localhost:3000/_next/static/chunks/node_modules_next_dist_1gdrd03._.js:1945
[ 6819472ms] [ERROR] ./src/app/page.tsx:76:15
Expected '</', got 'jsx text'
  74 |             </div>
  75 |           </div>
> 76 |         </div>
     |               ^^^^^^^^^^^^^^^^^^^^^^^^^^^^^^^^^^^^^^^^^^^^^^^^^^^^^^^^^^^^^^^^^^^^^^^^^^^^^^^^^^^^^^^^^^^^^^^^^^^^^^^^^^^^^^^^^^^^^^^^^^^^^^^^^^^^^^^^^^^^^^^^^^^^^^^^^^^^^^^^^
> 77 |       </section>
     | ^^^^^^
  78 |
  79 |       {/* Story & Tips Section */}
  80 |       <section className="bg-surface-alt py-20 px-6 md:px-12 w-full mt-12 relative overflow-hidden">

Parsing ecmascript source code failed @ http://localhost:3000/_next/static/chunks/node_modules_next_dist_1gdrd03._.js:1945
[ 6819534ms] [ERROR] ./src/app/page.tsx:76:15
Expected '</', got 'jsx text'
  74 |             </div>
  75 |           </div>
> 76 |         </div>
     |               ^^^^^^^^^^^^^^^^^^^^^^^^^^^^^^^^^^^^^^^^^^^^^^^^^^^^^^^^^^^^^^^^^^^^^^^^^^^^^^^^^^^^^^^^^^^^^^^^^^^^^^^^^^^^^^^^^^^^^^^^^^^^^^^^^^^^^^^^^^^^^^^^^^^^^^^^^^^^^^^^^
> 77 |       </section>
     | ^^^^^^
  78 |
  79 |       {/* Story & Tips Section */}
  80 |       <section className="bg-surface-alt py-20 px-6 md:px-12 w-full mt-12 relative overflow-hidden">

Parsing ecmascript source code failed @ http://localhost:3000/_next/static/chunks/node_modules_next_dist_1gdrd03._.js:1945
[ 6819596ms] [ERROR] ./src/app/page.tsx:76:15
Expected '</', got 'jsx text'
  74 |             </div>
  75 |           </div>
> 76 |         </div>
     |               ^^^^^^^^^^^^^^^^^^^^^^^^^^^^^^^^^^^^^^^^^^^^^^^^^^^^^^^^^^^^^^^^^^^^^^^^^^^^^^^^^^^^^^^^^^^^^^^^^^^^^^^^^^^^^^^^^^^^^^^^^^^^^^^^^^^^^^^^^^^^^^^^^^^^^^^^^^^^^^^^^
> 77 |       </section>
     | ^^^^^^
  78 |
  79 |       {/* Story & Tips Section */}
  80 |       <section className="bg-surface-alt py-20 px-6 md:px-12 w-full mt-12 relative overflow-hidden">

Parsing ecmascript source code failed @ http://localhost:3000/_next/static/chunks/node_modules_next_dist_1gdrd03._.js:1945
[ 6819659ms] [ERROR] ./src/app/page.tsx:76:15
Expected '</', got 'jsx text'
  74 |             </div>
  75 |           </div>
> 76 |         </div>
     |               ^^^^^^^^^^^^^^^^^^^^^^^^^^^^^^^^^^^^^^^^^^^^^^^^^^^^^^^^^^^^^^^^^^^^^^^^^^^^^^^^^^^^^^^^^^^^^^^^^^^^^^^^^^^^^^^^^^^^^^^^^^^^^^^^^^^^^^^^^^^^^^^^^^^^^^^^^^^^^^^^^
> 77 |       </section>
     | ^^^^^^
  78 |
  79 |       {/* Story & Tips Section */}
  80 |       <section className="bg-surface-alt py-20 px-6 md:px-12 w-full mt-12 relative overflow-hidden">

Parsing ecmascript source code failed @ http://localhost:3000/_next/static/chunks/node_modules_next_dist_1gdrd03._.js:1945
[ 6819720ms] [ERROR] ./src/app/page.tsx:76:15
Expected '</', got 'jsx text'
  74 |             </div>
  75 |           </div>
> 76 |         </div>
     |               ^^^^^^^^^^^^^^^^^^^^^^^^^^^^^^^^^^^^^^^^^^^^^^^^^^^^^^^^^^^^^^^^^^^^^^^^^^^^^^^^^^^^^^^^^^^^^^^^^^^^^^^^^^^^^^^^^^^^^^^^^^^^^^^^^^^^^^^^^^^^^^^^^^^^^^^^^^^^^^^^^
> 77 |       </section>
     | ^^^^^^
  78 |
  79 |       {/* Story & Tips Section */}
  80 |       <section className="bg-surface-alt py-20 px-6 md:px-12 w-full mt-12 relative overflow-hidden">

Parsing ecmascript source code failed @ http://localhost:3000/_next/static/chunks/node_modules_next_dist_1gdrd03._.js:1945
[ 6819782ms] [ERROR] ./src/app/page.tsx:76:15
Expected '</', got 'jsx text'
  74 |             </div>
  75 |           </div>
> 76 |         </div>
     |               ^^^^^^^^^^^^^^^^^^^^^^^^^^^^^^^^^^^^^^^^^^^^^^^^^^^^^^^^^^^^^^^^^^^^^^^^^^^^^^^^^^^^^^^^^^^^^^^^^^^^^^^^^^^^^^^^^^^^^^^^^^^^^^^^^^^^^^^^^^^^^^^^^^^^^^^^^^^^^^^^^
> 77 |       </section>
     | ^^^^^^
  78 |
  79 |       {/* Story & Tips Section */}
  80 |       <section className="bg-surface-alt py-20 px-6 md:px-12 w-full mt-12 relative overflow-hidden">

Parsing ecmascript source code failed @ http://localhost:3000/_next/static/chunks/node_modules_next_dist_1gdrd03._.js:1945
[ 6819844ms] [ERROR] ./src/app/page.tsx:76:15
Expected '</', got 'jsx text'
  74 |             </div>
  75 |           </div>
> 76 |         </div>
     |               ^^^^^^^^^^^^^^^^^^^^^^^^^^^^^^^^^^^^^^^^^^^^^^^^^^^^^^^^^^^^^^^^^^^^^^^^^^^^^^^^^^^^^^^^^^^^^^^^^^^^^^^^^^^^^^^^^^^^^^^^^^^^^^^^^^^^^^^^^^^^^^^^^^^^^^^^^^^^^^^^^
> 77 |       </section>
     | ^^^^^^
  78 |
  79 |       {/* Story & Tips Section */}
  80 |       <section className="bg-surface-alt py-20 px-6 md:px-12 w-full mt-12 relative overflow-hidden">

Parsing ecmascript source code failed @ http://localhost:3000/_next/static/chunks/node_modules_next_dist_1gdrd03._.js:1945
[ 6819906ms] [ERROR] ./src/app/page.tsx:76:15
Expected '</', got 'jsx text'
  74 |             </div>
  75 |           </div>
> 76 |         </div>
     |               ^^^^^^^^^^^^^^^^^^^^^^^^^^^^^^^^^^^^^^^^^^^^^^^^^^^^^^^^^^^^^^^^^^^^^^^^^^^^^^^^^^^^^^^^^^^^^^^^^^^^^^^^^^^^^^^^^^^^^^^^^^^^^^^^^^^^^^^^^^^^^^^^^^^^^^^^^^^^^^^^^
> 77 |       </section>
     | ^^^^^^
  78 |
  79 |       {/* Story & Tips Section */}
  80 |       <section className="bg-surface-alt py-20 px-6 md:px-12 w-full mt-12 relative overflow-hidden">

Parsing ecmascript source code failed @ http://localhost:3000/_next/static/chunks/node_modules_next_dist_1gdrd03._.js:1945
[ 6819968ms] [ERROR] ./src/app/page.tsx:76:15
Expected '</', got 'jsx text'
  74 |             </div>
  75 |           </div>
> 76 |         </div>
     |               ^^^^^^^^^^^^^^^^^^^^^^^^^^^^^^^^^^^^^^^^^^^^^^^^^^^^^^^^^^^^^^^^^^^^^^^^^^^^^^^^^^^^^^^^^^^^^^^^^^^^^^^^^^^^^^^^^^^^^^^^^^^^^^^^^^^^^^^^^^^^^^^^^^^^^^^^^^^^^^^^^
> 77 |       </section>
     | ^^^^^^
  78 |
  79 |       {/* Story & Tips Section */}
  80 |       <section className="bg-surface-alt py-20 px-6 md:px-12 w-full mt-12 relative overflow-hidden">

Parsing ecmascript source code failed @ http://localhost:3000/_next/static/chunks/node_modules_next_dist_1gdrd03._.js:1945
[ 6820030ms] [ERROR] ./src/app/page.tsx:76:15
Expected '</', got 'jsx text'
  74 |             </div>
  75 |           </div>
> 76 |         </div>
     |               ^^^^^^^^^^^^^^^^^^^^^^^^^^^^^^^^^^^^^^^^^^^^^^^^^^^^^^^^^^^^^^^^^^^^^^^^^^^^^^^^^^^^^^^^^^^^^^^^^^^^^^^^^^^^^^^^^^^^^^^^^^^^^^^^^^^^^^^^^^^^^^^^^^^^^^^^^^^^^^^^^
> 77 |       </section>
     | ^^^^^^
  78 |
  79 |       {/* Story & Tips Section */}
  80 |       <section className="bg-surface-alt py-20 px-6 md:px-12 w-full mt-12 relative overflow-hidden">

Parsing ecmascript source code failed @ http://localhost:3000/_next/static/chunks/node_modules_next_dist_1gdrd03._.js:1945
[ 6820091ms] [ERROR] ./src/app/page.tsx:76:15
Expected '</', got 'jsx text'
  74 |             </div>
  75 |           </div>
> 76 |         </div>
     |               ^^^^^^^^^^^^^^^^^^^^^^^^^^^^^^^^^^^^^^^^^^^^^^^^^^^^^^^^^^^^^^^^^^^^^^^^^^^^^^^^^^^^^^^^^^^^^^^^^^^^^^^^^^^^^^^^^^^^^^^^^^^^^^^^^^^^^^^^^^^^^^^^^^^^^^^^^^^^^^^^^
> 77 |       </section>
     | ^^^^^^
  78 |
  79 |       {/* Story & Tips Section */}
  80 |       <section className="bg-surface-alt py-20 px-6 md:px-12 w-full mt-12 relative overflow-hidden">

Parsing ecmascript source code failed @ http://localhost:3000/_next/static/chunks/node_modules_next_dist_1gdrd03._.js:1945
[ 6820154ms] [ERROR] ./src/app/page.tsx:76:15
Expected '</', got 'jsx text'
  74 |             </div>
  75 |           </div>
> 76 |         </div>
     |               ^^^^^^^^^^^^^^^^^^^^^^^^^^^^^^^^^^^^^^^^^^^^^^^^^^^^^^^^^^^^^^^^^^^^^^^^^^^^^^^^^^^^^^^^^^^^^^^^^^^^^^^^^^^^^^^^^^^^^^^^^^^^^^^^^^^^^^^^^^^^^^^^^^^^^^^^^^^^^^^^^
> 77 |       </section>
     | ^^^^^^
  78 |
  79 |       {/* Story & Tips Section */}
  80 |       <section className="bg-surface-alt py-20 px-6 md:px-12 w-full mt-12 relative overflow-hidden">

Parsing ecmascript source code failed @ http://localhost:3000/_next/static/chunks/node_modules_next_dist_1gdrd03._.js:1945
[ 6820216ms] [ERROR] ./src/app/page.tsx:76:15
Expected '</', got 'jsx text'
  74 |             </div>
  75 |           </div>
> 76 |         </div>
     |               ^^^^^^^^^^^^^^^^^^^^^^^^^^^^^^^^^^^^^^^^^^^^^^^^^^^^^^^^^^^^^^^^^^^^^^^^^^^^^^^^^^^^^^^^^^^^^^^^^^^^^^^^^^^^^^^^^^^^^^^^^^^^^^^^^^^^^^^^^^^^^^^^^^^^^^^^^^^^^^^^^
> 77 |       </section>
     | ^^^^^^
  78 |
  79 |       {/* Story & Tips Section */}
  80 |       <section className="bg-surface-alt py-20 px-6 md:px-12 w-full mt-12 relative overflow-hidden">

Parsing ecmascript source code failed @ http://localhost:3000/_next/static/chunks/node_modules_next_dist_1gdrd03._.js:1945
[ 6820277ms] [ERROR] ./src/app/page.tsx:76:15
Expected '</', got 'jsx text'
  74 |             </div>
  75 |           </div>
> 76 |         </div>
     |               ^^^^^^^^^^^^^^^^^^^^^^^^^^^^^^^^^^^^^^^^^^^^^^^^^^^^^^^^^^^^^^^^^^^^^^^^^^^^^^^^^^^^^^^^^^^^^^^^^^^^^^^^^^^^^^^^^^^^^^^^^^^^^^^^^^^^^^^^^^^^^^^^^^^^^^^^^^^^^^^^^
> 77 |       </section>
     | ^^^^^^
  78 |
  79 |       {/* Story & Tips Section */}
  80 |       <section className="bg-surface-alt py-20 px-6 md:px-12 w-full mt-12 relative overflow-hidden">

Parsing ecmascript source code failed @ http://localhost:3000/_next/static/chunks/node_modules_next_dist_1gdrd03._.js:1945
[ 6820339ms] [ERROR] ./src/app/page.tsx:76:15
Expected '</', got 'jsx text'
  74 |             </div>
  75 |           </div>
> 76 |         </div>
     |               ^^^^^^^^^^^^^^^^^^^^^^^^^^^^^^^^^^^^^^^^^^^^^^^^^^^^^^^^^^^^^^^^^^^^^^^^^^^^^^^^^^^^^^^^^^^^^^^^^^^^^^^^^^^^^^^^^^^^^^^^^^^^^^^^^^^^^^^^^^^^^^^^^^^^^^^^^^^^^^^^^
> 77 |       </section>
     | ^^^^^^
  78 |
  79 |       {/* Story & Tips Section */}
  80 |       <section className="bg-surface-alt py-20 px-6 md:px-12 w-full mt-12 relative overflow-hidden">

Parsing ecmascript source code failed @ http://localhost:3000/_next/static/chunks/node_modules_next_dist_1gdrd03._.js:1945
[ 6820403ms] [ERROR] ./src/app/page.tsx:76:15
Expected '</', got 'jsx text'
  74 |             </div>
  75 |           </div>
> 76 |         </div>
     |               ^^^^^^^^^^^^^^^^^^^^^^^^^^^^^^^^^^^^^^^^^^^^^^^^^^^^^^^^^^^^^^^^^^^^^^^^^^^^^^^^^^^^^^^^^^^^^^^^^^^^^^^^^^^^^^^^^^^^^^^^^^^^^^^^^^^^^^^^^^^^^^^^^^^^^^^^^^^^^^^^^
> 77 |       </section>
     | ^^^^^^
  78 |
  79 |       {/* Story & Tips Section */}
  80 |       <section className="bg-surface-alt py-20 px-6 md:px-12 w-full mt-12 relative overflow-hidden">

Parsing ecmascript source code failed @ http://localhost:3000/_next/static/chunks/node_modules_next_dist_1gdrd03._.js:1945
[ 6820466ms] [ERROR] ./src/app/page.tsx:76:15
Expected '</', got 'jsx text'
  74 |             </div>
  75 |           </div>
> 76 |         </div>
     |               ^^^^^^^^^^^^^^^^^^^^^^^^^^^^^^^^^^^^^^^^^^^^^^^^^^^^^^^^^^^^^^^^^^^^^^^^^^^^^^^^^^^^^^^^^^^^^^^^^^^^^^^^^^^^^^^^^^^^^^^^^^^^^^^^^^^^^^^^^^^^^^^^^^^^^^^^^^^^^^^^^
> 77 |       </section>
     | ^^^^^^
  78 |
  79 |       {/* Story & Tips Section */}
  80 |       <section className="bg-surface-alt py-20 px-6 md:px-12 w-full mt-12 relative overflow-hidden">

Parsing ecmascript source code failed @ http://localhost:3000/_next/static/chunks/node_modules_next_dist_1gdrd03._.js:1945
[ 6820526ms] [ERROR] ./src/app/page.tsx:76:15
Expected '</', got 'jsx text'
  74 |             </div>
  75 |           </div>
> 76 |         </div>
     |               ^^^^^^^^^^^^^^^^^^^^^^^^^^^^^^^^^^^^^^^^^^^^^^^^^^^^^^^^^^^^^^^^^^^^^^^^^^^^^^^^^^^^^^^^^^^^^^^^^^^^^^^^^^^^^^^^^^^^^^^^^^^^^^^^^^^^^^^^^^^^^^^^^^^^^^^^^^^^^^^^^
> 77 |       </section>
     | ^^^^^^
  78 |
  79 |       {/* Story & Tips Section */}
  80 |       <section className="bg-surface-alt py-20 px-6 md:px-12 w-full mt-12 relative overflow-hidden">

Parsing ecmascript source code failed @ http://localhost:3000/_next/static/chunks/node_modules_next_dist_1gdrd03._.js:1945
[ 6820589ms] [ERROR] ./src/app/page.tsx:76:15
Expected '</', got 'jsx text'
  74 |             </div>
  75 |           </div>
> 76 |         </div>
     |               ^^^^^^^^^^^^^^^^^^^^^^^^^^^^^^^^^^^^^^^^^^^^^^^^^^^^^^^^^^^^^^^^^^^^^^^^^^^^^^^^^^^^^^^^^^^^^^^^^^^^^^^^^^^^^^^^^^^^^^^^^^^^^^^^^^^^^^^^^^^^^^^^^^^^^^^^^^^^^^^^^
> 77 |       </section>
     | ^^^^^^
  78 |
  79 |       {/* Story & Tips Section */}
  80 |       <section className="bg-surface-alt py-20 px-6 md:px-12 w-full mt-12 relative overflow-hidden">

Parsing ecmascript source code failed @ http://localhost:3000/_next/static/chunks/node_modules_next_dist_1gdrd03._.js:1945
[ 6820651ms] [ERROR] ./src/app/page.tsx:76:15
Expected '</', got 'jsx text'
  74 |             </div>
  75 |           </div>
> 76 |         </div>
     |               ^^^^^^^^^^^^^^^^^^^^^^^^^^^^^^^^^^^^^^^^^^^^^^^^^^^^^^^^^^^^^^^^^^^^^^^^^^^^^^^^^^^^^^^^^^^^^^^^^^^^^^^^^^^^^^^^^^^^^^^^^^^^^^^^^^^^^^^^^^^^^^^^^^^^^^^^^^^^^^^^^
> 77 |       </section>
     | ^^^^^^
  78 |
  79 |       {/* Story & Tips Section */}
  80 |       <section className="bg-surface-alt py-20 px-6 md:px-12 w-full mt-12 relative overflow-hidden">

Parsing ecmascript source code failed @ http://localhost:3000/_next/static/chunks/node_modules_next_dist_1gdrd03._.js:1945
[ 6820712ms] [ERROR] ./src/app/page.tsx:76:15
Expected '</', got 'jsx text'
  74 |             </div>
  75 |           </div>
> 76 |         </div>
     |               ^^^^^^^^^^^^^^^^^^^^^^^^^^^^^^^^^^^^^^^^^^^^^^^^^^^^^^^^^^^^^^^^^^^^^^^^^^^^^^^^^^^^^^^^^^^^^^^^^^^^^^^^^^^^^^^^^^^^^^^^^^^^^^^^^^^^^^^^^^^^^^^^^^^^^^^^^^^^^^^^^
> 77 |       </section>
     | ^^^^^^
  78 |
  79 |       {/* Story & Tips Section */}
  80 |       <section className="bg-surface-alt py-20 px-6 md:px-12 w-full mt-12 relative overflow-hidden">

Parsing ecmascript source code failed @ http://localhost:3000/_next/static/chunks/node_modules_next_dist_1gdrd03._.js:1945
[ 6820773ms] [ERROR] ./src/app/page.tsx:76:15
Expected '</', got 'jsx text'
  74 |             </div>
  75 |           </div>
> 76 |         </div>
     |               ^^^^^^^^^^^^^^^^^^^^^^^^^^^^^^^^^^^^^^^^^^^^^^^^^^^^^^^^^^^^^^^^^^^^^^^^^^^^^^^^^^^^^^^^^^^^^^^^^^^^^^^^^^^^^^^^^^^^^^^^^^^^^^^^^^^^^^^^^^^^^^^^^^^^^^^^^^^^^^^^^
> 77 |       </section>
     | ^^^^^^
  78 |
  79 |       {/* Story & Tips Section */}
  80 |       <section className="bg-surface-alt py-20 px-6 md:px-12 w-full mt-12 relative overflow-hidden">

Parsing ecmascript source code failed @ http://localhost:3000/_next/static/chunks/node_modules_next_dist_1gdrd03._.js:1945
[ 6820836ms] [ERROR] ./src/app/page.tsx:76:15
Expected '</', got 'jsx text'
  74 |             </div>
  75 |           </div>
> 76 |         </div>
     |               ^^^^^^^^^^^^^^^^^^^^^^^^^^^^^^^^^^^^^^^^^^^^^^^^^^^^^^^^^^^^^^^^^^^^^^^^^^^^^^^^^^^^^^^^^^^^^^^^^^^^^^^^^^^^^^^^^^^^^^^^^^^^^^^^^^^^^^^^^^^^^^^^^^^^^^^^^^^^^^^^^
> 77 |       </section>
     | ^^^^^^
  78 |
  79 |       {/* Story & Tips Section */}
  80 |       <section className="bg-surface-alt py-20 px-6 md:px-12 w-full mt-12 relative overflow-hidden">

Parsing ecmascript source code failed @ http://localhost:3000/_next/static/chunks/node_modules_next_dist_1gdrd03._.js:1945
[ 6820900ms] [ERROR] ./src/app/page.tsx:76:15
Expected '</', got 'jsx text'
  74 |             </div>
  75 |           </div>
> 76 |         </div>
     |               ^^^^^^^^^^^^^^^^^^^^^^^^^^^^^^^^^^^^^^^^^^^^^^^^^^^^^^^^^^^^^^^^^^^^^^^^^^^^^^^^^^^^^^^^^^^^^^^^^^^^^^^^^^^^^^^^^^^^^^^^^^^^^^^^^^^^^^^^^^^^^^^^^^^^^^^^^^^^^^^^^
> 77 |       </section>
     | ^^^^^^
  78 |
  79 |       {/* Story & Tips Section */}
  80 |       <section className="bg-surface-alt py-20 px-6 md:px-12 w-full mt-12 relative overflow-hidden">

Parsing ecmascript source code failed @ http://localhost:3000/_next/static/chunks/node_modules_next_dist_1gdrd03._.js:1945
[ 6820962ms] [ERROR] ./src/app/page.tsx:76:15
Expected '</', got 'jsx text'
  74 |             </div>
  75 |           </div>
> 76 |         </div>
     |               ^^^^^^^^^^^^^^^^^^^^^^^^^^^^^^^^^^^^^^^^^^^^^^^^^^^^^^^^^^^^^^^^^^^^^^^^^^^^^^^^^^^^^^^^^^^^^^^^^^^^^^^^^^^^^^^^^^^^^^^^^^^^^^^^^^^^^^^^^^^^^^^^^^^^^^^^^^^^^^^^^
> 77 |       </section>
     | ^^^^^^
  78 |
  79 |       {/* Story & Tips Section */}
  80 |       <section className="bg-surface-alt py-20 px-6 md:px-12 w-full mt-12 relative overflow-hidden">

Parsing ecmascript source code failed @ http://localhost:3000/_next/static/chunks/node_modules_next_dist_1gdrd03._.js:1945
[ 6821024ms] [ERROR] ./src/app/page.tsx:76:15
Expected '</', got 'jsx text'
  74 |             </div>
  75 |           </div>
> 76 |         </div>
     |               ^^^^^^^^^^^^^^^^^^^^^^^^^^^^^^^^^^^^^^^^^^^^^^^^^^^^^^^^^^^^^^^^^^^^^^^^^^^^^^^^^^^^^^^^^^^^^^^^^^^^^^^^^^^^^^^^^^^^^^^^^^^^^^^^^^^^^^^^^^^^^^^^^^^^^^^^^^^^^^^^^
> 77 |       </section>
     | ^^^^^^
  78 |
  79 |       {/* Story & Tips Section */}
  80 |       <section className="bg-surface-alt py-20 px-6 md:px-12 w-full mt-12 relative overflow-hidden">

Parsing ecmascript source code failed @ http://localhost:3000/_next/static/chunks/node_modules_next_dist_1gdrd03._.js:1945
[ 6821087ms] [ERROR] ./src/app/page.tsx:76:15
Expected '</', got 'jsx text'
  74 |             </div>
  75 |           </div>
> 76 |         </div>
     |               ^^^^^^^^^^^^^^^^^^^^^^^^^^^^^^^^^^^^^^^^^^^^^^^^^^^^^^^^^^^^^^^^^^^^^^^^^^^^^^^^^^^^^^^^^^^^^^^^^^^^^^^^^^^^^^^^^^^^^^^^^^^^^^^^^^^^^^^^^^^^^^^^^^^^^^^^^^^^^^^^^
> 77 |       </section>
     | ^^^^^^
  78 |
  79 |       {/* Story & Tips Section */}
  80 |       <section className="bg-surface-alt py-20 px-6 md:px-12 w-full mt-12 relative overflow-hidden">

Parsing ecmascript source code failed @ http://localhost:3000/_next/static/chunks/node_modules_next_dist_1gdrd03._.js:1945
[ 6821148ms] [ERROR] ./src/app/page.tsx:76:15
Expected '</', got 'jsx text'
  74 |             </div>
  75 |           </div>
> 76 |         </div>
     |               ^^^^^^^^^^^^^^^^^^^^^^^^^^^^^^^^^^^^^^^^^^^^^^^^^^^^^^^^^^^^^^^^^^^^^^^^^^^^^^^^^^^^^^^^^^^^^^^^^^^^^^^^^^^^^^^^^^^^^^^^^^^^^^^^^^^^^^^^^^^^^^^^^^^^^^^^^^^^^^^^^
> 77 |       </section>
     | ^^^^^^
  78 |
  79 |       {/* Story & Tips Section */}
  80 |       <section className="bg-surface-alt py-20 px-6 md:px-12 w-full mt-12 relative overflow-hidden">

Parsing ecmascript source code failed @ http://localhost:3000/_next/static/chunks/node_modules_next_dist_1gdrd03._.js:1945
[ 6821210ms] [ERROR] ./src/app/page.tsx:76:15
Expected '</', got 'jsx text'
  74 |             </div>
  75 |           </div>
> 76 |         </div>
     |               ^^^^^^^^^^^^^^^^^^^^^^^^^^^^^^^^^^^^^^^^^^^^^^^^^^^^^^^^^^^^^^^^^^^^^^^^^^^^^^^^^^^^^^^^^^^^^^^^^^^^^^^^^^^^^^^^^^^^^^^^^^^^^^^^^^^^^^^^^^^^^^^^^^^^^^^^^^^^^^^^^
> 77 |       </section>
     | ^^^^^^
  78 |
  79 |       {/* Story & Tips Section */}
  80 |       <section className="bg-surface-alt py-20 px-6 md:px-12 w-full mt-12 relative overflow-hidden">

Parsing ecmascript source code failed @ http://localhost:3000/_next/static/chunks/node_modules_next_dist_1gdrd03._.js:1945
[ 6821272ms] [ERROR] ./src/app/page.tsx:76:15
Expected '</', got 'jsx text'
  74 |             </div>
  75 |           </div>
> 76 |         </div>
     |               ^^^^^^^^^^^^^^^^^^^^^^^^^^^^^^^^^^^^^^^^^^^^^^^^^^^^^^^^^^^^^^^^^^^^^^^^^^^^^^^^^^^^^^^^^^^^^^^^^^^^^^^^^^^^^^^^^^^^^^^^^^^^^^^^^^^^^^^^^^^^^^^^^^^^^^^^^^^^^^^^^
> 77 |       </section>
     | ^^^^^^
  78 |
  79 |       {/* Story & Tips Section */}
  80 |       <section className="bg-surface-alt py-20 px-6 md:px-12 w-full mt-12 relative overflow-hidden">

Parsing ecmascript source code failed @ http://localhost:3000/_next/static/chunks/node_modules_next_dist_1gdrd03._.js:1945
[ 6821334ms] [ERROR] ./src/app/page.tsx:76:15
Expected '</', got 'jsx text'
  74 |             </div>
  75 |           </div>
> 76 |         </div>
     |               ^^^^^^^^^^^^^^^^^^^^^^^^^^^^^^^^^^^^^^^^^^^^^^^^^^^^^^^^^^^^^^^^^^^^^^^^^^^^^^^^^^^^^^^^^^^^^^^^^^^^^^^^^^^^^^^^^^^^^^^^^^^^^^^^^^^^^^^^^^^^^^^^^^^^^^^^^^^^^^^^^
> 77 |       </section>
     | ^^^^^^
  78 |
  79 |       {/* Story & Tips Section */}
  80 |       <section className="bg-surface-alt py-20 px-6 md:px-12 w-full mt-12 relative overflow-hidden">

Parsing ecmascript source code failed @ http://localhost:3000/_next/static/chunks/node_modules_next_dist_1gdrd03._.js:1945
[ 6821397ms] [ERROR] ./src/app/page.tsx:76:15
Expected '</', got 'jsx text'
  74 |             </div>
  75 |           </div>
> 76 |         </div>
     |               ^^^^^^^^^^^^^^^^^^^^^^^^^^^^^^^^^^^^^^^^^^^^^^^^^^^^^^^^^^^^^^^^^^^^^^^^^^^^^^^^^^^^^^^^^^^^^^^^^^^^^^^^^^^^^^^^^^^^^^^^^^^^^^^^^^^^^^^^^^^^^^^^^^^^^^^^^^^^^^^^^
> 77 |       </section>
     | ^^^^^^
  78 |
  79 |       {/* Story & Tips Section */}
  80 |       <section className="bg-surface-alt py-20 px-6 md:px-12 w-full mt-12 relative overflow-hidden">

Parsing ecmascript source code failed @ http://localhost:3000/_next/static/chunks/node_modules_next_dist_1gdrd03._.js:1945
[ 6821460ms] [ERROR] ./src/app/page.tsx:76:15
Expected '</', got 'jsx text'
  74 |             </div>
  75 |           </div>
> 76 |         </div>
     |               ^^^^^^^^^^^^^^^^^^^^^^^^^^^^^^^^^^^^^^^^^^^^^^^^^^^^^^^^^^^^^^^^^^^^^^^^^^^^^^^^^^^^^^^^^^^^^^^^^^^^^^^^^^^^^^^^^^^^^^^^^^^^^^^^^^^^^^^^^^^^^^^^^^^^^^^^^^^^^^^^^
> 77 |       </section>
     | ^^^^^^
  78 |
  79 |       {/* Story & Tips Section */}
  80 |       <section className="bg-surface-alt py-20 px-6 md:px-12 w-full mt-12 relative overflow-hidden">

Parsing ecmascript source code failed @ http://localhost:3000/_next/static/chunks/node_modules_next_dist_1gdrd03._.js:1945
[ 6821522ms] [ERROR] ./src/app/page.tsx:76:15
Expected '</', got 'jsx text'
  74 |             </div>
  75 |           </div>
> 76 |         </div>
     |               ^^^^^^^^^^^^^^^^^^^^^^^^^^^^^^^^^^^^^^^^^^^^^^^^^^^^^^^^^^^^^^^^^^^^^^^^^^^^^^^^^^^^^^^^^^^^^^^^^^^^^^^^^^^^^^^^^^^^^^^^^^^^^^^^^^^^^^^^^^^^^^^^^^^^^^^^^^^^^^^^^
> 77 |       </section>
     | ^^^^^^
  78 |
  79 |       {/* Story & Tips Section */}
  80 |       <section className="bg-surface-alt py-20 px-6 md:px-12 w-full mt-12 relative overflow-hidden">

Parsing ecmascript source code failed @ http://localhost:3000/_next/static/chunks/node_modules_next_dist_1gdrd03._.js:1945
[ 6821583ms] [ERROR] ./src/app/page.tsx:76:15
Expected '</', got 'jsx text'
  74 |             </div>
  75 |           </div>
> 76 |         </div>
     |               ^^^^^^^^^^^^^^^^^^^^^^^^^^^^^^^^^^^^^^^^^^^^^^^^^^^^^^^^^^^^^^^^^^^^^^^^^^^^^^^^^^^^^^^^^^^^^^^^^^^^^^^^^^^^^^^^^^^^^^^^^^^^^^^^^^^^^^^^^^^^^^^^^^^^^^^^^^^^^^^^^
> 77 |       </section>
     | ^^^^^^
  78 |
  79 |       {/* Story & Tips Section */}
  80 |       <section className="bg-surface-alt py-20 px-6 md:px-12 w-full mt-12 relative overflow-hidden">

Parsing ecmascript source code failed @ http://localhost:3000/_next/static/chunks/node_modules_next_dist_1gdrd03._.js:1945
[ 6821646ms] [ERROR] ./src/app/page.tsx:76:15
Expected '</', got 'jsx text'
  74 |             </div>
  75 |           </div>
> 76 |         </div>
     |               ^^^^^^^^^^^^^^^^^^^^^^^^^^^^^^^^^^^^^^^^^^^^^^^^^^^^^^^^^^^^^^^^^^^^^^^^^^^^^^^^^^^^^^^^^^^^^^^^^^^^^^^^^^^^^^^^^^^^^^^^^^^^^^^^^^^^^^^^^^^^^^^^^^^^^^^^^^^^^^^^^
> 77 |       </section>
     | ^^^^^^
  78 |
  79 |       {/* Story & Tips Section */}
  80 |       <section className="bg-surface-alt py-20 px-6 md:px-12 w-full mt-12 relative overflow-hidden">

Parsing ecmascript source code failed @ http://localhost:3000/_next/static/chunks/node_modules_next_dist_1gdrd03._.js:1945
[ 6821706ms] [ERROR] ./src/app/page.tsx:76:15
Expected '</', got 'jsx text'
  74 |             </div>
  75 |           </div>
> 76 |         </div>
     |               ^^^^^^^^^^^^^^^^^^^^^^^^^^^^^^^^^^^^^^^^^^^^^^^^^^^^^^^^^^^^^^^^^^^^^^^^^^^^^^^^^^^^^^^^^^^^^^^^^^^^^^^^^^^^^^^^^^^^^^^^^^^^^^^^^^^^^^^^^^^^^^^^^^^^^^^^^^^^^^^^^
> 77 |       </section>
     | ^^^^^^
  78 |
  79 |       {/* Story & Tips Section */}
  80 |       <section className="bg-surface-alt py-20 px-6 md:px-12 w-full mt-12 relative overflow-hidden">

Parsing ecmascript source code failed @ http://localhost:3000/_next/static/chunks/node_modules_next_dist_1gdrd03._.js:1945
[ 6821769ms] [ERROR] ./src/app/page.tsx:76:15
Expected '</', got 'jsx text'
  74 |             </div>
  75 |           </div>
> 76 |         </div>
     |               ^^^^^^^^^^^^^^^^^^^^^^^^^^^^^^^^^^^^^^^^^^^^^^^^^^^^^^^^^^^^^^^^^^^^^^^^^^^^^^^^^^^^^^^^^^^^^^^^^^^^^^^^^^^^^^^^^^^^^^^^^^^^^^^^^^^^^^^^^^^^^^^^^^^^^^^^^^^^^^^^^
> 77 |       </section>
     | ^^^^^^
  78 |
  79 |       {/* Story & Tips Section */}
  80 |       <section className="bg-surface-alt py-20 px-6 md:px-12 w-full mt-12 relative overflow-hidden">

Parsing ecmascript source code failed @ http://localhost:3000/_next/static/chunks/node_modules_next_dist_1gdrd03._.js:1945
[ 6821831ms] [ERROR] ./src/app/page.tsx:76:15
Expected '</', got 'jsx text'
  74 |             </div>
  75 |           </div>
> 76 |         </div>
     |               ^^^^^^^^^^^^^^^^^^^^^^^^^^^^^^^^^^^^^^^^^^^^^^^^^^^^^^^^^^^^^^^^^^^^^^^^^^^^^^^^^^^^^^^^^^^^^^^^^^^^^^^^^^^^^^^^^^^^^^^^^^^^^^^^^^^^^^^^^^^^^^^^^^^^^^^^^^^^^^^^^
> 77 |       </section>
     | ^^^^^^
  78 |
  79 |       {/* Story & Tips Section */}
  80 |       <section className="bg-surface-alt py-20 px-6 md:px-12 w-full mt-12 relative overflow-hidden">

Parsing ecmascript source code failed @ http://localhost:3000/_next/static/chunks/node_modules_next_dist_1gdrd03._.js:1945
[ 6821893ms] [ERROR] ./src/app/page.tsx:76:15
Expected '</', got 'jsx text'
  74 |             </div>
  75 |           </div>
> 76 |         </div>
     |               ^^^^^^^^^^^^^^^^^^^^^^^^^^^^^^^^^^^^^^^^^^^^^^^^^^^^^^^^^^^^^^^^^^^^^^^^^^^^^^^^^^^^^^^^^^^^^^^^^^^^^^^^^^^^^^^^^^^^^^^^^^^^^^^^^^^^^^^^^^^^^^^^^^^^^^^^^^^^^^^^^
> 77 |       </section>
     | ^^^^^^
  78 |
  79 |       {/* Story & Tips Section */}
  80 |       <section className="bg-surface-alt py-20 px-6 md:px-12 w-full mt-12 relative overflow-hidden">

Parsing ecmascript source code failed @ http://localhost:3000/_next/static/chunks/node_modules_next_dist_1gdrd03._.js:1945
[ 6821957ms] [ERROR] ./src/app/page.tsx:76:15
Expected '</', got 'jsx text'
  74 |             </div>
  75 |           </div>
> 76 |         </div>
     |               ^^^^^^^^^^^^^^^^^^^^^^^^^^^^^^^^^^^^^^^^^^^^^^^^^^^^^^^^^^^^^^^^^^^^^^^^^^^^^^^^^^^^^^^^^^^^^^^^^^^^^^^^^^^^^^^^^^^^^^^^^^^^^^^^^^^^^^^^^^^^^^^^^^^^^^^^^^^^^^^^^
> 77 |       </section>
     | ^^^^^^
  78 |
  79 |       {/* Story & Tips Section */}
  80 |       <section className="bg-surface-alt py-20 px-6 md:px-12 w-full mt-12 relative overflow-hidden">

Parsing ecmascript source code failed @ http://localhost:3000/_next/static/chunks/node_modules_next_dist_1gdrd03._.js:1945
[ 6822021ms] [ERROR] ./src/app/page.tsx:76:15
Expected '</', got 'jsx text'
  74 |             </div>
  75 |           </div>
> 76 |         </div>
     |               ^^^^^^^^^^^^^^^^^^^^^^^^^^^^^^^^^^^^^^^^^^^^^^^^^^^^^^^^^^^^^^^^^^^^^^^^^^^^^^^^^^^^^^^^^^^^^^^^^^^^^^^^^^^^^^^^^^^^^^^^^^^^^^^^^^^^^^^^^^^^^^^^^^^^^^^^^^^^^^^^^
> 77 |       </section>
     | ^^^^^^
  78 |
  79 |       {/* Story & Tips Section */}
  80 |       <section className="bg-surface-alt py-20 px-6 md:px-12 w-full mt-12 relative overflow-hidden">

Parsing ecmascript source code failed @ http://localhost:3000/_next/static/chunks/node_modules_next_dist_1gdrd03._.js:1945
[ 6822080ms] [ERROR] ./src/app/page.tsx:76:15
Expected '</', got 'jsx text'
  74 |             </div>
  75 |           </div>
> 76 |         </div>
     |               ^^^^^^^^^^^^^^^^^^^^^^^^^^^^^^^^^^^^^^^^^^^^^^^^^^^^^^^^^^^^^^^^^^^^^^^^^^^^^^^^^^^^^^^^^^^^^^^^^^^^^^^^^^^^^^^^^^^^^^^^^^^^^^^^^^^^^^^^^^^^^^^^^^^^^^^^^^^^^^^^^
> 77 |       </section>
     | ^^^^^^
  78 |
  79 |       {/* Story & Tips Section */}
  80 |       <section className="bg-surface-alt py-20 px-6 md:px-12 w-full mt-12 relative overflow-hidden">

Parsing ecmascript source code failed @ http://localhost:3000/_next/static/chunks/node_modules_next_dist_1gdrd03._.js:1945
[ 6822143ms] [ERROR] ./src/app/page.tsx:76:15
Expected '</', got 'jsx text'
  74 |             </div>
  75 |           </div>
> 76 |         </div>
     |               ^^^^^^^^^^^^^^^^^^^^^^^^^^^^^^^^^^^^^^^^^^^^^^^^^^^^^^^^^^^^^^^^^^^^^^^^^^^^^^^^^^^^^^^^^^^^^^^^^^^^^^^^^^^^^^^^^^^^^^^^^^^^^^^^^^^^^^^^^^^^^^^^^^^^^^^^^^^^^^^^^
> 77 |       </section>
     | ^^^^^^
  78 |
  79 |       {/* Story & Tips Section */}
  80 |       <section className="bg-surface-alt py-20 px-6 md:px-12 w-full mt-12 relative overflow-hidden">

Parsing ecmascript source code failed @ http://localhost:3000/_next/static/chunks/node_modules_next_dist_1gdrd03._.js:1945
[ 6822206ms] [ERROR] ./src/app/page.tsx:76:15
Expected '</', got 'jsx text'
  74 |             </div>
  75 |           </div>
> 76 |         </div>
     |               ^^^^^^^^^^^^^^^^^^^^^^^^^^^^^^^^^^^^^^^^^^^^^^^^^^^^^^^^^^^^^^^^^^^^^^^^^^^^^^^^^^^^^^^^^^^^^^^^^^^^^^^^^^^^^^^^^^^^^^^^^^^^^^^^^^^^^^^^^^^^^^^^^^^^^^^^^^^^^^^^^
> 77 |       </section>
     | ^^^^^^
  78 |
  79 |       {/* Story & Tips Section */}
  80 |       <section className="bg-surface-alt py-20 px-6 md:px-12 w-full mt-12 relative overflow-hidden">

Parsing ecmascript source code failed @ http://localhost:3000/_next/static/chunks/node_modules_next_dist_1gdrd03._.js:1945
[ 6822269ms] [ERROR] ./src/app/page.tsx:76:15
Expected '</', got 'jsx text'
  74 |             </div>
  75 |           </div>
> 76 |         </div>
     |               ^^^^^^^^^^^^^^^^^^^^^^^^^^^^^^^^^^^^^^^^^^^^^^^^^^^^^^^^^^^^^^^^^^^^^^^^^^^^^^^^^^^^^^^^^^^^^^^^^^^^^^^^^^^^^^^^^^^^^^^^^^^^^^^^^^^^^^^^^^^^^^^^^^^^^^^^^^^^^^^^^
> 77 |       </section>
     | ^^^^^^
  78 |
  79 |       {/* Story & Tips Section */}
  80 |       <section className="bg-surface-alt py-20 px-6 md:px-12 w-full mt-12 relative overflow-hidden">

Parsing ecmascript source code failed @ http://localhost:3000/_next/static/chunks/node_modules_next_dist_1gdrd03._.js:1945
[ 6822333ms] [ERROR] ./src/app/page.tsx:76:15
Expected '</', got 'jsx text'
  74 |             </div>
  75 |           </div>
> 76 |         </div>
     |               ^^^^^^^^^^^^^^^^^^^^^^^^^^^^^^^^^^^^^^^^^^^^^^^^^^^^^^^^^^^^^^^^^^^^^^^^^^^^^^^^^^^^^^^^^^^^^^^^^^^^^^^^^^^^^^^^^^^^^^^^^^^^^^^^^^^^^^^^^^^^^^^^^^^^^^^^^^^^^^^^^
> 77 |       </section>
     | ^^^^^^
  78 |
  79 |       {/* Story & Tips Section */}
  80 |       <section className="bg-surface-alt py-20 px-6 md:px-12 w-full mt-12 relative overflow-hidden">

Parsing ecmascript source code failed @ http://localhost:3000/_next/static/chunks/node_modules_next_dist_1gdrd03._.js:1945
[ 6822396ms] [ERROR] ./src/app/page.tsx:76:15
Expected '</', got 'jsx text'
  74 |             </div>
  75 |           </div>
> 76 |         </div>
     |               ^^^^^^^^^^^^^^^^^^^^^^^^^^^^^^^^^^^^^^^^^^^^^^^^^^^^^^^^^^^^^^^^^^^^^^^^^^^^^^^^^^^^^^^^^^^^^^^^^^^^^^^^^^^^^^^^^^^^^^^^^^^^^^^^^^^^^^^^^^^^^^^^^^^^^^^^^^^^^^^^^
> 77 |       </section>
     | ^^^^^^
  78 |
  79 |       {/* Story & Tips Section */}
  80 |       <section className="bg-surface-alt py-20 px-6 md:px-12 w-full mt-12 relative overflow-hidden">

Parsing ecmascript source code failed @ http://localhost:3000/_next/static/chunks/node_modules_next_dist_1gdrd03._.js:1945
[ 6822457ms] [ERROR] ./src/app/page.tsx:76:15
Expected '</', got 'jsx text'
  74 |             </div>
  75 |           </div>
> 76 |         </div>
     |               ^^^^^^^^^^^^^^^^^^^^^^^^^^^^^^^^^^^^^^^^^^^^^^^^^^^^^^^^^^^^^^^^^^^^^^^^^^^^^^^^^^^^^^^^^^^^^^^^^^^^^^^^^^^^^^^^^^^^^^^^^^^^^^^^^^^^^^^^^^^^^^^^^^^^^^^^^^^^^^^^^
> 77 |       </section>
     | ^^^^^^
  78 |
  79 |       {/* Story & Tips Section */}
  80 |       <section className="bg-surface-alt py-20 px-6 md:px-12 w-full mt-12 relative overflow-hidden">

Parsing ecmascript source code failed @ http://localhost:3000/_next/static/chunks/node_modules_next_dist_1gdrd03._.js:1945
[ 6822520ms] [ERROR] ./src/app/page.tsx:76:15
Expected '</', got 'jsx text'
  74 |             </div>
  75 |           </div>
> 76 |         </div>
     |               ^^^^^^^^^^^^^^^^^^^^^^^^^^^^^^^^^^^^^^^^^^^^^^^^^^^^^^^^^^^^^^^^^^^^^^^^^^^^^^^^^^^^^^^^^^^^^^^^^^^^^^^^^^^^^^^^^^^^^^^^^^^^^^^^^^^^^^^^^^^^^^^^^^^^^^^^^^^^^^^^^
> 77 |       </section>
     | ^^^^^^
  78 |
  79 |       {/* Story & Tips Section */}
  80 |       <section className="bg-surface-alt py-20 px-6 md:px-12 w-full mt-12 relative overflow-hidden">

Parsing ecmascript source code failed @ http://localhost:3000/_next/static/chunks/node_modules_next_dist_1gdrd03._.js:1945
[ 6822582ms] [ERROR] ./src/app/page.tsx:76:15
Expected '</', got 'jsx text'
  74 |             </div>
  75 |           </div>
> 76 |         </div>
     |               ^^^^^^^^^^^^^^^^^^^^^^^^^^^^^^^^^^^^^^^^^^^^^^^^^^^^^^^^^^^^^^^^^^^^^^^^^^^^^^^^^^^^^^^^^^^^^^^^^^^^^^^^^^^^^^^^^^^^^^^^^^^^^^^^^^^^^^^^^^^^^^^^^^^^^^^^^^^^^^^^^
> 77 |       </section>
     | ^^^^^^
  78 |
  79 |       {/* Story & Tips Section */}
  80 |       <section className="bg-surface-alt py-20 px-6 md:px-12 w-full mt-12 relative overflow-hidden">

Parsing ecmascript source code failed @ http://localhost:3000/_next/static/chunks/node_modules_next_dist_1gdrd03._.js:1945
[ 6822643ms] [ERROR] ./src/app/page.tsx:76:15
Expected '</', got 'jsx text'
  74 |             </div>
  75 |           </div>
> 76 |         </div>
     |               ^^^^^^^^^^^^^^^^^^^^^^^^^^^^^^^^^^^^^^^^^^^^^^^^^^^^^^^^^^^^^^^^^^^^^^^^^^^^^^^^^^^^^^^^^^^^^^^^^^^^^^^^^^^^^^^^^^^^^^^^^^^^^^^^^^^^^^^^^^^^^^^^^^^^^^^^^^^^^^^^^
> 77 |       </section>
     | ^^^^^^
  78 |
  79 |       {/* Story & Tips Section */}
  80 |       <section className="bg-surface-alt py-20 px-6 md:px-12 w-full mt-12 relative overflow-hidden">

Parsing ecmascript source code failed @ http://localhost:3000/_next/static/chunks/node_modules_next_dist_1gdrd03._.js:1945
[ 6822705ms] [ERROR] ./src/app/page.tsx:76:15
Expected '</', got 'jsx text'
  74 |             </div>
  75 |           </div>
> 76 |         </div>
     |               ^^^^^^^^^^^^^^^^^^^^^^^^^^^^^^^^^^^^^^^^^^^^^^^^^^^^^^^^^^^^^^^^^^^^^^^^^^^^^^^^^^^^^^^^^^^^^^^^^^^^^^^^^^^^^^^^^^^^^^^^^^^^^^^^^^^^^^^^^^^^^^^^^^^^^^^^^^^^^^^^^
> 77 |       </section>
     | ^^^^^^
  78 |
  79 |       {/* Story & Tips Section */}
  80 |       <section className="bg-surface-alt py-20 px-6 md:px-12 w-full mt-12 relative overflow-hidden">

Parsing ecmascript source code failed @ http://localhost:3000/_next/static/chunks/node_modules_next_dist_1gdrd03._.js:1945
[ 6822765ms] [ERROR] ./src/app/page.tsx:76:15
Expected '</', got 'jsx text'
  74 |             </div>
  75 |           </div>
> 76 |         </div>
     |               ^^^^^^^^^^^^^^^^^^^^^^^^^^^^^^^^^^^^^^^^^^^^^^^^^^^^^^^^^^^^^^^^^^^^^^^^^^^^^^^^^^^^^^^^^^^^^^^^^^^^^^^^^^^^^^^^^^^^^^^^^^^^^^^^^^^^^^^^^^^^^^^^^^^^^^^^^^^^^^^^^
> 77 |       </section>
     | ^^^^^^
  78 |
  79 |       {/* Story & Tips Section */}
  80 |       <section className="bg-surface-alt py-20 px-6 md:px-12 w-full mt-12 relative overflow-hidden">

Parsing ecmascript source code failed @ http://localhost:3000/_next/static/chunks/node_modules_next_dist_1gdrd03._.js:1945
[ 6822826ms] [ERROR] ./src/app/page.tsx:76:15
Expected '</', got 'jsx text'
  74 |             </div>
  75 |           </div>
> 76 |         </div>
     |               ^^^^^^^^^^^^^^^^^^^^^^^^^^^^^^^^^^^^^^^^^^^^^^^^^^^^^^^^^^^^^^^^^^^^^^^^^^^^^^^^^^^^^^^^^^^^^^^^^^^^^^^^^^^^^^^^^^^^^^^^^^^^^^^^^^^^^^^^^^^^^^^^^^^^^^^^^^^^^^^^^
> 77 |       </section>
     | ^^^^^^
  78 |
  79 |       {/* Story & Tips Section */}
  80 |       <section className="bg-surface-alt py-20 px-6 md:px-12 w-full mt-12 relative overflow-hidden">

Parsing ecmascript source code failed @ http://localhost:3000/_next/static/chunks/node_modules_next_dist_1gdrd03._.js:1945
[ 6822889ms] [ERROR] ./src/app/page.tsx:76:15
Expected '</', got 'jsx text'
  74 |             </div>
  75 |           </div>
> 76 |         </div>
     |               ^^^^^^^^^^^^^^^^^^^^^^^^^^^^^^^^^^^^^^^^^^^^^^^^^^^^^^^^^^^^^^^^^^^^^^^^^^^^^^^^^^^^^^^^^^^^^^^^^^^^^^^^^^^^^^^^^^^^^^^^^^^^^^^^^^^^^^^^^^^^^^^^^^^^^^^^^^^^^^^^^
> 77 |       </section>
     | ^^^^^^
  78 |
  79 |       {/* Story & Tips Section */}
  80 |       <section className="bg-surface-alt py-20 px-6 md:px-12 w-full mt-12 relative overflow-hidden">

Parsing ecmascript source code failed @ http://localhost:3000/_next/static/chunks/node_modules_next_dist_1gdrd03._.js:1945
[ 6822952ms] [ERROR] ./src/app/page.tsx:76:15
Expected '</', got 'jsx text'
  74 |             </div>
  75 |           </div>
> 76 |         </div>
     |               ^^^^^^^^^^^^^^^^^^^^^^^^^^^^^^^^^^^^^^^^^^^^^^^^^^^^^^^^^^^^^^^^^^^^^^^^^^^^^^^^^^^^^^^^^^^^^^^^^^^^^^^^^^^^^^^^^^^^^^^^^^^^^^^^^^^^^^^^^^^^^^^^^^^^^^^^^^^^^^^^^
> 77 |       </section>
     | ^^^^^^
  78 |
  79 |       {/* Story & Tips Section */}
  80 |       <section className="bg-surface-alt py-20 px-6 md:px-12 w-full mt-12 relative overflow-hidden">

Parsing ecmascript source code failed @ http://localhost:3000/_next/static/chunks/node_modules_next_dist_1gdrd03._.js:1945
[ 6823047ms] [ERROR] ./src/app/page.tsx:76:15
Expected '</', got 'jsx text'
  74 |             </div>
  75 |           </div>
> 76 |         </div>
     |               ^^^^^^^^^^^^^^^^^^^^^^^^^^^^^^^^^^^^^^^^^^^^^^^^^^^^^^^^^^^^^^^^^^^^^^^^^^^^^^^^^^^^^^^^^^^^^^^^^^^^^^^^^^^^^^^^^^^^^^^^^^^^^^^^^^^^^^^^^^^^^^^^^^^^^^^^^^^^^^^^^
> 77 |       </section>
     | ^^^^^^
  78 |
  79 |       {/* Story & Tips Section */}
  80 |       <section className="bg-surface-alt py-20 px-6 md:px-12 w-full mt-12 relative overflow-hidden">

Parsing ecmascript source code failed @ http://localhost:3000/_next/static/chunks/node_modules_next_dist_1gdrd03._.js:1945
[ 6823121ms] [ERROR] ./src/app/page.tsx:76:15
Expected '</', got 'jsx text'
  74 |             </div>
  75 |           </div>
> 76 |         </div>
     |               ^^^^^^^^^^^^^^^^^^^^^^^^^^^^^^^^^^^^^^^^^^^^^^^^^^^^^^^^^^^^^^^^^^^^^^^^^^^^^^^^^^^^^^^^^^^^^^^^^^^^^^^^^^^^^^^^^^^^^^^^^^^^^^^^^^^^^^^^^^^^^^^^^^^^^^^^^^^^^^^^^
> 77 |       </section>
     | ^^^^^^
  78 |
  79 |       {/* Story & Tips Section */}
  80 |       <section className="bg-surface-alt py-20 px-6 md:px-12 w-full mt-12 relative overflow-hidden">

Parsing ecmascript source code failed @ http://localhost:3000/_next/static/chunks/node_modules_next_dist_1gdrd03._.js:1945
[ 6823182ms] [ERROR] ./src/app/page.tsx:76:15
Expected '</', got 'jsx text'
  74 |             </div>
  75 |           </div>
> 76 |         </div>
     |               ^^^^^^^^^^^^^^^^^^^^^^^^^^^^^^^^^^^^^^^^^^^^^^^^^^^^^^^^^^^^^^^^^^^^^^^^^^^^^^^^^^^^^^^^^^^^^^^^^^^^^^^^^^^^^^^^^^^^^^^^^^^^^^^^^^^^^^^^^^^^^^^^^^^^^^^^^^^^^^^^^
> 77 |       </section>
     | ^^^^^^
  78 |
  79 |       {/* Story & Tips Section */}
  80 |       <section className="bg-surface-alt py-20 px-6 md:px-12 w-full mt-12 relative overflow-hidden">

Parsing ecmascript source code failed @ http://localhost:3000/_next/static/chunks/node_modules_next_dist_1gdrd03._.js:1945
[ 6823244ms] [ERROR] ./src/app/page.tsx:76:15
Expected '</', got 'jsx text'
  74 |             </div>
  75 |           </div>
> 76 |         </div>
     |               ^^^^^^^^^^^^^^^^^^^^^^^^^^^^^^^^^^^^^^^^^^^^^^^^^^^^^^^^^^^^^^^^^^^^^^^^^^^^^^^^^^^^^^^^^^^^^^^^^^^^^^^^^^^^^^^^^^^^^^^^^^^^^^^^^^^^^^^^^^^^^^^^^^^^^^^^^^^^^^^^^
> 77 |       </section>
     | ^^^^^^
  78 |
  79 |       {/* Story & Tips Section */}
  80 |       <section className="bg-surface-alt py-20 px-6 md:px-12 w-full mt-12 relative overflow-hidden">

Parsing ecmascript source code failed @ http://localhost:3000/_next/static/chunks/node_modules_next_dist_1gdrd03._.js:1945
[ 6823304ms] [ERROR] ./src/app/page.tsx:76:15
Expected '</', got 'jsx text'
  74 |             </div>
  75 |           </div>
> 76 |         </div>
     |               ^^^^^^^^^^^^^^^^^^^^^^^^^^^^^^^^^^^^^^^^^^^^^^^^^^^^^^^^^^^^^^^^^^^^^^^^^^^^^^^^^^^^^^^^^^^^^^^^^^^^^^^^^^^^^^^^^^^^^^^^^^^^^^^^^^^^^^^^^^^^^^^^^^^^^^^^^^^^^^^^^
> 77 |       </section>
     | ^^^^^^
  78 |
  79 |       {/* Story & Tips Section */}
  80 |       <section className="bg-surface-alt py-20 px-6 md:px-12 w-full mt-12 relative overflow-hidden">

Parsing ecmascript source code failed @ http://localhost:3000/_next/static/chunks/node_modules_next_dist_1gdrd03._.js:1945
[ 6823365ms] [ERROR] ./src/app/page.tsx:76:15
Expected '</', got 'jsx text'
  74 |             </div>
  75 |           </div>
> 76 |         </div>
     |               ^^^^^^^^^^^^^^^^^^^^^^^^^^^^^^^^^^^^^^^^^^^^^^^^^^^^^^^^^^^^^^^^^^^^^^^^^^^^^^^^^^^^^^^^^^^^^^^^^^^^^^^^^^^^^^^^^^^^^^^^^^^^^^^^^^^^^^^^^^^^^^^^^^^^^^^^^^^^^^^^^
> 77 |       </section>
     | ^^^^^^
  78 |
  79 |       {/* Story & Tips Section */}
  80 |       <section className="bg-surface-alt py-20 px-6 md:px-12 w-full mt-12 relative overflow-hidden">

Parsing ecmascript source code failed @ http://localhost:3000/_next/static/chunks/node_modules_next_dist_1gdrd03._.js:1945
[ 6823426ms] [ERROR] ./src/app/page.tsx:76:15
Expected '</', got 'jsx text'
  74 |             </div>
  75 |           </div>
> 76 |         </div>
     |               ^^^^^^^^^^^^^^^^^^^^^^^^^^^^^^^^^^^^^^^^^^^^^^^^^^^^^^^^^^^^^^^^^^^^^^^^^^^^^^^^^^^^^^^^^^^^^^^^^^^^^^^^^^^^^^^^^^^^^^^^^^^^^^^^^^^^^^^^^^^^^^^^^^^^^^^^^^^^^^^^^
> 77 |       </section>
     | ^^^^^^
  78 |
  79 |       {/* Story & Tips Section */}
  80 |       <section className="bg-surface-alt py-20 px-6 md:px-12 w-full mt-12 relative overflow-hidden">

Parsing ecmascript source code failed @ http://localhost:3000/_next/static/chunks/node_modules_next_dist_1gdrd03._.js:1945
[ 6823489ms] [ERROR] ./src/app/page.tsx:76:15
Expected '</', got 'jsx text'
  74 |             </div>
  75 |           </div>
> 76 |         </div>
     |               ^^^^^^^^^^^^^^^^^^^^^^^^^^^^^^^^^^^^^^^^^^^^^^^^^^^^^^^^^^^^^^^^^^^^^^^^^^^^^^^^^^^^^^^^^^^^^^^^^^^^^^^^^^^^^^^^^^^^^^^^^^^^^^^^^^^^^^^^^^^^^^^^^^^^^^^^^^^^^^^^^
> 77 |       </section>
     | ^^^^^^
  78 |
  79 |       {/* Story & Tips Section */}
  80 |       <section className="bg-surface-alt py-20 px-6 md:px-12 w-full mt-12 relative overflow-hidden">

Parsing ecmascript source code failed @ http://localhost:3000/_next/static/chunks/node_modules_next_dist_1gdrd03._.js:1945
[ 6823549ms] [ERROR] ./src/app/page.tsx:76:15
Expected '</', got 'jsx text'
  74 |             </div>
  75 |           </div>
> 76 |         </div>
     |               ^^^^^^^^^^^^^^^^^^^^^^^^^^^^^^^^^^^^^^^^^^^^^^^^^^^^^^^^^^^^^^^^^^^^^^^^^^^^^^^^^^^^^^^^^^^^^^^^^^^^^^^^^^^^^^^^^^^^^^^^^^^^^^^^^^^^^^^^^^^^^^^^^^^^^^^^^^^^^^^^^
> 77 |       </section>
     | ^^^^^^
  78 |
  79 |       {/* Story & Tips Section */}
  80 |       <section className="bg-surface-alt py-20 px-6 md:px-12 w-full mt-12 relative overflow-hidden">

Parsing ecmascript source code failed @ http://localhost:3000/_next/static/chunks/node_modules_next_dist_1gdrd03._.js:1945
[ 6823610ms] [ERROR] ./src/app/page.tsx:76:15
Expected '</', got 'jsx text'
  74 |             </div>
  75 |           </div>
> 76 |         </div>
     |               ^^^^^^^^^^^^^^^^^^^^^^^^^^^^^^^^^^^^^^^^^^^^^^^^^^^^^^^^^^^^^^^^^^^^^^^^^^^^^^^^^^^^^^^^^^^^^^^^^^^^^^^^^^^^^^^^^^^^^^^^^^^^^^^^^^^^^^^^^^^^^^^^^^^^^^^^^^^^^^^^^
> 77 |       </section>
     | ^^^^^^
  78 |
  79 |       {/* Story & Tips Section */}
  80 |       <section className="bg-surface-alt py-20 px-6 md:px-12 w-full mt-12 relative overflow-hidden">

Parsing ecmascript source code failed @ http://localhost:3000/_next/static/chunks/node_modules_next_dist_1gdrd03._.js:1945
[ 6823673ms] [ERROR] ./src/app/page.tsx:76:15
Expected '</', got 'jsx text'
  74 |             </div>
  75 |           </div>
> 76 |         </div>
     |               ^^^^^^^^^^^^^^^^^^^^^^^^^^^^^^^^^^^^^^^^^^^^^^^^^^^^^^^^^^^^^^^^^^^^^^^^^^^^^^^^^^^^^^^^^^^^^^^^^^^^^^^^^^^^^^^^^^^^^^^^^^^^^^^^^^^^^^^^^^^^^^^^^^^^^^^^^^^^^^^^^
> 77 |       </section>
     | ^^^^^^
  78 |
  79 |       {/* Story & Tips Section */}
  80 |       <section className="bg-surface-alt py-20 px-6 md:px-12 w-full mt-12 relative overflow-hidden">

Parsing ecmascript source code failed @ http://localhost:3000/_next/static/chunks/node_modules_next_dist_1gdrd03._.js:1945
[ 6823735ms] [ERROR] ./src/app/page.tsx:76:15
Expected '</', got 'jsx text'
  74 |             </div>
  75 |           </div>
> 76 |         </div>
     |               ^^^^^^^^^^^^^^^^^^^^^^^^^^^^^^^^^^^^^^^^^^^^^^^^^^^^^^^^^^^^^^^^^^^^^^^^^^^^^^^^^^^^^^^^^^^^^^^^^^^^^^^^^^^^^^^^^^^^^^^^^^^^^^^^^^^^^^^^^^^^^^^^^^^^^^^^^^^^^^^^^
> 77 |       </section>
     | ^^^^^^
  78 |
  79 |       {/* Story & Tips Section */}
  80 |       <section className="bg-surface-alt py-20 px-6 md:px-12 w-full mt-12 relative overflow-hidden">

Parsing ecmascript source code failed @ http://localhost:3000/_next/static/chunks/node_modules_next_dist_1gdrd03._.js:1945
[ 6823796ms] [ERROR] ./src/app/page.tsx:76:15
Expected '</', got 'jsx text'
  74 |             </div>
  75 |           </div>
> 76 |         </div>
     |               ^^^^^^^^^^^^^^^^^^^^^^^^^^^^^^^^^^^^^^^^^^^^^^^^^^^^^^^^^^^^^^^^^^^^^^^^^^^^^^^^^^^^^^^^^^^^^^^^^^^^^^^^^^^^^^^^^^^^^^^^^^^^^^^^^^^^^^^^^^^^^^^^^^^^^^^^^^^^^^^^^
> 77 |       </section>
     | ^^^^^^
  78 |
  79 |       {/* Story & Tips Section */}
  80 |       <section className="bg-surface-alt py-20 px-6 md:px-12 w-full mt-12 relative overflow-hidden">

Parsing ecmascript source code failed @ http://localhost:3000/_next/static/chunks/node_modules_next_dist_1gdrd03._.js:1945
[ 6823858ms] [ERROR] ./src/app/page.tsx:76:15
Expected '</', got 'jsx text'
  74 |             </div>
  75 |           </div>
> 76 |         </div>
     |               ^^^^^^^^^^^^^^^^^^^^^^^^^^^^^^^^^^^^^^^^^^^^^^^^^^^^^^^^^^^^^^^^^^^^^^^^^^^^^^^^^^^^^^^^^^^^^^^^^^^^^^^^^^^^^^^^^^^^^^^^^^^^^^^^^^^^^^^^^^^^^^^^^^^^^^^^^^^^^^^^^
> 77 |       </section>
     | ^^^^^^
  78 |
  79 |       {/* Story & Tips Section */}
  80 |       <section className="bg-surface-alt py-20 px-6 md:px-12 w-full mt-12 relative overflow-hidden">

Parsing ecmascript source code failed @ http://localhost:3000/_next/static/chunks/node_modules_next_dist_1gdrd03._.js:1945
[ 6823920ms] [ERROR] ./src/app/page.tsx:76:15
Expected '</', got 'jsx text'
  74 |             </div>
  75 |           </div>
> 76 |         </div>
     |               ^^^^^^^^^^^^^^^^^^^^^^^^^^^^^^^^^^^^^^^^^^^^^^^^^^^^^^^^^^^^^^^^^^^^^^^^^^^^^^^^^^^^^^^^^^^^^^^^^^^^^^^^^^^^^^^^^^^^^^^^^^^^^^^^^^^^^^^^^^^^^^^^^^^^^^^^^^^^^^^^^
> 77 |       </section>
     | ^^^^^^
  78 |
  79 |       {/* Story & Tips Section */}
  80 |       <section className="bg-surface-alt py-20 px-6 md:px-12 w-full mt-12 relative overflow-hidden">

Parsing ecmascript source code failed @ http://localhost:3000/_next/static/chunks/node_modules_next_dist_1gdrd03._.js:1945
[ 6823982ms] [ERROR] ./src/app/page.tsx:76:15
Expected '</', got 'jsx text'
  74 |             </div>
  75 |           </div>
> 76 |         </div>
     |               ^^^^^^^^^^^^^^^^^^^^^^^^^^^^^^^^^^^^^^^^^^^^^^^^^^^^^^^^^^^^^^^^^^^^^^^^^^^^^^^^^^^^^^^^^^^^^^^^^^^^^^^^^^^^^^^^^^^^^^^^^^^^^^^^^^^^^^^^^^^^^^^^^^^^^^^^^^^^^^^^^
> 77 |       </section>
     | ^^^^^^
  78 |
  79 |       {/* Story & Tips Section */}
  80 |       <section className="bg-surface-alt py-20 px-6 md:px-12 w-full mt-12 relative overflow-hidden">

Parsing ecmascript source code failed @ http://localhost:3000/_next/static/chunks/node_modules_next_dist_1gdrd03._.js:1945
[ 6824045ms] [ERROR] ./src/app/page.tsx:76:15
Expected '</', got 'jsx text'
  74 |             </div>
  75 |           </div>
> 76 |         </div>
     |               ^^^^^^^^^^^^^^^^^^^^^^^^^^^^^^^^^^^^^^^^^^^^^^^^^^^^^^^^^^^^^^^^^^^^^^^^^^^^^^^^^^^^^^^^^^^^^^^^^^^^^^^^^^^^^^^^^^^^^^^^^^^^^^^^^^^^^^^^^^^^^^^^^^^^^^^^^^^^^^^^^
> 77 |       </section>
     | ^^^^^^
  78 |
  79 |       {/* Story & Tips Section */}
  80 |       <section className="bg-surface-alt py-20 px-6 md:px-12 w-full mt-12 relative overflow-hidden">

Parsing ecmascript source code failed @ http://localhost:3000/_next/static/chunks/node_modules_next_dist_1gdrd03._.js:1945
[ 6824107ms] [ERROR] ./src/app/page.tsx:76:15
Expected '</', got 'jsx text'
  74 |             </div>
  75 |           </div>
> 76 |         </div>
     |               ^^^^^^^^^^^^^^^^^^^^^^^^^^^^^^^^^^^^^^^^^^^^^^^^^^^^^^^^^^^^^^^^^^^^^^^^^^^^^^^^^^^^^^^^^^^^^^^^^^^^^^^^^^^^^^^^^^^^^^^^^^^^^^^^^^^^^^^^^^^^^^^^^^^^^^^^^^^^^^^^^
> 77 |       </section>
     | ^^^^^^
  78 |
  79 |       {/* Story & Tips Section */}
  80 |       <section className="bg-surface-alt py-20 px-6 md:px-12 w-full mt-12 relative overflow-hidden">

Parsing ecmascript source code failed @ http://localhost:3000/_next/static/chunks/node_modules_next_dist_1gdrd03._.js:1945
[ 6824169ms] [ERROR] ./src/app/page.tsx:76:15
Expected '</', got 'jsx text'
  74 |             </div>
  75 |           </div>
> 76 |         </div>
     |               ^^^^^^^^^^^^^^^^^^^^^^^^^^^^^^^^^^^^^^^^^^^^^^^^^^^^^^^^^^^^^^^^^^^^^^^^^^^^^^^^^^^^^^^^^^^^^^^^^^^^^^^^^^^^^^^^^^^^^^^^^^^^^^^^^^^^^^^^^^^^^^^^^^^^^^^^^^^^^^^^^
> 77 |       </section>
     | ^^^^^^
  78 |
  79 |       {/* Story & Tips Section */}
  80 |       <section className="bg-surface-alt py-20 px-6 md:px-12 w-full mt-12 relative overflow-hidden">

Parsing ecmascript source code failed @ http://localhost:3000/_next/static/chunks/node_modules_next_dist_1gdrd03._.js:1945
[ 6824232ms] [ERROR] ./src/app/page.tsx:76:15
Expected '</', got 'jsx text'
  74 |             </div>
  75 |           </div>
> 76 |         </div>
     |               ^^^^^^^^^^^^^^^^^^^^^^^^^^^^^^^^^^^^^^^^^^^^^^^^^^^^^^^^^^^^^^^^^^^^^^^^^^^^^^^^^^^^^^^^^^^^^^^^^^^^^^^^^^^^^^^^^^^^^^^^^^^^^^^^^^^^^^^^^^^^^^^^^^^^^^^^^^^^^^^^^
> 77 |       </section>
     | ^^^^^^
  78 |
  79 |       {/* Story & Tips Section */}
  80 |       <section className="bg-surface-alt py-20 px-6 md:px-12 w-full mt-12 relative overflow-hidden">

Parsing ecmascript source code failed @ http://localhost:3000/_next/static/chunks/node_modules_next_dist_1gdrd03._.js:1945
[ 6824294ms] [ERROR] ./src/app/page.tsx:76:15
Expected '</', got 'jsx text'
  74 |             </div>
  75 |           </div>
> 76 |         </div>
     |               ^^^^^^^^^^^^^^^^^^^^^^^^^^^^^^^^^^^^^^^^^^^^^^^^^^^^^^^^^^^^^^^^^^^^^^^^^^^^^^^^^^^^^^^^^^^^^^^^^^^^^^^^^^^^^^^^^^^^^^^^^^^^^^^^^^^^^^^^^^^^^^^^^^^^^^^^^^^^^^^^^
> 77 |       </section>
     | ^^^^^^
  78 |
  79 |       {/* Story & Tips Section */}
  80 |       <section className="bg-surface-alt py-20 px-6 md:px-12 w-full mt-12 relative overflow-hidden">

Parsing ecmascript source code failed @ http://localhost:3000/_next/static/chunks/node_modules_next_dist_1gdrd03._.js:1945
[ 6824354ms] [ERROR] ./src/app/page.tsx:76:15
Expected '</', got 'jsx text'
  74 |             </div>
  75 |           </div>
> 76 |         </div>
     |               ^^^^^^^^^^^^^^^^^^^^^^^^^^^^^^^^^^^^^^^^^^^^^^^^^^^^^^^^^^^^^^^^^^^^^^^^^^^^^^^^^^^^^^^^^^^^^^^^^^^^^^^^^^^^^^^^^^^^^^^^^^^^^^^^^^^^^^^^^^^^^^^^^^^^^^^^^^^^^^^^^
> 77 |       </section>
     | ^^^^^^
  78 |
  79 |       {/* Story & Tips Section */}
  80 |       <section className="bg-surface-alt py-20 px-6 md:px-12 w-full mt-12 relative overflow-hidden">

Parsing ecmascript source code failed @ http://localhost:3000/_next/static/chunks/node_modules_next_dist_1gdrd03._.js:1945
[ 6824416ms] [ERROR] ./src/app/page.tsx:76:15
Expected '</', got 'jsx text'
  74 |             </div>
  75 |           </div>
> 76 |         </div>
     |               ^^^^^^^^^^^^^^^^^^^^^^^^^^^^^^^^^^^^^^^^^^^^^^^^^^^^^^^^^^^^^^^^^^^^^^^^^^^^^^^^^^^^^^^^^^^^^^^^^^^^^^^^^^^^^^^^^^^^^^^^^^^^^^^^^^^^^^^^^^^^^^^^^^^^^^^^^^^^^^^^^
> 77 |       </section>
     | ^^^^^^
  78 |
  79 |       {/* Story & Tips Section */}
  80 |       <section className="bg-surface-alt py-20 px-6 md:px-12 w-full mt-12 relative overflow-hidden">

Parsing ecmascript source code failed @ http://localhost:3000/_next/static/chunks/node_modules_next_dist_1gdrd03._.js:1945
[ 6824476ms] [ERROR] ./src/app/page.tsx:76:15
Expected '</', got 'jsx text'
  74 |             </div>
  75 |           </div>
> 76 |         </div>
     |               ^^^^^^^^^^^^^^^^^^^^^^^^^^^^^^^^^^^^^^^^^^^^^^^^^^^^^^^^^^^^^^^^^^^^^^^^^^^^^^^^^^^^^^^^^^^^^^^^^^^^^^^^^^^^^^^^^^^^^^^^^^^^^^^^^^^^^^^^^^^^^^^^^^^^^^^^^^^^^^^^^
> 77 |       </section>
     | ^^^^^^
  78 |
  79 |       {/* Story & Tips Section */}
  80 |       <section className="bg-surface-alt py-20 px-6 md:px-12 w-full mt-12 relative overflow-hidden">

Parsing ecmascript source code failed @ http://localhost:3000/_next/static/chunks/node_modules_next_dist_1gdrd03._.js:1945
[ 6824539ms] [ERROR] ./src/app/page.tsx:76:15
Expected '</', got 'jsx text'
  74 |             </div>
  75 |           </div>
> 76 |         </div>
     |               ^^^^^^^^^^^^^^^^^^^^^^^^^^^^^^^^^^^^^^^^^^^^^^^^^^^^^^^^^^^^^^^^^^^^^^^^^^^^^^^^^^^^^^^^^^^^^^^^^^^^^^^^^^^^^^^^^^^^^^^^^^^^^^^^^^^^^^^^^^^^^^^^^^^^^^^^^^^^^^^^^
> 77 |       </section>
     | ^^^^^^
  78 |
  79 |       {/* Story & Tips Section */}
  80 |       <section className="bg-surface-alt py-20 px-6 md:px-12 w-full mt-12 relative overflow-hidden">

Parsing ecmascript source code failed @ http://localhost:3000/_next/static/chunks/node_modules_next_dist_1gdrd03._.js:1945
[ 6824603ms] [ERROR] ./src/app/page.tsx:76:15
Expected '</', got 'jsx text'
  74 |             </div>
  75 |           </div>
> 76 |         </div>
     |               ^^^^^^^^^^^^^^^^^^^^^^^^^^^^^^^^^^^^^^^^^^^^^^^^^^^^^^^^^^^^^^^^^^^^^^^^^^^^^^^^^^^^^^^^^^^^^^^^^^^^^^^^^^^^^^^^^^^^^^^^^^^^^^^^^^^^^^^^^^^^^^^^^^^^^^^^^^^^^^^^^
> 77 |       </section>
     | ^^^^^^
  78 |
  79 |       {/* Story & Tips Section */}
  80 |       <section className="bg-surface-alt py-20 px-6 md:px-12 w-full mt-12 relative overflow-hidden">

Parsing ecmascript source code failed @ http://localhost:3000/_next/static/chunks/node_modules_next_dist_1gdrd03._.js:1945
[ 6824664ms] [ERROR] ./src/app/page.tsx:76:15
Expected '</', got 'jsx text'
  74 |             </div>
  75 |           </div>
> 76 |         </div>
     |               ^^^^^^^^^^^^^^^^^^^^^^^^^^^^^^^^^^^^^^^^^^^^^^^^^^^^^^^^^^^^^^^^^^^^^^^^^^^^^^^^^^^^^^^^^^^^^^^^^^^^^^^^^^^^^^^^^^^^^^^^^^^^^^^^^^^^^^^^^^^^^^^^^^^^^^^^^^^^^^^^^
> 77 |       </section>
     | ^^^^^^
  78 |
  79 |       {/* Story & Tips Section */}
  80 |       <section className="bg-surface-alt py-20 px-6 md:px-12 w-full mt-12 relative overflow-hidden">

Parsing ecmascript source code failed @ http://localhost:3000/_next/static/chunks/node_modules_next_dist_1gdrd03._.js:1945
[ 6824727ms] [ERROR] ./src/app/page.tsx:76:15
Expected '</', got 'jsx text'
  74 |             </div>
  75 |           </div>
> 76 |         </div>
     |               ^^^^^^^^^^^^^^^^^^^^^^^^^^^^^^^^^^^^^^^^^^^^^^^^^^^^^^^^^^^^^^^^^^^^^^^^^^^^^^^^^^^^^^^^^^^^^^^^^^^^^^^^^^^^^^^^^^^^^^^^^^^^^^^^^^^^^^^^^^^^^^^^^^^^^^^^^^^^^^^^^
> 77 |       </section>
     | ^^^^^^
  78 |
  79 |       {/* Story & Tips Section */}
  80 |       <section className="bg-surface-alt py-20 px-6 md:px-12 w-full mt-12 relative overflow-hidden">

Parsing ecmascript source code failed @ http://localhost:3000/_next/static/chunks/node_modules_next_dist_1gdrd03._.js:1945
[ 6824788ms] [ERROR] ./src/app/page.tsx:76:15
Expected '</', got 'jsx text'
  74 |             </div>
  75 |           </div>
> 76 |         </div>
     |               ^^^^^^^^^^^^^^^^^^^^^^^^^^^^^^^^^^^^^^^^^^^^^^^^^^^^^^^^^^^^^^^^^^^^^^^^^^^^^^^^^^^^^^^^^^^^^^^^^^^^^^^^^^^^^^^^^^^^^^^^^^^^^^^^^^^^^^^^^^^^^^^^^^^^^^^^^^^^^^^^^
> 77 |       </section>
     | ^^^^^^
  78 |
  79 |       {/* Story & Tips Section */}
  80 |       <section className="bg-surface-alt py-20 px-6 md:px-12 w-full mt-12 relative overflow-hidden">

Parsing ecmascript source code failed @ http://localhost:3000/_next/static/chunks/node_modules_next_dist_1gdrd03._.js:1945
[ 6824850ms] [ERROR] ./src/app/page.tsx:76:15
Expected '</', got 'jsx text'
  74 |             </div>
  75 |           </div>
> 76 |         </div>
     |               ^^^^^^^^^^^^^^^^^^^^^^^^^^^^^^^^^^^^^^^^^^^^^^^^^^^^^^^^^^^^^^^^^^^^^^^^^^^^^^^^^^^^^^^^^^^^^^^^^^^^^^^^^^^^^^^^^^^^^^^^^^^^^^^^^^^^^^^^^^^^^^^^^^^^^^^^^^^^^^^^^
> 77 |       </section>
     | ^^^^^^
  78 |
  79 |       {/* Story & Tips Section */}
  80 |       <section className="bg-surface-alt py-20 px-6 md:px-12 w-full mt-12 relative overflow-hidden">

Parsing ecmascript source code failed @ http://localhost:3000/_next/static/chunks/node_modules_next_dist_1gdrd03._.js:1945
[ 6824911ms] [ERROR] ./src/app/page.tsx:76:15
Expected '</', got 'jsx text'
  74 |             </div>
  75 |           </div>
> 76 |         </div>
     |               ^^^^^^^^^^^^^^^^^^^^^^^^^^^^^^^^^^^^^^^^^^^^^^^^^^^^^^^^^^^^^^^^^^^^^^^^^^^^^^^^^^^^^^^^^^^^^^^^^^^^^^^^^^^^^^^^^^^^^^^^^^^^^^^^^^^^^^^^^^^^^^^^^^^^^^^^^^^^^^^^^
> 77 |       </section>
     | ^^^^^^
  78 |
  79 |       {/* Story & Tips Section */}
  80 |       <section className="bg-surface-alt py-20 px-6 md:px-12 w-full mt-12 relative overflow-hidden">

Parsing ecmascript source code failed @ http://localhost:3000/_next/static/chunks/node_modules_next_dist_1gdrd03._.js:1945
[ 6824974ms] [ERROR] ./src/app/page.tsx:76:15
Expected '</', got 'jsx text'
  74 |             </div>
  75 |           </div>
> 76 |         </div>
     |               ^^^^^^^^^^^^^^^^^^^^^^^^^^^^^^^^^^^^^^^^^^^^^^^^^^^^^^^^^^^^^^^^^^^^^^^^^^^^^^^^^^^^^^^^^^^^^^^^^^^^^^^^^^^^^^^^^^^^^^^^^^^^^^^^^^^^^^^^^^^^^^^^^^^^^^^^^^^^^^^^^
> 77 |       </section>
     | ^^^^^^
  78 |
  79 |       {/* Story & Tips Section */}
  80 |       <section className="bg-surface-alt py-20 px-6 md:px-12 w-full mt-12 relative overflow-hidden">

Parsing ecmascript source code failed @ http://localhost:3000/_next/static/chunks/node_modules_next_dist_1gdrd03._.js:1945
[ 6825035ms] [ERROR] ./src/app/page.tsx:76:15
Expected '</', got 'jsx text'
  74 |             </div>
  75 |           </div>
> 76 |         </div>
     |               ^^^^^^^^^^^^^^^^^^^^^^^^^^^^^^^^^^^^^^^^^^^^^^^^^^^^^^^^^^^^^^^^^^^^^^^^^^^^^^^^^^^^^^^^^^^^^^^^^^^^^^^^^^^^^^^^^^^^^^^^^^^^^^^^^^^^^^^^^^^^^^^^^^^^^^^^^^^^^^^^^
> 77 |       </section>
     | ^^^^^^
  78 |
  79 |       {/* Story & Tips Section */}
  80 |       <section className="bg-surface-alt py-20 px-6 md:px-12 w-full mt-12 relative overflow-hidden">

Parsing ecmascript source code failed @ http://localhost:3000/_next/static/chunks/node_modules_next_dist_1gdrd03._.js:1945
[ 6825110ms] [ERROR] ./src/app/page.tsx:76:15
Expected '</', got 'jsx text'
  74 |             </div>
  75 |           </div>
> 76 |         </div>
     |               ^^^^^^^^^^^^^^^^^^^^^^^^^^^^^^^^^^^^^^^^^^^^^^^^^^^^^^^^^^^^^^^^^^^^^^^^^^^^^^^^^^^^^^^^^^^^^^^^^^^^^^^^^^^^^^^^^^^^^^^^^^^^^^^^^^^^^^^^^^^^^^^^^^^^^^^^^^^^^^^^^
> 77 |       </section>
     | ^^^^^^
  78 |
  79 |       {/* Story & Tips Section */}
  80 |       <section className="bg-surface-alt py-20 px-6 md:px-12 w-full mt-12 relative overflow-hidden">

Parsing ecmascript source code failed @ http://localhost:3000/_next/static/chunks/node_modules_next_dist_1gdrd03._.js:1945
[ 6825177ms] [ERROR] ./src/app/page.tsx:76:15
Expected '</', got 'jsx text'
  74 |             </div>
  75 |           </div>
> 76 |         </div>
     |               ^^^^^^^^^^^^^^^^^^^^^^^^^^^^^^^^^^^^^^^^^^^^^^^^^^^^^^^^^^^^^^^^^^^^^^^^^^^^^^^^^^^^^^^^^^^^^^^^^^^^^^^^^^^^^^^^^^^^^^^^^^^^^^^^^^^^^^^^^^^^^^^^^^^^^^^^^^^^^^^^^
> 77 |       </section>
     | ^^^^^^
  78 |
  79 |       {/* Story & Tips Section */}
  80 |       <section className="bg-surface-alt py-20 px-6 md:px-12 w-full mt-12 relative overflow-hidden">

Parsing ecmascript source code failed @ http://localhost:3000/_next/static/chunks/node_modules_next_dist_1gdrd03._.js:1945
[ 6825239ms] [ERROR] ./src/app/page.tsx:76:15
Expected '</', got 'jsx text'
  74 |             </div>
  75 |           </div>
> 76 |         </div>
     |               ^^^^^^^^^^^^^^^^^^^^^^^^^^^^^^^^^^^^^^^^^^^^^^^^^^^^^^^^^^^^^^^^^^^^^^^^^^^^^^^^^^^^^^^^^^^^^^^^^^^^^^^^^^^^^^^^^^^^^^^^^^^^^^^^^^^^^^^^^^^^^^^^^^^^^^^^^^^^^^^^^
> 77 |       </section>
     | ^^^^^^
  78 |
  79 |       {/* Story & Tips Section */}
  80 |       <section className="bg-surface-alt py-20 px-6 md:px-12 w-full mt-12 relative overflow-hidden">

Parsing ecmascript source code failed @ http://localhost:3000/_next/static/chunks/node_modules_next_dist_1gdrd03._.js:1945
[ 6825303ms] [ERROR] ./src/app/page.tsx:76:15
Expected '</', got 'jsx text'
  74 |             </div>
  75 |           </div>
> 76 |         </div>
     |               ^^^^^^^^^^^^^^^^^^^^^^^^^^^^^^^^^^^^^^^^^^^^^^^^^^^^^^^^^^^^^^^^^^^^^^^^^^^^^^^^^^^^^^^^^^^^^^^^^^^^^^^^^^^^^^^^^^^^^^^^^^^^^^^^^^^^^^^^^^^^^^^^^^^^^^^^^^^^^^^^^
> 77 |       </section>
     | ^^^^^^
  78 |
  79 |       {/* Story & Tips Section */}
  80 |       <section className="bg-surface-alt py-20 px-6 md:px-12 w-full mt-12 relative overflow-hidden">

Parsing ecmascript source code failed @ http://localhost:3000/_next/static/chunks/node_modules_next_dist_1gdrd03._.js:1945
[ 6825364ms] [ERROR] ./src/app/page.tsx:76:15
Expected '</', got 'jsx text'
  74 |             </div>
  75 |           </div>
> 76 |         </div>
     |               ^^^^^^^^^^^^^^^^^^^^^^^^^^^^^^^^^^^^^^^^^^^^^^^^^^^^^^^^^^^^^^^^^^^^^^^^^^^^^^^^^^^^^^^^^^^^^^^^^^^^^^^^^^^^^^^^^^^^^^^^^^^^^^^^^^^^^^^^^^^^^^^^^^^^^^^^^^^^^^^^^
> 77 |       </section>
     | ^^^^^^
  78 |
  79 |       {/* Story & Tips Section */}
  80 |       <section className="bg-surface-alt py-20 px-6 md:px-12 w-full mt-12 relative overflow-hidden">

Parsing ecmascript source code failed @ http://localhost:3000/_next/static/chunks/node_modules_next_dist_1gdrd03._.js:1945
[ 6825426ms] [ERROR] ./src/app/page.tsx:76:15
Expected '</', got 'jsx text'
  74 |             </div>
  75 |           </div>
> 76 |         </div>
     |               ^^^^^^^^^^^^^^^^^^^^^^^^^^^^^^^^^^^^^^^^^^^^^^^^^^^^^^^^^^^^^^^^^^^^^^^^^^^^^^^^^^^^^^^^^^^^^^^^^^^^^^^^^^^^^^^^^^^^^^^^^^^^^^^^^^^^^^^^^^^^^^^^^^^^^^^^^^^^^^^^^
> 77 |       </section>
     | ^^^^^^
  78 |
  79 |       {/* Story & Tips Section */}
  80 |       <section className="bg-surface-alt py-20 px-6 md:px-12 w-full mt-12 relative overflow-hidden">

Parsing ecmascript source code failed @ http://localhost:3000/_next/static/chunks/node_modules_next_dist_1gdrd03._.js:1945
[ 6825488ms] [ERROR] ./src/app/page.tsx:76:15
Expected '</', got 'jsx text'
  74 |             </div>
  75 |           </div>
> 76 |         </div>
     |               ^^^^^^^^^^^^^^^^^^^^^^^^^^^^^^^^^^^^^^^^^^^^^^^^^^^^^^^^^^^^^^^^^^^^^^^^^^^^^^^^^^^^^^^^^^^^^^^^^^^^^^^^^^^^^^^^^^^^^^^^^^^^^^^^^^^^^^^^^^^^^^^^^^^^^^^^^^^^^^^^^
> 77 |       </section>
     | ^^^^^^
  78 |
  79 |       {/* Story & Tips Section */}
  80 |       <section className="bg-surface-alt py-20 px-6 md:px-12 w-full mt-12 relative overflow-hidden">

Parsing ecmascript source code failed @ http://localhost:3000/_next/static/chunks/node_modules_next_dist_1gdrd03._.js:1945
[ 6825551ms] [ERROR] ./src/app/page.tsx:76:15
Expected '</', got 'jsx text'
  74 |             </div>
  75 |           </div>
> 76 |         </div>
     |               ^^^^^^^^^^^^^^^^^^^^^^^^^^^^^^^^^^^^^^^^^^^^^^^^^^^^^^^^^^^^^^^^^^^^^^^^^^^^^^^^^^^^^^^^^^^^^^^^^^^^^^^^^^^^^^^^^^^^^^^^^^^^^^^^^^^^^^^^^^^^^^^^^^^^^^^^^^^^^^^^^
> 77 |       </section>
     | ^^^^^^
  78 |
  79 |       {/* Story & Tips Section */}
  80 |       <section className="bg-surface-alt py-20 px-6 md:px-12 w-full mt-12 relative overflow-hidden">

Parsing ecmascript source code failed @ http://localhost:3000/_next/static/chunks/node_modules_next_dist_1gdrd03._.js:1945
[ 6825613ms] [ERROR] ./src/app/page.tsx:76:15
Expected '</', got 'jsx text'
  74 |             </div>
  75 |           </div>
> 76 |         </div>
     |               ^^^^^^^^^^^^^^^^^^^^^^^^^^^^^^^^^^^^^^^^^^^^^^^^^^^^^^^^^^^^^^^^^^^^^^^^^^^^^^^^^^^^^^^^^^^^^^^^^^^^^^^^^^^^^^^^^^^^^^^^^^^^^^^^^^^^^^^^^^^^^^^^^^^^^^^^^^^^^^^^^
> 77 |       </section>
     | ^^^^^^
  78 |
  79 |       {/* Story & Tips Section */}
  80 |       <section className="bg-surface-alt py-20 px-6 md:px-12 w-full mt-12 relative overflow-hidden">

Parsing ecmascript source code failed @ http://localhost:3000/_next/static/chunks/node_modules_next_dist_1gdrd03._.js:1945
[ 6825674ms] [ERROR] ./src/app/page.tsx:76:15
Expected '</', got 'jsx text'
  74 |             </div>
  75 |           </div>
> 76 |         </div>
     |               ^^^^^^^^^^^^^^^^^^^^^^^^^^^^^^^^^^^^^^^^^^^^^^^^^^^^^^^^^^^^^^^^^^^^^^^^^^^^^^^^^^^^^^^^^^^^^^^^^^^^^^^^^^^^^^^^^^^^^^^^^^^^^^^^^^^^^^^^^^^^^^^^^^^^^^^^^^^^^^^^^
> 77 |       </section>
     | ^^^^^^
  78 |
  79 |       {/* Story & Tips Section */}
  80 |       <section className="bg-surface-alt py-20 px-6 md:px-12 w-full mt-12 relative overflow-hidden">

Parsing ecmascript source code failed @ http://localhost:3000/_next/static/chunks/node_modules_next_dist_1gdrd03._.js:1945
[ 6825736ms] [ERROR] ./src/app/page.tsx:76:15
Expected '</', got 'jsx text'
  74 |             </div>
  75 |           </div>
> 76 |         </div>
     |               ^^^^^^^^^^^^^^^^^^^^^^^^^^^^^^^^^^^^^^^^^^^^^^^^^^^^^^^^^^^^^^^^^^^^^^^^^^^^^^^^^^^^^^^^^^^^^^^^^^^^^^^^^^^^^^^^^^^^^^^^^^^^^^^^^^^^^^^^^^^^^^^^^^^^^^^^^^^^^^^^^
> 77 |       </section>
     | ^^^^^^
  78 |
  79 |       {/* Story & Tips Section */}
  80 |       <section className="bg-surface-alt py-20 px-6 md:px-12 w-full mt-12 relative overflow-hidden">

Parsing ecmascript source code failed @ http://localhost:3000/_next/static/chunks/node_modules_next_dist_1gdrd03._.js:1945
[ 6825796ms] [ERROR] ./src/app/page.tsx:76:15
Expected '</', got 'jsx text'
  74 |             </div>
  75 |           </div>
> 76 |         </div>
     |               ^^^^^^^^^^^^^^^^^^^^^^^^^^^^^^^^^^^^^^^^^^^^^^^^^^^^^^^^^^^^^^^^^^^^^^^^^^^^^^^^^^^^^^^^^^^^^^^^^^^^^^^^^^^^^^^^^^^^^^^^^^^^^^^^^^^^^^^^^^^^^^^^^^^^^^^^^^^^^^^^^
> 77 |       </section>
     | ^^^^^^
  78 |
  79 |       {/* Story & Tips Section */}
  80 |       <section className="bg-surface-alt py-20 px-6 md:px-12 w-full mt-12 relative overflow-hidden">

Parsing ecmascript source code failed @ http://localhost:3000/_next/static/chunks/node_modules_next_dist_1gdrd03._.js:1945
[ 6825856ms] [ERROR] ./src/app/page.tsx:76:15
Expected '</', got 'jsx text'
  74 |             </div>
  75 |           </div>
> 76 |         </div>
     |               ^^^^^^^^^^^^^^^^^^^^^^^^^^^^^^^^^^^^^^^^^^^^^^^^^^^^^^^^^^^^^^^^^^^^^^^^^^^^^^^^^^^^^^^^^^^^^^^^^^^^^^^^^^^^^^^^^^^^^^^^^^^^^^^^^^^^^^^^^^^^^^^^^^^^^^^^^^^^^^^^^
> 77 |       </section>
     | ^^^^^^
  78 |
  79 |       {/* Story & Tips Section */}
  80 |       <section className="bg-surface-alt py-20 px-6 md:px-12 w-full mt-12 relative overflow-hidden">

Parsing ecmascript source code failed @ http://localhost:3000/_next/static/chunks/node_modules_next_dist_1gdrd03._.js:1945
[ 6825919ms] [ERROR] ./src/app/page.tsx:76:15
Expected '</', got 'jsx text'
  74 |             </div>
  75 |           </div>
> 76 |         </div>
     |               ^^^^^^^^^^^^^^^^^^^^^^^^^^^^^^^^^^^^^^^^^^^^^^^^^^^^^^^^^^^^^^^^^^^^^^^^^^^^^^^^^^^^^^^^^^^^^^^^^^^^^^^^^^^^^^^^^^^^^^^^^^^^^^^^^^^^^^^^^^^^^^^^^^^^^^^^^^^^^^^^^
> 77 |       </section>
     | ^^^^^^
  78 |
  79 |       {/* Story & Tips Section */}
  80 |       <section className="bg-surface-alt py-20 px-6 md:px-12 w-full mt-12 relative overflow-hidden">

Parsing ecmascript source code failed @ http://localhost:3000/_next/static/chunks/node_modules_next_dist_1gdrd03._.js:1945
[ 6825982ms] [ERROR] ./src/app/page.tsx:76:15
Expected '</', got 'jsx text'
  74 |             </div>
  75 |           </div>
> 76 |         </div>
     |               ^^^^^^^^^^^^^^^^^^^^^^^^^^^^^^^^^^^^^^^^^^^^^^^^^^^^^^^^^^^^^^^^^^^^^^^^^^^^^^^^^^^^^^^^^^^^^^^^^^^^^^^^^^^^^^^^^^^^^^^^^^^^^^^^^^^^^^^^^^^^^^^^^^^^^^^^^^^^^^^^^
> 77 |       </section>
     | ^^^^^^
  78 |
  79 |       {/* Story & Tips Section */}
  80 |       <section className="bg-surface-alt py-20 px-6 md:px-12 w-full mt-12 relative overflow-hidden">

Parsing ecmascript source code failed @ http://localhost:3000/_next/static/chunks/node_modules_next_dist_1gdrd03._.js:1945
[ 6826042ms] [ERROR] ./src/app/page.tsx:76:15
Expected '</', got 'jsx text'
  74 |             </div>
  75 |           </div>
> 76 |         </div>
     |               ^^^^^^^^^^^^^^^^^^^^^^^^^^^^^^^^^^^^^^^^^^^^^^^^^^^^^^^^^^^^^^^^^^^^^^^^^^^^^^^^^^^^^^^^^^^^^^^^^^^^^^^^^^^^^^^^^^^^^^^^^^^^^^^^^^^^^^^^^^^^^^^^^^^^^^^^^^^^^^^^^
> 77 |       </section>
     | ^^^^^^
  78 |
  79 |       {/* Story & Tips Section */}
  80 |       <section className="bg-surface-alt py-20 px-6 md:px-12 w-full mt-12 relative overflow-hidden">

Parsing ecmascript source code failed @ http://localhost:3000/_next/static/chunks/node_modules_next_dist_1gdrd03._.js:1945
[ 6826103ms] [ERROR] ./src/app/page.tsx:76:15
Expected '</', got 'jsx text'
  74 |             </div>
  75 |           </div>
> 76 |         </div>
     |               ^^^^^^^^^^^^^^^^^^^^^^^^^^^^^^^^^^^^^^^^^^^^^^^^^^^^^^^^^^^^^^^^^^^^^^^^^^^^^^^^^^^^^^^^^^^^^^^^^^^^^^^^^^^^^^^^^^^^^^^^^^^^^^^^^^^^^^^^^^^^^^^^^^^^^^^^^^^^^^^^^
> 77 |       </section>
     | ^^^^^^
  78 |
  79 |       {/* Story & Tips Section */}
  80 |       <section className="bg-surface-alt py-20 px-6 md:px-12 w-full mt-12 relative overflow-hidden">

Parsing ecmascript source code failed @ http://localhost:3000/_next/static/chunks/node_modules_next_dist_1gdrd03._.js:1945
[ 6826165ms] [ERROR] ./src/app/page.tsx:76:15
Expected '</', got 'jsx text'
  74 |             </div>
  75 |           </div>
> 76 |         </div>
     |               ^^^^^^^^^^^^^^^^^^^^^^^^^^^^^^^^^^^^^^^^^^^^^^^^^^^^^^^^^^^^^^^^^^^^^^^^^^^^^^^^^^^^^^^^^^^^^^^^^^^^^^^^^^^^^^^^^^^^^^^^^^^^^^^^^^^^^^^^^^^^^^^^^^^^^^^^^^^^^^^^^
> 77 |       </section>
     | ^^^^^^
  78 |
  79 |       {/* Story & Tips Section */}
  80 |       <section className="bg-surface-alt py-20 px-6 md:px-12 w-full mt-12 relative overflow-hidden">

Parsing ecmascript source code failed @ http://localhost:3000/_next/static/chunks/node_modules_next_dist_1gdrd03._.js:1945
[ 6826228ms] [ERROR] ./src/app/page.tsx:76:15
Expected '</', got 'jsx text'
  74 |             </div>
  75 |           </div>
> 76 |         </div>
     |               ^^^^^^^^^^^^^^^^^^^^^^^^^^^^^^^^^^^^^^^^^^^^^^^^^^^^^^^^^^^^^^^^^^^^^^^^^^^^^^^^^^^^^^^^^^^^^^^^^^^^^^^^^^^^^^^^^^^^^^^^^^^^^^^^^^^^^^^^^^^^^^^^^^^^^^^^^^^^^^^^^
> 77 |       </section>
     | ^^^^^^
  78 |
  79 |       {/* Story & Tips Section */}
  80 |       <section className="bg-surface-alt py-20 px-6 md:px-12 w-full mt-12 relative overflow-hidden">

Parsing ecmascript source code failed @ http://localhost:3000/_next/static/chunks/node_modules_next_dist_1gdrd03._.js:1945
[ 6826290ms] [ERROR] ./src/app/page.tsx:76:15
Expected '</', got 'jsx text'
  74 |             </div>
  75 |           </div>
> 76 |         </div>
     |               ^^^^^^^^^^^^^^^^^^^^^^^^^^^^^^^^^^^^^^^^^^^^^^^^^^^^^^^^^^^^^^^^^^^^^^^^^^^^^^^^^^^^^^^^^^^^^^^^^^^^^^^^^^^^^^^^^^^^^^^^^^^^^^^^^^^^^^^^^^^^^^^^^^^^^^^^^^^^^^^^^
> 77 |       </section>
     | ^^^^^^
  78 |
  79 |       {/* Story & Tips Section */}
  80 |       <section className="bg-surface-alt py-20 px-6 md:px-12 w-full mt-12 relative overflow-hidden">

Parsing ecmascript source code failed @ http://localhost:3000/_next/static/chunks/node_modules_next_dist_1gdrd03._.js:1945
[ 6826351ms] [ERROR] ./src/app/page.tsx:76:15
Expected '</', got 'jsx text'
  74 |             </div>
  75 |           </div>
> 76 |         </div>
     |               ^^^^^^^^^^^^^^^^^^^^^^^^^^^^^^^^^^^^^^^^^^^^^^^^^^^^^^^^^^^^^^^^^^^^^^^^^^^^^^^^^^^^^^^^^^^^^^^^^^^^^^^^^^^^^^^^^^^^^^^^^^^^^^^^^^^^^^^^^^^^^^^^^^^^^^^^^^^^^^^^^
> 77 |       </section>
     | ^^^^^^
  78 |
  79 |       {/* Story & Tips Section */}
  80 |       <section className="bg-surface-alt py-20 px-6 md:px-12 w-full mt-12 relative overflow-hidden">

Parsing ecmascript source code failed @ http://localhost:3000/_next/static/chunks/node_modules_next_dist_1gdrd03._.js:1945
[ 6826414ms] [ERROR] ./src/app/page.tsx:76:15
Expected '</', got 'jsx text'
  74 |             </div>
  75 |           </div>
> 76 |         </div>
     |               ^^^^^^^^^^^^^^^^^^^^^^^^^^^^^^^^^^^^^^^^^^^^^^^^^^^^^^^^^^^^^^^^^^^^^^^^^^^^^^^^^^^^^^^^^^^^^^^^^^^^^^^^^^^^^^^^^^^^^^^^^^^^^^^^^^^^^^^^^^^^^^^^^^^^^^^^^^^^^^^^^
> 77 |       </section>
     | ^^^^^^
  78 |
  79 |       {/* Story & Tips Section */}
  80 |       <section className="bg-surface-alt py-20 px-6 md:px-12 w-full mt-12 relative overflow-hidden">

Parsing ecmascript source code failed @ http://localhost:3000/_next/static/chunks/node_modules_next_dist_1gdrd03._.js:1945
[ 6826477ms] [ERROR] ./src/app/page.tsx:76:15
Expected '</', got 'jsx text'
  74 |             </div>
  75 |           </div>
> 76 |         </div>
     |               ^^^^^^^^^^^^^^^^^^^^^^^^^^^^^^^^^^^^^^^^^^^^^^^^^^^^^^^^^^^^^^^^^^^^^^^^^^^^^^^^^^^^^^^^^^^^^^^^^^^^^^^^^^^^^^^^^^^^^^^^^^^^^^^^^^^^^^^^^^^^^^^^^^^^^^^^^^^^^^^^^
> 77 |       </section>
     | ^^^^^^
  78 |
  79 |       {/* Story & Tips Section */}
  80 |       <section className="bg-surface-alt py-20 px-6 md:px-12 w-full mt-12 relative overflow-hidden">

Parsing ecmascript source code failed @ http://localhost:3000/_next/static/chunks/node_modules_next_dist_1gdrd03._.js:1945
[ 6826540ms] [ERROR] ./src/app/page.tsx:76:15
Expected '</', got 'jsx text'
  74 |             </div>
  75 |           </div>
> 76 |         </div>
     |               ^^^^^^^^^^^^^^^^^^^^^^^^^^^^^^^^^^^^^^^^^^^^^^^^^^^^^^^^^^^^^^^^^^^^^^^^^^^^^^^^^^^^^^^^^^^^^^^^^^^^^^^^^^^^^^^^^^^^^^^^^^^^^^^^^^^^^^^^^^^^^^^^^^^^^^^^^^^^^^^^^
> 77 |       </section>
     | ^^^^^^
  78 |
  79 |       {/* Story & Tips Section */}
  80 |       <section className="bg-surface-alt py-20 px-6 md:px-12 w-full mt-12 relative overflow-hidden">

Parsing ecmascript source code failed @ http://localhost:3000/_next/static/chunks/node_modules_next_dist_1gdrd03._.js:1945
[ 6826604ms] [ERROR] ./src/app/page.tsx:76:15
Expected '</', got 'jsx text'
  74 |             </div>
  75 |           </div>
> 76 |         </div>
     |               ^^^^^^^^^^^^^^^^^^^^^^^^^^^^^^^^^^^^^^^^^^^^^^^^^^^^^^^^^^^^^^^^^^^^^^^^^^^^^^^^^^^^^^^^^^^^^^^^^^^^^^^^^^^^^^^^^^^^^^^^^^^^^^^^^^^^^^^^^^^^^^^^^^^^^^^^^^^^^^^^^
> 77 |       </section>
     | ^^^^^^
  78 |
  79 |       {/* Story & Tips Section */}
  80 |       <section className="bg-surface-alt py-20 px-6 md:px-12 w-full mt-12 relative overflow-hidden">

Parsing ecmascript source code failed @ http://localhost:3000/_next/static/chunks/node_modules_next_dist_1gdrd03._.js:1945
[ 6826665ms] [ERROR] ./src/app/page.tsx:76:15
Expected '</', got 'jsx text'
  74 |             </div>
  75 |           </div>
> 76 |         </div>
     |               ^^^^^^^^^^^^^^^^^^^^^^^^^^^^^^^^^^^^^^^^^^^^^^^^^^^^^^^^^^^^^^^^^^^^^^^^^^^^^^^^^^^^^^^^^^^^^^^^^^^^^^^^^^^^^^^^^^^^^^^^^^^^^^^^^^^^^^^^^^^^^^^^^^^^^^^^^^^^^^^^^
> 77 |       </section>
     | ^^^^^^
  78 |
  79 |       {/* Story & Tips Section */}
  80 |       <section className="bg-surface-alt py-20 px-6 md:px-12 w-full mt-12 relative overflow-hidden">

Parsing ecmascript source code failed @ http://localhost:3000/_next/static/chunks/node_modules_next_dist_1gdrd03._.js:1945
[ 6826727ms] [ERROR] ./src/app/page.tsx:76:15
Expected '</', got 'jsx text'
  74 |             </div>
  75 |           </div>
> 76 |         </div>
     |               ^^^^^^^^^^^^^^^^^^^^^^^^^^^^^^^^^^^^^^^^^^^^^^^^^^^^^^^^^^^^^^^^^^^^^^^^^^^^^^^^^^^^^^^^^^^^^^^^^^^^^^^^^^^^^^^^^^^^^^^^^^^^^^^^^^^^^^^^^^^^^^^^^^^^^^^^^^^^^^^^^
> 77 |       </section>
     | ^^^^^^
  78 |
  79 |       {/* Story & Tips Section */}
  80 |       <section className="bg-surface-alt py-20 px-6 md:px-12 w-full mt-12 relative overflow-hidden">

Parsing ecmascript source code failed @ http://localhost:3000/_next/static/chunks/node_modules_next_dist_1gdrd03._.js:1945
[ 6826790ms] [ERROR] ./src/app/page.tsx:76:15
Expected '</', got 'jsx text'
  74 |             </div>
  75 |           </div>
> 76 |         </div>
     |               ^^^^^^^^^^^^^^^^^^^^^^^^^^^^^^^^^^^^^^^^^^^^^^^^^^^^^^^^^^^^^^^^^^^^^^^^^^^^^^^^^^^^^^^^^^^^^^^^^^^^^^^^^^^^^^^^^^^^^^^^^^^^^^^^^^^^^^^^^^^^^^^^^^^^^^^^^^^^^^^^^
> 77 |       </section>
     | ^^^^^^
  78 |
  79 |       {/* Story & Tips Section */}
  80 |       <section className="bg-surface-alt py-20 px-6 md:px-12 w-full mt-12 relative overflow-hidden">

Parsing ecmascript source code failed @ http://localhost:3000/_next/static/chunks/node_modules_next_dist_1gdrd03._.js:1945
[ 6826851ms] [ERROR] ./src/app/page.tsx:76:15
Expected '</', got 'jsx text'
  74 |             </div>
  75 |           </div>
> 76 |         </div>
     |               ^^^^^^^^^^^^^^^^^^^^^^^^^^^^^^^^^^^^^^^^^^^^^^^^^^^^^^^^^^^^^^^^^^^^^^^^^^^^^^^^^^^^^^^^^^^^^^^^^^^^^^^^^^^^^^^^^^^^^^^^^^^^^^^^^^^^^^^^^^^^^^^^^^^^^^^^^^^^^^^^^
> 77 |       </section>
     | ^^^^^^
  78 |
  79 |       {/* Story & Tips Section */}
  80 |       <section className="bg-surface-alt py-20 px-6 md:px-12 w-full mt-12 relative overflow-hidden">

Parsing ecmascript source code failed @ http://localhost:3000/_next/static/chunks/node_modules_next_dist_1gdrd03._.js:1945
[ 6826914ms] [ERROR] ./src/app/page.tsx:76:15
Expected '</', got 'jsx text'
  74 |             </div>
  75 |           </div>
> 76 |         </div>
     |               ^^^^^^^^^^^^^^^^^^^^^^^^^^^^^^^^^^^^^^^^^^^^^^^^^^^^^^^^^^^^^^^^^^^^^^^^^^^^^^^^^^^^^^^^^^^^^^^^^^^^^^^^^^^^^^^^^^^^^^^^^^^^^^^^^^^^^^^^^^^^^^^^^^^^^^^^^^^^^^^^^
> 77 |       </section>
     | ^^^^^^
  78 |
  79 |       {/* Story & Tips Section */}
  80 |       <section className="bg-surface-alt py-20 px-6 md:px-12 w-full mt-12 relative overflow-hidden">

Parsing ecmascript source code failed @ http://localhost:3000/_next/static/chunks/node_modules_next_dist_1gdrd03._.js:1945
[ 6826976ms] [ERROR] ./src/app/page.tsx:76:15
Expected '</', got 'jsx text'
  74 |             </div>
  75 |           </div>
> 76 |         </div>
     |               ^^^^^^^^^^^^^^^^^^^^^^^^^^^^^^^^^^^^^^^^^^^^^^^^^^^^^^^^^^^^^^^^^^^^^^^^^^^^^^^^^^^^^^^^^^^^^^^^^^^^^^^^^^^^^^^^^^^^^^^^^^^^^^^^^^^^^^^^^^^^^^^^^^^^^^^^^^^^^^^^^
> 77 |       </section>
     | ^^^^^^
  78 |
  79 |       {/* Story & Tips Section */}
  80 |       <section className="bg-surface-alt py-20 px-6 md:px-12 w-full mt-12 relative overflow-hidden">

Parsing ecmascript source code failed @ http://localhost:3000/_next/static/chunks/node_modules_next_dist_1gdrd03._.js:1945
[ 6827036ms] [ERROR] ./src/app/page.tsx:76:15
Expected '</', got 'jsx text'
  74 |             </div>
  75 |           </div>
> 76 |         </div>
     |               ^^^^^^^^^^^^^^^^^^^^^^^^^^^^^^^^^^^^^^^^^^^^^^^^^^^^^^^^^^^^^^^^^^^^^^^^^^^^^^^^^^^^^^^^^^^^^^^^^^^^^^^^^^^^^^^^^^^^^^^^^^^^^^^^^^^^^^^^^^^^^^^^^^^^^^^^^^^^^^^^^
> 77 |       </section>
     | ^^^^^^
  78 |
  79 |       {/* Story & Tips Section */}
  80 |       <section className="bg-surface-alt py-20 px-6 md:px-12 w-full mt-12 relative overflow-hidden">

Parsing ecmascript source code failed @ http://localhost:3000/_next/static/chunks/node_modules_next_dist_1gdrd03._.js:1945
[ 6827099ms] [ERROR] ./src/app/page.tsx:76:15
Expected '</', got 'jsx text'
  74 |             </div>
  75 |           </div>
> 76 |         </div>
     |               ^^^^^^^^^^^^^^^^^^^^^^^^^^^^^^^^^^^^^^^^^^^^^^^^^^^^^^^^^^^^^^^^^^^^^^^^^^^^^^^^^^^^^^^^^^^^^^^^^^^^^^^^^^^^^^^^^^^^^^^^^^^^^^^^^^^^^^^^^^^^^^^^^^^^^^^^^^^^^^^^^
> 77 |       </section>
     | ^^^^^^
  78 |
  79 |       {/* Story & Tips Section */}
  80 |       <section className="bg-surface-alt py-20 px-6 md:px-12 w-full mt-12 relative overflow-hidden">

Parsing ecmascript source code failed @ http://localhost:3000/_next/static/chunks/node_modules_next_dist_1gdrd03._.js:1945
[ 6827160ms] [ERROR] ./src/app/page.tsx:76:15
Expected '</', got 'jsx text'
  74 |             </div>
  75 |           </div>
> 76 |         </div>
     |               ^^^^^^^^^^^^^^^^^^^^^^^^^^^^^^^^^^^^^^^^^^^^^^^^^^^^^^^^^^^^^^^^^^^^^^^^^^^^^^^^^^^^^^^^^^^^^^^^^^^^^^^^^^^^^^^^^^^^^^^^^^^^^^^^^^^^^^^^^^^^^^^^^^^^^^^^^^^^^^^^^
> 77 |       </section>
     | ^^^^^^
  78 |
  79 |       {/* Story & Tips Section */}
  80 |       <section className="bg-surface-alt py-20 px-6 md:px-12 w-full mt-12 relative overflow-hidden">

Parsing ecmascript source code failed @ http://localhost:3000/_next/static/chunks/node_modules_next_dist_1gdrd03._.js:1945
[ 6827223ms] [ERROR] ./src/app/page.tsx:76:15
Expected '</', got 'jsx text'
  74 |             </div>
  75 |           </div>
> 76 |         </div>
     |               ^^^^^^^^^^^^^^^^^^^^^^^^^^^^^^^^^^^^^^^^^^^^^^^^^^^^^^^^^^^^^^^^^^^^^^^^^^^^^^^^^^^^^^^^^^^^^^^^^^^^^^^^^^^^^^^^^^^^^^^^^^^^^^^^^^^^^^^^^^^^^^^^^^^^^^^^^^^^^^^^^
> 77 |       </section>
     | ^^^^^^
  78 |
  79 |       {/* Story & Tips Section */}
  80 |       <section className="bg-surface-alt py-20 px-6 md:px-12 w-full mt-12 relative overflow-hidden">

Parsing ecmascript source code failed @ http://localhost:3000/_next/static/chunks/node_modules_next_dist_1gdrd03._.js:1945
[ 6827285ms] [ERROR] ./src/app/page.tsx:76:15
Expected '</', got 'jsx text'
  74 |             </div>
  75 |           </div>
> 76 |         </div>
     |               ^^^^^^^^^^^^^^^^^^^^^^^^^^^^^^^^^^^^^^^^^^^^^^^^^^^^^^^^^^^^^^^^^^^^^^^^^^^^^^^^^^^^^^^^^^^^^^^^^^^^^^^^^^^^^^^^^^^^^^^^^^^^^^^^^^^^^^^^^^^^^^^^^^^^^^^^^^^^^^^^^
> 77 |       </section>
     | ^^^^^^
  78 |
  79 |       {/* Story & Tips Section */}
  80 |       <section className="bg-surface-alt py-20 px-6 md:px-12 w-full mt-12 relative overflow-hidden">

Parsing ecmascript source code failed @ http://localhost:3000/_next/static/chunks/node_modules_next_dist_1gdrd03._.js:1945
[ 6827348ms] [ERROR] ./src/app/page.tsx:76:15
Expected '</', got 'jsx text'
  74 |             </div>
  75 |           </div>
> 76 |         </div>
     |               ^^^^^^^^^^^^^^^^^^^^^^^^^^^^^^^^^^^^^^^^^^^^^^^^^^^^^^^^^^^^^^^^^^^^^^^^^^^^^^^^^^^^^^^^^^^^^^^^^^^^^^^^^^^^^^^^^^^^^^^^^^^^^^^^^^^^^^^^^^^^^^^^^^^^^^^^^^^^^^^^^
> 77 |       </section>
     | ^^^^^^
  78 |
  79 |       {/* Story & Tips Section */}
  80 |       <section className="bg-surface-alt py-20 px-6 md:px-12 w-full mt-12 relative overflow-hidden">

Parsing ecmascript source code failed @ http://localhost:3000/_next/static/chunks/node_modules_next_dist_1gdrd03._.js:1945
[ 6827409ms] [ERROR] ./src/app/page.tsx:76:15
Expected '</', got 'jsx text'
  74 |             </div>
  75 |           </div>
> 76 |         </div>
     |               ^^^^^^^^^^^^^^^^^^^^^^^^^^^^^^^^^^^^^^^^^^^^^^^^^^^^^^^^^^^^^^^^^^^^^^^^^^^^^^^^^^^^^^^^^^^^^^^^^^^^^^^^^^^^^^^^^^^^^^^^^^^^^^^^^^^^^^^^^^^^^^^^^^^^^^^^^^^^^^^^^
> 77 |       </section>
     | ^^^^^^
  78 |
  79 |       {/* Story & Tips Section */}
  80 |       <section className="bg-surface-alt py-20 px-6 md:px-12 w-full mt-12 relative overflow-hidden">

Parsing ecmascript source code failed @ http://localhost:3000/_next/static/chunks/node_modules_next_dist_1gdrd03._.js:1945
[ 6827472ms] [ERROR] ./src/app/page.tsx:76:15
Expected '</', got 'jsx text'
  74 |             </div>
  75 |           </div>
> 76 |         </div>
     |               ^^^^^^^^^^^^^^^^^^^^^^^^^^^^^^^^^^^^^^^^^^^^^^^^^^^^^^^^^^^^^^^^^^^^^^^^^^^^^^^^^^^^^^^^^^^^^^^^^^^^^^^^^^^^^^^^^^^^^^^^^^^^^^^^^^^^^^^^^^^^^^^^^^^^^^^^^^^^^^^^^
> 77 |       </section>
     | ^^^^^^
  78 |
  79 |       {/* Story & Tips Section */}
  80 |       <section className="bg-surface-alt py-20 px-6 md:px-12 w-full mt-12 relative overflow-hidden">

Parsing ecmascript source code failed @ http://localhost:3000/_next/static/chunks/node_modules_next_dist_1gdrd03._.js:1945
[ 6827535ms] [ERROR] ./src/app/page.tsx:76:15
Expected '</', got 'jsx text'
  74 |             </div>
  75 |           </div>
> 76 |         </div>
     |               ^^^^^^^^^^^^^^^^^^^^^^^^^^^^^^^^^^^^^^^^^^^^^^^^^^^^^^^^^^^^^^^^^^^^^^^^^^^^^^^^^^^^^^^^^^^^^^^^^^^^^^^^^^^^^^^^^^^^^^^^^^^^^^^^^^^^^^^^^^^^^^^^^^^^^^^^^^^^^^^^^
> 77 |       </section>
     | ^^^^^^
  78 |
  79 |       {/* Story & Tips Section */}
  80 |       <section className="bg-surface-alt py-20 px-6 md:px-12 w-full mt-12 relative overflow-hidden">

Parsing ecmascript source code failed @ http://localhost:3000/_next/static/chunks/node_modules_next_dist_1gdrd03._.js:1945
[ 6827595ms] [ERROR] ./src/app/page.tsx:76:15
Expected '</', got 'jsx text'
  74 |             </div>
  75 |           </div>
> 76 |         </div>
     |               ^^^^^^^^^^^^^^^^^^^^^^^^^^^^^^^^^^^^^^^^^^^^^^^^^^^^^^^^^^^^^^^^^^^^^^^^^^^^^^^^^^^^^^^^^^^^^^^^^^^^^^^^^^^^^^^^^^^^^^^^^^^^^^^^^^^^^^^^^^^^^^^^^^^^^^^^^^^^^^^^^
> 77 |       </section>
     | ^^^^^^
  78 |
  79 |       {/* Story & Tips Section */}
  80 |       <section className="bg-surface-alt py-20 px-6 md:px-12 w-full mt-12 relative overflow-hidden">

Parsing ecmascript source code failed @ http://localhost:3000/_next/static/chunks/node_modules_next_dist_1gdrd03._.js:1945
[ 6827657ms] [ERROR] ./src/app/page.tsx:76:15
Expected '</', got 'jsx text'
  74 |             </div>
  75 |           </div>
> 76 |         </div>
     |               ^^^^^^^^^^^^^^^^^^^^^^^^^^^^^^^^^^^^^^^^^^^^^^^^^^^^^^^^^^^^^^^^^^^^^^^^^^^^^^^^^^^^^^^^^^^^^^^^^^^^^^^^^^^^^^^^^^^^^^^^^^^^^^^^^^^^^^^^^^^^^^^^^^^^^^^^^^^^^^^^^
> 77 |       </section>
     | ^^^^^^
  78 |
  79 |       {/* Story & Tips Section */}
  80 |       <section className="bg-surface-alt py-20 px-6 md:px-12 w-full mt-12 relative overflow-hidden">

Parsing ecmascript source code failed @ http://localhost:3000/_next/static/chunks/node_modules_next_dist_1gdrd03._.js:1945
[ 6827719ms] [ERROR] ./src/app/page.tsx:76:15
Expected '</', got 'jsx text'
  74 |             </div>
  75 |           </div>
> 76 |         </div>
     |               ^^^^^^^^^^^^^^^^^^^^^^^^^^^^^^^^^^^^^^^^^^^^^^^^^^^^^^^^^^^^^^^^^^^^^^^^^^^^^^^^^^^^^^^^^^^^^^^^^^^^^^^^^^^^^^^^^^^^^^^^^^^^^^^^^^^^^^^^^^^^^^^^^^^^^^^^^^^^^^^^^
> 77 |       </section>
     | ^^^^^^
  78 |
  79 |       {/* Story & Tips Section */}
  80 |       <section className="bg-surface-alt py-20 px-6 md:px-12 w-full mt-12 relative overflow-hidden">

Parsing ecmascript source code failed @ http://localhost:3000/_next/static/chunks/node_modules_next_dist_1gdrd03._.js:1945
[ 6827782ms] [ERROR] ./src/app/page.tsx:76:15
Expected '</', got 'jsx text'
  74 |             </div>
  75 |           </div>
> 76 |         </div>
     |               ^^^^^^^^^^^^^^^^^^^^^^^^^^^^^^^^^^^^^^^^^^^^^^^^^^^^^^^^^^^^^^^^^^^^^^^^^^^^^^^^^^^^^^^^^^^^^^^^^^^^^^^^^^^^^^^^^^^^^^^^^^^^^^^^^^^^^^^^^^^^^^^^^^^^^^^^^^^^^^^^^
> 77 |       </section>
     | ^^^^^^
  78 |
  79 |       {/* Story & Tips Section */}
  80 |       <section className="bg-surface-alt py-20 px-6 md:px-12 w-full mt-12 relative overflow-hidden">

Parsing ecmascript source code failed @ http://localhost:3000/_next/static/chunks/node_modules_next_dist_1gdrd03._.js:1945
[ 6827842ms] [ERROR] ./src/app/page.tsx:76:15
Expected '</', got 'jsx text'
  74 |             </div>
  75 |           </div>
> 76 |         </div>
     |               ^^^^^^^^^^^^^^^^^^^^^^^^^^^^^^^^^^^^^^^^^^^^^^^^^^^^^^^^^^^^^^^^^^^^^^^^^^^^^^^^^^^^^^^^^^^^^^^^^^^^^^^^^^^^^^^^^^^^^^^^^^^^^^^^^^^^^^^^^^^^^^^^^^^^^^^^^^^^^^^^^
> 77 |       </section>
     | ^^^^^^
  78 |
  79 |       {/* Story & Tips Section */}
  80 |       <section className="bg-surface-alt py-20 px-6 md:px-12 w-full mt-12 relative overflow-hidden">

Parsing ecmascript source code failed @ http://localhost:3000/_next/static/chunks/node_modules_next_dist_1gdrd03._.js:1945
[ 6827905ms] [ERROR] ./src/app/page.tsx:76:15
Expected '</', got 'jsx text'
  74 |             </div>
  75 |           </div>
> 76 |         </div>
     |               ^^^^^^^^^^^^^^^^^^^^^^^^^^^^^^^^^^^^^^^^^^^^^^^^^^^^^^^^^^^^^^^^^^^^^^^^^^^^^^^^^^^^^^^^^^^^^^^^^^^^^^^^^^^^^^^^^^^^^^^^^^^^^^^^^^^^^^^^^^^^^^^^^^^^^^^^^^^^^^^^^
> 77 |       </section>
     | ^^^^^^
  78 |
  79 |       {/* Story & Tips Section */}
  80 |       <section className="bg-surface-alt py-20 px-6 md:px-12 w-full mt-12 relative overflow-hidden">

Parsing ecmascript source code failed @ http://localhost:3000/_next/static/chunks/node_modules_next_dist_1gdrd03._.js:1945
[ 6827968ms] [ERROR] ./src/app/page.tsx:76:15
Expected '</', got 'jsx text'
  74 |             </div>
  75 |           </div>
> 76 |         </div>
     |               ^^^^^^^^^^^^^^^^^^^^^^^^^^^^^^^^^^^^^^^^^^^^^^^^^^^^^^^^^^^^^^^^^^^^^^^^^^^^^^^^^^^^^^^^^^^^^^^^^^^^^^^^^^^^^^^^^^^^^^^^^^^^^^^^^^^^^^^^^^^^^^^^^^^^^^^^^^^^^^^^^
> 77 |       </section>
     | ^^^^^^
  78 |
  79 |       {/* Story & Tips Section */}
  80 |       <section className="bg-surface-alt py-20 px-6 md:px-12 w-full mt-12 relative overflow-hidden">

Parsing ecmascript source code failed @ http://localhost:3000/_next/static/chunks/node_modules_next_dist_1gdrd03._.js:1945
[ 6828030ms] [ERROR] ./src/app/page.tsx:76:15
Expected '</', got 'jsx text'
  74 |             </div>
  75 |           </div>
> 76 |         </div>
     |               ^^^^^^^^^^^^^^^^^^^^^^^^^^^^^^^^^^^^^^^^^^^^^^^^^^^^^^^^^^^^^^^^^^^^^^^^^^^^^^^^^^^^^^^^^^^^^^^^^^^^^^^^^^^^^^^^^^^^^^^^^^^^^^^^^^^^^^^^^^^^^^^^^^^^^^^^^^^^^^^^^
> 77 |       </section>
     | ^^^^^^
  78 |
  79 |       {/* Story & Tips Section */}
  80 |       <section className="bg-surface-alt py-20 px-6 md:px-12 w-full mt-12 relative overflow-hidden">

Parsing ecmascript source code failed @ http://localhost:3000/_next/static/chunks/node_modules_next_dist_1gdrd03._.js:1945
[ 6828090ms] [ERROR] ./src/app/page.tsx:76:15
Expected '</', got 'jsx text'
  74 |             </div>
  75 |           </div>
> 76 |         </div>
     |               ^^^^^^^^^^^^^^^^^^^^^^^^^^^^^^^^^^^^^^^^^^^^^^^^^^^^^^^^^^^^^^^^^^^^^^^^^^^^^^^^^^^^^^^^^^^^^^^^^^^^^^^^^^^^^^^^^^^^^^^^^^^^^^^^^^^^^^^^^^^^^^^^^^^^^^^^^^^^^^^^^
> 77 |       </section>
     | ^^^^^^
  78 |
  79 |       {/* Story & Tips Section */}
  80 |       <section className="bg-surface-alt py-20 px-6 md:px-12 w-full mt-12 relative overflow-hidden">

Parsing ecmascript source code failed @ http://localhost:3000/_next/static/chunks/node_modules_next_dist_1gdrd03._.js:1945
[ 6828154ms] [ERROR] ./src/app/page.tsx:76:15
Expected '</', got 'jsx text'
  74 |             </div>
  75 |           </div>
> 76 |         </div>
     |               ^^^^^^^^^^^^^^^^^^^^^^^^^^^^^^^^^^^^^^^^^^^^^^^^^^^^^^^^^^^^^^^^^^^^^^^^^^^^^^^^^^^^^^^^^^^^^^^^^^^^^^^^^^^^^^^^^^^^^^^^^^^^^^^^^^^^^^^^^^^^^^^^^^^^^^^^^^^^^^^^^
> 77 |       </section>
     | ^^^^^^
  78 |
  79 |       {/* Story & Tips Section */}
  80 |       <section className="bg-surface-alt py-20 px-6 md:px-12 w-full mt-12 relative overflow-hidden">

Parsing ecmascript source code failed @ http://localhost:3000/_next/static/chunks/node_modules_next_dist_1gdrd03._.js:1945
[ 6828216ms] [ERROR] ./src/app/page.tsx:76:15
Expected '</', got 'jsx text'
  74 |             </div>
  75 |           </div>
> 76 |         </div>
     |               ^^^^^^^^^^^^^^^^^^^^^^^^^^^^^^^^^^^^^^^^^^^^^^^^^^^^^^^^^^^^^^^^^^^^^^^^^^^^^^^^^^^^^^^^^^^^^^^^^^^^^^^^^^^^^^^^^^^^^^^^^^^^^^^^^^^^^^^^^^^^^^^^^^^^^^^^^^^^^^^^^
> 77 |       </section>
     | ^^^^^^
  78 |
  79 |       {/* Story & Tips Section */}
  80 |       <section className="bg-surface-alt py-20 px-6 md:px-12 w-full mt-12 relative overflow-hidden">

Parsing ecmascript source code failed @ http://localhost:3000/_next/static/chunks/node_modules_next_dist_1gdrd03._.js:1945
[ 6828278ms] [ERROR] ./src/app/page.tsx:76:15
Expected '</', got 'jsx text'
  74 |             </div>
  75 |           </div>
> 76 |         </div>
     |               ^^^^^^^^^^^^^^^^^^^^^^^^^^^^^^^^^^^^^^^^^^^^^^^^^^^^^^^^^^^^^^^^^^^^^^^^^^^^^^^^^^^^^^^^^^^^^^^^^^^^^^^^^^^^^^^^^^^^^^^^^^^^^^^^^^^^^^^^^^^^^^^^^^^^^^^^^^^^^^^^^
> 77 |       </section>
     | ^^^^^^
  78 |
  79 |       {/* Story & Tips Section */}
  80 |       <section className="bg-surface-alt py-20 px-6 md:px-12 w-full mt-12 relative overflow-hidden">

Parsing ecmascript source code failed @ http://localhost:3000/_next/static/chunks/node_modules_next_dist_1gdrd03._.js:1945
[ 6828339ms] [ERROR] ./src/app/page.tsx:76:15
Expected '</', got 'jsx text'
  74 |             </div>
  75 |           </div>
> 76 |         </div>
     |               ^^^^^^^^^^^^^^^^^^^^^^^^^^^^^^^^^^^^^^^^^^^^^^^^^^^^^^^^^^^^^^^^^^^^^^^^^^^^^^^^^^^^^^^^^^^^^^^^^^^^^^^^^^^^^^^^^^^^^^^^^^^^^^^^^^^^^^^^^^^^^^^^^^^^^^^^^^^^^^^^^
> 77 |       </section>
     | ^^^^^^
  78 |
  79 |       {/* Story & Tips Section */}
  80 |       <section className="bg-surface-alt py-20 px-6 md:px-12 w-full mt-12 relative overflow-hidden">

Parsing ecmascript source code failed @ http://localhost:3000/_next/static/chunks/node_modules_next_dist_1gdrd03._.js:1945
[ 6828402ms] [ERROR] ./src/app/page.tsx:76:15
Expected '</', got 'jsx text'
  74 |             </div>
  75 |           </div>
> 76 |         </div>
     |               ^^^^^^^^^^^^^^^^^^^^^^^^^^^^^^^^^^^^^^^^^^^^^^^^^^^^^^^^^^^^^^^^^^^^^^^^^^^^^^^^^^^^^^^^^^^^^^^^^^^^^^^^^^^^^^^^^^^^^^^^^^^^^^^^^^^^^^^^^^^^^^^^^^^^^^^^^^^^^^^^^
> 77 |       </section>
     | ^^^^^^
  78 |
  79 |       {/* Story & Tips Section */}
  80 |       <section className="bg-surface-alt py-20 px-6 md:px-12 w-full mt-12 relative overflow-hidden">

Parsing ecmascript source code failed @ http://localhost:3000/_next/static/chunks/node_modules_next_dist_1gdrd03._.js:1945
[ 6828462ms] [ERROR] ./src/app/page.tsx:76:15
Expected '</', got 'jsx text'
  74 |             </div>
  75 |           </div>
> 76 |         </div>
     |               ^^^^^^^^^^^^^^^^^^^^^^^^^^^^^^^^^^^^^^^^^^^^^^^^^^^^^^^^^^^^^^^^^^^^^^^^^^^^^^^^^^^^^^^^^^^^^^^^^^^^^^^^^^^^^^^^^^^^^^^^^^^^^^^^^^^^^^^^^^^^^^^^^^^^^^^^^^^^^^^^^
> 77 |       </section>
     | ^^^^^^
  78 |
  79 |       {/* Story & Tips Section */}
  80 |       <section className="bg-surface-alt py-20 px-6 md:px-12 w-full mt-12 relative overflow-hidden">

Parsing ecmascript source code failed @ http://localhost:3000/_next/static/chunks/node_modules_next_dist_1gdrd03._.js:1945
[ 6828524ms] [ERROR] ./src/app/page.tsx:76:15
Expected '</', got 'jsx text'
  74 |             </div>
  75 |           </div>
> 76 |         </div>
     |               ^^^^^^^^^^^^^^^^^^^^^^^^^^^^^^^^^^^^^^^^^^^^^^^^^^^^^^^^^^^^^^^^^^^^^^^^^^^^^^^^^^^^^^^^^^^^^^^^^^^^^^^^^^^^^^^^^^^^^^^^^^^^^^^^^^^^^^^^^^^^^^^^^^^^^^^^^^^^^^^^^
> 77 |       </section>
     | ^^^^^^
  78 |
  79 |       {/* Story & Tips Section */}
  80 |       <section className="bg-surface-alt py-20 px-6 md:px-12 w-full mt-12 relative overflow-hidden">

Parsing ecmascript source code failed @ http://localhost:3000/_next/static/chunks/node_modules_next_dist_1gdrd03._.js:1945
[ 6828586ms] [ERROR] ./src/app/page.tsx:76:15
Expected '</', got 'jsx text'
  74 |             </div>
  75 |           </div>
> 76 |         </div>
     |               ^^^^^^^^^^^^^^^^^^^^^^^^^^^^^^^^^^^^^^^^^^^^^^^^^^^^^^^^^^^^^^^^^^^^^^^^^^^^^^^^^^^^^^^^^^^^^^^^^^^^^^^^^^^^^^^^^^^^^^^^^^^^^^^^^^^^^^^^^^^^^^^^^^^^^^^^^^^^^^^^^
> 77 |       </section>
     | ^^^^^^
  78 |
  79 |       {/* Story & Tips Section */}
  80 |       <section className="bg-surface-alt py-20 px-6 md:px-12 w-full mt-12 relative overflow-hidden">

Parsing ecmascript source code failed @ http://localhost:3000/_next/static/chunks/node_modules_next_dist_1gdrd03._.js:1945
[ 6828648ms] [ERROR] ./src/app/page.tsx:76:15
Expected '</', got 'jsx text'
  74 |             </div>
  75 |           </div>
> 76 |         </div>
     |               ^^^^^^^^^^^^^^^^^^^^^^^^^^^^^^^^^^^^^^^^^^^^^^^^^^^^^^^^^^^^^^^^^^^^^^^^^^^^^^^^^^^^^^^^^^^^^^^^^^^^^^^^^^^^^^^^^^^^^^^^^^^^^^^^^^^^^^^^^^^^^^^^^^^^^^^^^^^^^^^^^
> 77 |       </section>
     | ^^^^^^
  78 |
  79 |       {/* Story & Tips Section */}
  80 |       <section className="bg-surface-alt py-20 px-6 md:px-12 w-full mt-12 relative overflow-hidden">

Parsing ecmascript source code failed @ http://localhost:3000/_next/static/chunks/node_modules_next_dist_1gdrd03._.js:1945
[ 6828710ms] [ERROR] ./src/app/page.tsx:76:15
Expected '</', got 'jsx text'
  74 |             </div>
  75 |           </div>
> 76 |         </div>
     |               ^^^^^^^^^^^^^^^^^^^^^^^^^^^^^^^^^^^^^^^^^^^^^^^^^^^^^^^^^^^^^^^^^^^^^^^^^^^^^^^^^^^^^^^^^^^^^^^^^^^^^^^^^^^^^^^^^^^^^^^^^^^^^^^^^^^^^^^^^^^^^^^^^^^^^^^^^^^^^^^^^
> 77 |       </section>
     | ^^^^^^
  78 |
  79 |       {/* Story & Tips Section */}
  80 |       <section className="bg-surface-alt py-20 px-6 md:px-12 w-full mt-12 relative overflow-hidden">

Parsing ecmascript source code failed @ http://localhost:3000/_next/static/chunks/node_modules_next_dist_1gdrd03._.js:1945
[ 6828771ms] [ERROR] ./src/app/page.tsx:76:15
Expected '</', got 'jsx text'
  74 |             </div>
  75 |           </div>
> 76 |         </div>
     |               ^^^^^^^^^^^^^^^^^^^^^^^^^^^^^^^^^^^^^^^^^^^^^^^^^^^^^^^^^^^^^^^^^^^^^^^^^^^^^^^^^^^^^^^^^^^^^^^^^^^^^^^^^^^^^^^^^^^^^^^^^^^^^^^^^^^^^^^^^^^^^^^^^^^^^^^^^^^^^^^^^
> 77 |       </section>
     | ^^^^^^
  78 |
  79 |       {/* Story & Tips Section */}
  80 |       <section className="bg-surface-alt py-20 px-6 md:px-12 w-full mt-12 relative overflow-hidden">

Parsing ecmascript source code failed @ http://localhost:3000/_next/static/chunks/node_modules_next_dist_1gdrd03._.js:1945
[ 6828831ms] [ERROR] ./src/app/page.tsx:76:15
Expected '</', got 'jsx text'
  74 |             </div>
  75 |           </div>
> 76 |         </div>
     |               ^^^^^^^^^^^^^^^^^^^^^^^^^^^^^^^^^^^^^^^^^^^^^^^^^^^^^^^^^^^^^^^^^^^^^^^^^^^^^^^^^^^^^^^^^^^^^^^^^^^^^^^^^^^^^^^^^^^^^^^^^^^^^^^^^^^^^^^^^^^^^^^^^^^^^^^^^^^^^^^^^
> 77 |       </section>
     | ^^^^^^
  78 |
  79 |       {/* Story & Tips Section */}
  80 |       <section className="bg-surface-alt py-20 px-6 md:px-12 w-full mt-12 relative overflow-hidden">

Parsing ecmascript source code failed @ http://localhost:3000/_next/static/chunks/node_modules_next_dist_1gdrd03._.js:1945
[ 6828893ms] [ERROR] ./src/app/page.tsx:76:15
Expected '</', got 'jsx text'
  74 |             </div>
  75 |           </div>
> 76 |         </div>
     |               ^^^^^^^^^^^^^^^^^^^^^^^^^^^^^^^^^^^^^^^^^^^^^^^^^^^^^^^^^^^^^^^^^^^^^^^^^^^^^^^^^^^^^^^^^^^^^^^^^^^^^^^^^^^^^^^^^^^^^^^^^^^^^^^^^^^^^^^^^^^^^^^^^^^^^^^^^^^^^^^^^
> 77 |       </section>
     | ^^^^^^
  78 |
  79 |       {/* Story & Tips Section */}
  80 |       <section className="bg-surface-alt py-20 px-6 md:px-12 w-full mt-12 relative overflow-hidden">

Parsing ecmascript source code failed @ http://localhost:3000/_next/static/chunks/node_modules_next_dist_1gdrd03._.js:1945
[ 6828955ms] [ERROR] ./src/app/page.tsx:76:15
Expected '</', got 'jsx text'
  74 |             </div>
  75 |           </div>
> 76 |         </div>
     |               ^^^^^^^^^^^^^^^^^^^^^^^^^^^^^^^^^^^^^^^^^^^^^^^^^^^^^^^^^^^^^^^^^^^^^^^^^^^^^^^^^^^^^^^^^^^^^^^^^^^^^^^^^^^^^^^^^^^^^^^^^^^^^^^^^^^^^^^^^^^^^^^^^^^^^^^^^^^^^^^^^
> 77 |       </section>
     | ^^^^^^
  78 |
  79 |       {/* Story & Tips Section */}
  80 |       <section className="bg-surface-alt py-20 px-6 md:px-12 w-full mt-12 relative overflow-hidden">

Parsing ecmascript source code failed @ http://localhost:3000/_next/static/chunks/node_modules_next_dist_1gdrd03._.js:1945
[ 6829016ms] [ERROR] ./src/app/page.tsx:76:15
Expected '</', got 'jsx text'
  74 |             </div>
  75 |           </div>
> 76 |         </div>
     |               ^^^^^^^^^^^^^^^^^^^^^^^^^^^^^^^^^^^^^^^^^^^^^^^^^^^^^^^^^^^^^^^^^^^^^^^^^^^^^^^^^^^^^^^^^^^^^^^^^^^^^^^^^^^^^^^^^^^^^^^^^^^^^^^^^^^^^^^^^^^^^^^^^^^^^^^^^^^^^^^^^
> 77 |       </section>
     | ^^^^^^
  78 |
  79 |       {/* Story & Tips Section */}
  80 |       <section className="bg-surface-alt py-20 px-6 md:px-12 w-full mt-12 relative overflow-hidden">

Parsing ecmascript source code failed @ http://localhost:3000/_next/static/chunks/node_modules_next_dist_1gdrd03._.js:1945
[ 6829079ms] [ERROR] ./src/app/page.tsx:76:15
Expected '</', got 'jsx text'
  74 |             </div>
  75 |           </div>
> 76 |         </div>
     |               ^^^^^^^^^^^^^^^^^^^^^^^^^^^^^^^^^^^^^^^^^^^^^^^^^^^^^^^^^^^^^^^^^^^^^^^^^^^^^^^^^^^^^^^^^^^^^^^^^^^^^^^^^^^^^^^^^^^^^^^^^^^^^^^^^^^^^^^^^^^^^^^^^^^^^^^^^^^^^^^^^
> 77 |       </section>
     | ^^^^^^
  78 |
  79 |       {/* Story & Tips Section */}
  80 |       <section className="bg-surface-alt py-20 px-6 md:px-12 w-full mt-12 relative overflow-hidden">

Parsing ecmascript source code failed @ http://localhost:3000/_next/static/chunks/node_modules_next_dist_1gdrd03._.js:1945
[ 6829142ms] [ERROR] ./src/app/page.tsx:76:15
Expected '</', got 'jsx text'
  74 |             </div>
  75 |           </div>
> 76 |         </div>
     |               ^^^^^^^^^^^^^^^^^^^^^^^^^^^^^^^^^^^^^^^^^^^^^^^^^^^^^^^^^^^^^^^^^^^^^^^^^^^^^^^^^^^^^^^^^^^^^^^^^^^^^^^^^^^^^^^^^^^^^^^^^^^^^^^^^^^^^^^^^^^^^^^^^^^^^^^^^^^^^^^^^
> 77 |       </section>
     | ^^^^^^
  78 |
  79 |       {/* Story & Tips Section */}
  80 |       <section className="bg-surface-alt py-20 px-6 md:px-12 w-full mt-12 relative overflow-hidden">

Parsing ecmascript source code failed @ http://localhost:3000/_next/static/chunks/node_modules_next_dist_1gdrd03._.js:1945
[ 6829205ms] [ERROR] ./src/app/page.tsx:76:15
Expected '</', got 'jsx text'
  74 |             </div>
  75 |           </div>
> 76 |         </div>
     |               ^^^^^^^^^^^^^^^^^^^^^^^^^^^^^^^^^^^^^^^^^^^^^^^^^^^^^^^^^^^^^^^^^^^^^^^^^^^^^^^^^^^^^^^^^^^^^^^^^^^^^^^^^^^^^^^^^^^^^^^^^^^^^^^^^^^^^^^^^^^^^^^^^^^^^^^^^^^^^^^^^
> 77 |       </section>
     | ^^^^^^
  78 |
  79 |       {/* Story & Tips Section */}
  80 |       <section className="bg-surface-alt py-20 px-6 md:px-12 w-full mt-12 relative overflow-hidden">

Parsing ecmascript source code failed @ http://localhost:3000/_next/static/chunks/node_modules_next_dist_1gdrd03._.js:1945
[ 6829267ms] [ERROR] ./src/app/page.tsx:76:15
Expected '</', got 'jsx text'
  74 |             </div>
  75 |           </div>
> 76 |         </div>
     |               ^^^^^^^^^^^^^^^^^^^^^^^^^^^^^^^^^^^^^^^^^^^^^^^^^^^^^^^^^^^^^^^^^^^^^^^^^^^^^^^^^^^^^^^^^^^^^^^^^^^^^^^^^^^^^^^^^^^^^^^^^^^^^^^^^^^^^^^^^^^^^^^^^^^^^^^^^^^^^^^^^
> 77 |       </section>
     | ^^^^^^
  78 |
  79 |       {/* Story & Tips Section */}
  80 |       <section className="bg-surface-alt py-20 px-6 md:px-12 w-full mt-12 relative overflow-hidden">

Parsing ecmascript source code failed @ http://localhost:3000/_next/static/chunks/node_modules_next_dist_1gdrd03._.js:1945
[ 6829329ms] [ERROR] ./src/app/page.tsx:76:15
Expected '</', got 'jsx text'
  74 |             </div>
  75 |           </div>
> 76 |         </div>
     |               ^^^^^^^^^^^^^^^^^^^^^^^^^^^^^^^^^^^^^^^^^^^^^^^^^^^^^^^^^^^^^^^^^^^^^^^^^^^^^^^^^^^^^^^^^^^^^^^^^^^^^^^^^^^^^^^^^^^^^^^^^^^^^^^^^^^^^^^^^^^^^^^^^^^^^^^^^^^^^^^^^
> 77 |       </section>
     | ^^^^^^
  78 |
  79 |       {/* Story & Tips Section */}
  80 |       <section className="bg-surface-alt py-20 px-6 md:px-12 w-full mt-12 relative overflow-hidden">

Parsing ecmascript source code failed @ http://localhost:3000/_next/static/chunks/node_modules_next_dist_1gdrd03._.js:1945
[ 6829391ms] [ERROR] ./src/app/page.tsx:76:15
Expected '</', got 'jsx text'
  74 |             </div>
  75 |           </div>
> 76 |         </div>
     |               ^^^^^^^^^^^^^^^^^^^^^^^^^^^^^^^^^^^^^^^^^^^^^^^^^^^^^^^^^^^^^^^^^^^^^^^^^^^^^^^^^^^^^^^^^^^^^^^^^^^^^^^^^^^^^^^^^^^^^^^^^^^^^^^^^^^^^^^^^^^^^^^^^^^^^^^^^^^^^^^^^
> 77 |       </section>
     | ^^^^^^
  78 |
  79 |       {/* Story & Tips Section */}
  80 |       <section className="bg-surface-alt py-20 px-6 md:px-12 w-full mt-12 relative overflow-hidden">

Parsing ecmascript source code failed @ http://localhost:3000/_next/static/chunks/node_modules_next_dist_1gdrd03._.js:1945
[ 6829452ms] [ERROR] ./src/app/page.tsx:76:15
Expected '</', got 'jsx text'
  74 |             </div>
  75 |           </div>
> 76 |         </div>
     |               ^^^^^^^^^^^^^^^^^^^^^^^^^^^^^^^^^^^^^^^^^^^^^^^^^^^^^^^^^^^^^^^^^^^^^^^^^^^^^^^^^^^^^^^^^^^^^^^^^^^^^^^^^^^^^^^^^^^^^^^^^^^^^^^^^^^^^^^^^^^^^^^^^^^^^^^^^^^^^^^^^
> 77 |       </section>
     | ^^^^^^
  78 |
  79 |       {/* Story & Tips Section */}
  80 |       <section className="bg-surface-alt py-20 px-6 md:px-12 w-full mt-12 relative overflow-hidden">

Parsing ecmascript source code failed @ http://localhost:3000/_next/static/chunks/node_modules_next_dist_1gdrd03._.js:1945
[ 6829530ms] [ERROR] ./src/app/page.tsx:76:15
Expected '</', got 'jsx text'
  74 |             </div>
  75 |           </div>
> 76 |         </div>
     |               ^^^^^^^^^^^^^^^^^^^^^^^^^^^^^^^^^^^^^^^^^^^^^^^^^^^^^^^^^^^^^^^^^^^^^^^^^^^^^^^^^^^^^^^^^^^^^^^^^^^^^^^^^^^^^^^^^^^^^^^^^^^^^^^^^^^^^^^^^^^^^^^^^^^^^^^^^^^^^^^^^
> 77 |       </section>
     | ^^^^^^
  78 |
  79 |       {/* Story & Tips Section */}
  80 |       <section className="bg-surface-alt py-20 px-6 md:px-12 w-full mt-12 relative overflow-hidden">

Parsing ecmascript source code failed @ http://localhost:3000/_next/static/chunks/node_modules_next_dist_1gdrd03._.js:1945
[ 6829594ms] [ERROR] ./src/app/page.tsx:76:15
Expected '</', got 'jsx text'
  74 |             </div>
  75 |           </div>
> 76 |         </div>
     |               ^^^^^^^^^^^^^^^^^^^^^^^^^^^^^^^^^^^^^^^^^^^^^^^^^^^^^^^^^^^^^^^^^^^^^^^^^^^^^^^^^^^^^^^^^^^^^^^^^^^^^^^^^^^^^^^^^^^^^^^^^^^^^^^^^^^^^^^^^^^^^^^^^^^^^^^^^^^^^^^^^
> 77 |       </section>
     | ^^^^^^
  78 |
  79 |       {/* Story & Tips Section */}
  80 |       <section className="bg-surface-alt py-20 px-6 md:px-12 w-full mt-12 relative overflow-hidden">

Parsing ecmascript source code failed @ http://localhost:3000/_next/static/chunks/node_modules_next_dist_1gdrd03._.js:1945
[ 6829656ms] [ERROR] ./src/app/page.tsx:76:15
Expected '</', got 'jsx text'
  74 |             </div>
  75 |           </div>
> 76 |         </div>
     |               ^^^^^^^^^^^^^^^^^^^^^^^^^^^^^^^^^^^^^^^^^^^^^^^^^^^^^^^^^^^^^^^^^^^^^^^^^^^^^^^^^^^^^^^^^^^^^^^^^^^^^^^^^^^^^^^^^^^^^^^^^^^^^^^^^^^^^^^^^^^^^^^^^^^^^^^^^^^^^^^^^
> 77 |       </section>
     | ^^^^^^
  78 |
  79 |       {/* Story & Tips Section */}
  80 |       <section className="bg-surface-alt py-20 px-6 md:px-12 w-full mt-12 relative overflow-hidden">

Parsing ecmascript source code failed @ http://localhost:3000/_next/static/chunks/node_modules_next_dist_1gdrd03._.js:1945
[ 6829718ms] [ERROR] ./src/app/page.tsx:76:15
Expected '</', got 'jsx text'
  74 |             </div>
  75 |           </div>
> 76 |         </div>
     |               ^^^^^^^^^^^^^^^^^^^^^^^^^^^^^^^^^^^^^^^^^^^^^^^^^^^^^^^^^^^^^^^^^^^^^^^^^^^^^^^^^^^^^^^^^^^^^^^^^^^^^^^^^^^^^^^^^^^^^^^^^^^^^^^^^^^^^^^^^^^^^^^^^^^^^^^^^^^^^^^^^
> 77 |       </section>
     | ^^^^^^
  78 |
  79 |       {/* Story & Tips Section */}
  80 |       <section className="bg-surface-alt py-20 px-6 md:px-12 w-full mt-12 relative overflow-hidden">

Parsing ecmascript source code failed @ http://localhost:3000/_next/static/chunks/node_modules_next_dist_1gdrd03._.js:1945
[ 6829780ms] [ERROR] ./src/app/page.tsx:76:15
Expected '</', got 'jsx text'
  74 |             </div>
  75 |           </div>
> 76 |         </div>
     |               ^^^^^^^^^^^^^^^^^^^^^^^^^^^^^^^^^^^^^^^^^^^^^^^^^^^^^^^^^^^^^^^^^^^^^^^^^^^^^^^^^^^^^^^^^^^^^^^^^^^^^^^^^^^^^^^^^^^^^^^^^^^^^^^^^^^^^^^^^^^^^^^^^^^^^^^^^^^^^^^^^
> 77 |       </section>
     | ^^^^^^
  78 |
  79 |       {/* Story & Tips Section */}
  80 |       <section className="bg-surface-alt py-20 px-6 md:px-12 w-full mt-12 relative overflow-hidden">

Parsing ecmascript source code failed @ http://localhost:3000/_next/static/chunks/node_modules_next_dist_1gdrd03._.js:1945
[ 6829843ms] [ERROR] ./src/app/page.tsx:76:15
Expected '</', got 'jsx text'
  74 |             </div>
  75 |           </div>
> 76 |         </div>
     |               ^^^^^^^^^^^^^^^^^^^^^^^^^^^^^^^^^^^^^^^^^^^^^^^^^^^^^^^^^^^^^^^^^^^^^^^^^^^^^^^^^^^^^^^^^^^^^^^^^^^^^^^^^^^^^^^^^^^^^^^^^^^^^^^^^^^^^^^^^^^^^^^^^^^^^^^^^^^^^^^^^
> 77 |       </section>
     | ^^^^^^
  78 |
  79 |       {/* Story & Tips Section */}
  80 |       <section className="bg-surface-alt py-20 px-6 md:px-12 w-full mt-12 relative overflow-hidden">

Parsing ecmascript source code failed @ http://localhost:3000/_next/static/chunks/node_modules_next_dist_1gdrd03._.js:1945
[ 6829903ms] [ERROR] ./src/app/page.tsx:76:15
Expected '</', got 'jsx text'
  74 |             </div>
  75 |           </div>
> 76 |         </div>
     |               ^^^^^^^^^^^^^^^^^^^^^^^^^^^^^^^^^^^^^^^^^^^^^^^^^^^^^^^^^^^^^^^^^^^^^^^^^^^^^^^^^^^^^^^^^^^^^^^^^^^^^^^^^^^^^^^^^^^^^^^^^^^^^^^^^^^^^^^^^^^^^^^^^^^^^^^^^^^^^^^^^
> 77 |       </section>
     | ^^^^^^
  78 |
  79 |       {/* Story & Tips Section */}
  80 |       <section className="bg-surface-alt py-20 px-6 md:px-12 w-full mt-12 relative overflow-hidden">

Parsing ecmascript source code failed @ http://localhost:3000/_next/static/chunks/node_modules_next_dist_1gdrd03._.js:1945
[ 6829964ms] [ERROR] ./src/app/page.tsx:76:15
Expected '</', got 'jsx text'
  74 |             </div>
  75 |           </div>
> 76 |         </div>
     |               ^^^^^^^^^^^^^^^^^^^^^^^^^^^^^^^^^^^^^^^^^^^^^^^^^^^^^^^^^^^^^^^^^^^^^^^^^^^^^^^^^^^^^^^^^^^^^^^^^^^^^^^^^^^^^^^^^^^^^^^^^^^^^^^^^^^^^^^^^^^^^^^^^^^^^^^^^^^^^^^^^
> 77 |       </section>
     | ^^^^^^
  78 |
  79 |       {/* Story & Tips Section */}
  80 |       <section className="bg-surface-alt py-20 px-6 md:px-12 w-full mt-12 relative overflow-hidden">

Parsing ecmascript source code failed @ http://localhost:3000/_next/static/chunks/node_modules_next_dist_1gdrd03._.js:1945
[ 6830026ms] [ERROR] ./src/app/page.tsx:76:15
Expected '</', got 'jsx text'
  74 |             </div>
  75 |           </div>
> 76 |         </div>
     |               ^^^^^^^^^^^^^^^^^^^^^^^^^^^^^^^^^^^^^^^^^^^^^^^^^^^^^^^^^^^^^^^^^^^^^^^^^^^^^^^^^^^^^^^^^^^^^^^^^^^^^^^^^^^^^^^^^^^^^^^^^^^^^^^^^^^^^^^^^^^^^^^^^^^^^^^^^^^^^^^^^
> 77 |       </section>
     | ^^^^^^
  78 |
  79 |       {/* Story & Tips Section */}
  80 |       <section className="bg-surface-alt py-20 px-6 md:px-12 w-full mt-12 relative overflow-hidden">

Parsing ecmascript source code failed @ http://localhost:3000/_next/static/chunks/node_modules_next_dist_1gdrd03._.js:1945
[ 6830088ms] [ERROR] ./src/app/page.tsx:76:15
Expected '</', got 'jsx text'
  74 |             </div>
  75 |           </div>
> 76 |         </div>
     |               ^^^^^^^^^^^^^^^^^^^^^^^^^^^^^^^^^^^^^^^^^^^^^^^^^^^^^^^^^^^^^^^^^^^^^^^^^^^^^^^^^^^^^^^^^^^^^^^^^^^^^^^^^^^^^^^^^^^^^^^^^^^^^^^^^^^^^^^^^^^^^^^^^^^^^^^^^^^^^^^^^
> 77 |       </section>
     | ^^^^^^
  78 |
  79 |       {/* Story & Tips Section */}
  80 |       <section className="bg-surface-alt py-20 px-6 md:px-12 w-full mt-12 relative overflow-hidden">

Parsing ecmascript source code failed @ http://localhost:3000/_next/static/chunks/node_modules_next_dist_1gdrd03._.js:1945
[ 6830149ms] [ERROR] ./src/app/page.tsx:76:15
Expected '</', got 'jsx text'
  74 |             </div>
  75 |           </div>
> 76 |         </div>
     |               ^^^^^^^^^^^^^^^^^^^^^^^^^^^^^^^^^^^^^^^^^^^^^^^^^^^^^^^^^^^^^^^^^^^^^^^^^^^^^^^^^^^^^^^^^^^^^^^^^^^^^^^^^^^^^^^^^^^^^^^^^^^^^^^^^^^^^^^^^^^^^^^^^^^^^^^^^^^^^^^^^
> 77 |       </section>
     | ^^^^^^
  78 |
  79 |       {/* Story & Tips Section */}
  80 |       <section className="bg-surface-alt py-20 px-6 md:px-12 w-full mt-12 relative overflow-hidden">

Parsing ecmascript source code failed @ http://localhost:3000/_next/static/chunks/node_modules_next_dist_1gdrd03._.js:1945
[ 6830211ms] [ERROR] ./src/app/page.tsx:76:15
Expected '</', got 'jsx text'
  74 |             </div>
  75 |           </div>
> 76 |         </div>
     |               ^^^^^^^^^^^^^^^^^^^^^^^^^^^^^^^^^^^^^^^^^^^^^^^^^^^^^^^^^^^^^^^^^^^^^^^^^^^^^^^^^^^^^^^^^^^^^^^^^^^^^^^^^^^^^^^^^^^^^^^^^^^^^^^^^^^^^^^^^^^^^^^^^^^^^^^^^^^^^^^^^
> 77 |       </section>
     | ^^^^^^
  78 |
  79 |       {/* Story & Tips Section */}
  80 |       <section className="bg-surface-alt py-20 px-6 md:px-12 w-full mt-12 relative overflow-hidden">

Parsing ecmascript source code failed @ http://localhost:3000/_next/static/chunks/node_modules_next_dist_1gdrd03._.js:1945
[ 6830273ms] [ERROR] ./src/app/page.tsx:76:15
Expected '</', got 'jsx text'
  74 |             </div>
  75 |           </div>
> 76 |         </div>
     |               ^^^^^^^^^^^^^^^^^^^^^^^^^^^^^^^^^^^^^^^^^^^^^^^^^^^^^^^^^^^^^^^^^^^^^^^^^^^^^^^^^^^^^^^^^^^^^^^^^^^^^^^^^^^^^^^^^^^^^^^^^^^^^^^^^^^^^^^^^^^^^^^^^^^^^^^^^^^^^^^^^
> 77 |       </section>
     | ^^^^^^
  78 |
  79 |       {/* Story & Tips Section */}
  80 |       <section className="bg-surface-alt py-20 px-6 md:px-12 w-full mt-12 relative overflow-hidden">

Parsing ecmascript source code failed @ http://localhost:3000/_next/static/chunks/node_modules_next_dist_1gdrd03._.js:1945
[ 6830335ms] [ERROR] ./src/app/page.tsx:76:15
Expected '</', got 'jsx text'
  74 |             </div>
  75 |           </div>
> 76 |         </div>
     |               ^^^^^^^^^^^^^^^^^^^^^^^^^^^^^^^^^^^^^^^^^^^^^^^^^^^^^^^^^^^^^^^^^^^^^^^^^^^^^^^^^^^^^^^^^^^^^^^^^^^^^^^^^^^^^^^^^^^^^^^^^^^^^^^^^^^^^^^^^^^^^^^^^^^^^^^^^^^^^^^^^
> 77 |       </section>
     | ^^^^^^
  78 |
  79 |       {/* Story & Tips Section */}
  80 |       <section className="bg-surface-alt py-20 px-6 md:px-12 w-full mt-12 relative overflow-hidden">

Parsing ecmascript source code failed @ http://localhost:3000/_next/static/chunks/node_modules_next_dist_1gdrd03._.js:1945
[ 6830399ms] [ERROR] ./src/app/page.tsx:76:15
Expected '</', got 'jsx text'
  74 |             </div>
  75 |           </div>
> 76 |         </div>
     |               ^^^^^^^^^^^^^^^^^^^^^^^^^^^^^^^^^^^^^^^^^^^^^^^^^^^^^^^^^^^^^^^^^^^^^^^^^^^^^^^^^^^^^^^^^^^^^^^^^^^^^^^^^^^^^^^^^^^^^^^^^^^^^^^^^^^^^^^^^^^^^^^^^^^^^^^^^^^^^^^^^
> 77 |       </section>
     | ^^^^^^
  78 |
  79 |       {/* Story & Tips Section */}
  80 |       <section className="bg-surface-alt py-20 px-6 md:px-12 w-full mt-12 relative overflow-hidden">

Parsing ecmascript source code failed @ http://localhost:3000/_next/static/chunks/node_modules_next_dist_1gdrd03._.js:1945
[ 6830461ms] [ERROR] ./src/app/page.tsx:76:15
Expected '</', got 'jsx text'
  74 |             </div>
  75 |           </div>
> 76 |         </div>
     |               ^^^^^^^^^^^^^^^^^^^^^^^^^^^^^^^^^^^^^^^^^^^^^^^^^^^^^^^^^^^^^^^^^^^^^^^^^^^^^^^^^^^^^^^^^^^^^^^^^^^^^^^^^^^^^^^^^^^^^^^^^^^^^^^^^^^^^^^^^^^^^^^^^^^^^^^^^^^^^^^^^
> 77 |       </section>
     | ^^^^^^
  78 |
  79 |       {/* Story & Tips Section */}
  80 |       <section className="bg-surface-alt py-20 px-6 md:px-12 w-full mt-12 relative overflow-hidden">

Parsing ecmascript source code failed @ http://localhost:3000/_next/static/chunks/node_modules_next_dist_1gdrd03._.js:1945
[ 6830524ms] [ERROR] ./src/app/page.tsx:76:15
Expected '</', got 'jsx text'
  74 |             </div>
  75 |           </div>
> 76 |         </div>
     |               ^^^^^^^^^^^^^^^^^^^^^^^^^^^^^^^^^^^^^^^^^^^^^^^^^^^^^^^^^^^^^^^^^^^^^^^^^^^^^^^^^^^^^^^^^^^^^^^^^^^^^^^^^^^^^^^^^^^^^^^^^^^^^^^^^^^^^^^^^^^^^^^^^^^^^^^^^^^^^^^^^
> 77 |       </section>
     | ^^^^^^
  78 |
  79 |       {/* Story & Tips Section */}
  80 |       <section className="bg-surface-alt py-20 px-6 md:px-12 w-full mt-12 relative overflow-hidden">

Parsing ecmascript source code failed @ http://localhost:3000/_next/static/chunks/node_modules_next_dist_1gdrd03._.js:1945
[ 6830587ms] [ERROR] ./src/app/page.tsx:76:15
Expected '</', got 'jsx text'
  74 |             </div>
  75 |           </div>
> 76 |         </div>
     |               ^^^^^^^^^^^^^^^^^^^^^^^^^^^^^^^^^^^^^^^^^^^^^^^^^^^^^^^^^^^^^^^^^^^^^^^^^^^^^^^^^^^^^^^^^^^^^^^^^^^^^^^^^^^^^^^^^^^^^^^^^^^^^^^^^^^^^^^^^^^^^^^^^^^^^^^^^^^^^^^^^
> 77 |       </section>
     | ^^^^^^
  78 |
  79 |       {/* Story & Tips Section */}
  80 |       <section className="bg-surface-alt py-20 px-6 md:px-12 w-full mt-12 relative overflow-hidden">

Parsing ecmascript source code failed @ http://localhost:3000/_next/static/chunks/node_modules_next_dist_1gdrd03._.js:1945
[ 6830651ms] [ERROR] ./src/app/page.tsx:76:15
Expected '</', got 'jsx text'
  74 |             </div>
  75 |           </div>
> 76 |         </div>
     |               ^^^^^^^^^^^^^^^^^^^^^^^^^^^^^^^^^^^^^^^^^^^^^^^^^^^^^^^^^^^^^^^^^^^^^^^^^^^^^^^^^^^^^^^^^^^^^^^^^^^^^^^^^^^^^^^^^^^^^^^^^^^^^^^^^^^^^^^^^^^^^^^^^^^^^^^^^^^^^^^^^
> 77 |       </section>
     | ^^^^^^
  78 |
  79 |       {/* Story & Tips Section */}
  80 |       <section className="bg-surface-alt py-20 px-6 md:px-12 w-full mt-12 relative overflow-hidden">

Parsing ecmascript source code failed @ http://localhost:3000/_next/static/chunks/node_modules_next_dist_1gdrd03._.js:1945
[ 6830714ms] [ERROR] ./src/app/page.tsx:76:15
Expected '</', got 'jsx text'
  74 |             </div>
  75 |           </div>
> 76 |         </div>
     |               ^^^^^^^^^^^^^^^^^^^^^^^^^^^^^^^^^^^^^^^^^^^^^^^^^^^^^^^^^^^^^^^^^^^^^^^^^^^^^^^^^^^^^^^^^^^^^^^^^^^^^^^^^^^^^^^^^^^^^^^^^^^^^^^^^^^^^^^^^^^^^^^^^^^^^^^^^^^^^^^^^
> 77 |       </section>
     | ^^^^^^
  78 |
  79 |       {/* Story & Tips Section */}
  80 |       <section className="bg-surface-alt py-20 px-6 md:px-12 w-full mt-12 relative overflow-hidden">

Parsing ecmascript source code failed @ http://localhost:3000/_next/static/chunks/node_modules_next_dist_1gdrd03._.js:1945
[ 6830774ms] [ERROR] ./src/app/page.tsx:76:15
Expected '</', got 'jsx text'
  74 |             </div>
  75 |           </div>
> 76 |         </div>
     |               ^^^^^^^^^^^^^^^^^^^^^^^^^^^^^^^^^^^^^^^^^^^^^^^^^^^^^^^^^^^^^^^^^^^^^^^^^^^^^^^^^^^^^^^^^^^^^^^^^^^^^^^^^^^^^^^^^^^^^^^^^^^^^^^^^^^^^^^^^^^^^^^^^^^^^^^^^^^^^^^^^
> 77 |       </section>
     | ^^^^^^
  78 |
  79 |       {/* Story & Tips Section */}
  80 |       <section className="bg-surface-alt py-20 px-6 md:px-12 w-full mt-12 relative overflow-hidden">

Parsing ecmascript source code failed @ http://localhost:3000/_next/static/chunks/node_modules_next_dist_1gdrd03._.js:1945
[ 6830838ms] [ERROR] ./src/app/page.tsx:76:15
Expected '</', got 'jsx text'
  74 |             </div>
  75 |           </div>
> 76 |         </div>
     |               ^^^^^^^^^^^^^^^^^^^^^^^^^^^^^^^^^^^^^^^^^^^^^^^^^^^^^^^^^^^^^^^^^^^^^^^^^^^^^^^^^^^^^^^^^^^^^^^^^^^^^^^^^^^^^^^^^^^^^^^^^^^^^^^^^^^^^^^^^^^^^^^^^^^^^^^^^^^^^^^^^
> 77 |       </section>
     | ^^^^^^
  78 |
  79 |       {/* Story & Tips Section */}
  80 |       <section className="bg-surface-alt py-20 px-6 md:px-12 w-full mt-12 relative overflow-hidden">

Parsing ecmascript source code failed @ http://localhost:3000/_next/static/chunks/node_modules_next_dist_1gdrd03._.js:1945
[ 6830899ms] [ERROR] ./src/app/page.tsx:76:15
Expected '</', got 'jsx text'
  74 |             </div>
  75 |           </div>
> 76 |         </div>
     |               ^^^^^^^^^^^^^^^^^^^^^^^^^^^^^^^^^^^^^^^^^^^^^^^^^^^^^^^^^^^^^^^^^^^^^^^^^^^^^^^^^^^^^^^^^^^^^^^^^^^^^^^^^^^^^^^^^^^^^^^^^^^^^^^^^^^^^^^^^^^^^^^^^^^^^^^^^^^^^^^^^
> 77 |       </section>
     | ^^^^^^
  78 |
  79 |       {/* Story & Tips Section */}
  80 |       <section className="bg-surface-alt py-20 px-6 md:px-12 w-full mt-12 relative overflow-hidden">

Parsing ecmascript source code failed @ http://localhost:3000/_next/static/chunks/node_modules_next_dist_1gdrd03._.js:1945
[ 6830962ms] [ERROR] ./src/app/page.tsx:76:15
Expected '</', got 'jsx text'
  74 |             </div>
  75 |           </div>
> 76 |         </div>
     |               ^^^^^^^^^^^^^^^^^^^^^^^^^^^^^^^^^^^^^^^^^^^^^^^^^^^^^^^^^^^^^^^^^^^^^^^^^^^^^^^^^^^^^^^^^^^^^^^^^^^^^^^^^^^^^^^^^^^^^^^^^^^^^^^^^^^^^^^^^^^^^^^^^^^^^^^^^^^^^^^^^
> 77 |       </section>
     | ^^^^^^
  78 |
  79 |       {/* Story & Tips Section */}
  80 |       <section className="bg-surface-alt py-20 px-6 md:px-12 w-full mt-12 relative overflow-hidden">

Parsing ecmascript source code failed @ http://localhost:3000/_next/static/chunks/node_modules_next_dist_1gdrd03._.js:1945
[ 6831024ms] [ERROR] ./src/app/page.tsx:76:15
Expected '</', got 'jsx text'
  74 |             </div>
  75 |           </div>
> 76 |         </div>
     |               ^^^^^^^^^^^^^^^^^^^^^^^^^^^^^^^^^^^^^^^^^^^^^^^^^^^^^^^^^^^^^^^^^^^^^^^^^^^^^^^^^^^^^^^^^^^^^^^^^^^^^^^^^^^^^^^^^^^^^^^^^^^^^^^^^^^^^^^^^^^^^^^^^^^^^^^^^^^^^^^^^
> 77 |       </section>
     | ^^^^^^
  78 |
  79 |       {/* Story & Tips Section */}
  80 |       <section className="bg-surface-alt py-20 px-6 md:px-12 w-full mt-12 relative overflow-hidden">

Parsing ecmascript source code failed @ http://localhost:3000/_next/static/chunks/node_modules_next_dist_1gdrd03._.js:1945
[ 6831086ms] [ERROR] ./src/app/page.tsx:76:15
Expected '</', got 'jsx text'
  74 |             </div>
  75 |           </div>
> 76 |         </div>
     |               ^^^^^^^^^^^^^^^^^^^^^^^^^^^^^^^^^^^^^^^^^^^^^^^^^^^^^^^^^^^^^^^^^^^^^^^^^^^^^^^^^^^^^^^^^^^^^^^^^^^^^^^^^^^^^^^^^^^^^^^^^^^^^^^^^^^^^^^^^^^^^^^^^^^^^^^^^^^^^^^^^
> 77 |       </section>
     | ^^^^^^
  78 |
  79 |       {/* Story & Tips Section */}
  80 |       <section className="bg-surface-alt py-20 px-6 md:px-12 w-full mt-12 relative overflow-hidden">

Parsing ecmascript source code failed @ http://localhost:3000/_next/static/chunks/node_modules_next_dist_1gdrd03._.js:1945
[ 6831148ms] [ERROR] ./src/app/page.tsx:76:15
Expected '</', got 'jsx text'
  74 |             </div>
  75 |           </div>
> 76 |         </div>
     |               ^^^^^^^^^^^^^^^^^^^^^^^^^^^^^^^^^^^^^^^^^^^^^^^^^^^^^^^^^^^^^^^^^^^^^^^^^^^^^^^^^^^^^^^^^^^^^^^^^^^^^^^^^^^^^^^^^^^^^^^^^^^^^^^^^^^^^^^^^^^^^^^^^^^^^^^^^^^^^^^^^
> 77 |       </section>
     | ^^^^^^
  78 |
  79 |       {/* Story & Tips Section */}
  80 |       <section className="bg-surface-alt py-20 px-6 md:px-12 w-full mt-12 relative overflow-hidden">

Parsing ecmascript source code failed @ http://localhost:3000/_next/static/chunks/node_modules_next_dist_1gdrd03._.js:1945
[ 6831210ms] [ERROR] ./src/app/page.tsx:76:15
Expected '</', got 'jsx text'
  74 |             </div>
  75 |           </div>
> 76 |         </div>
     |               ^^^^^^^^^^^^^^^^^^^^^^^^^^^^^^^^^^^^^^^^^^^^^^^^^^^^^^^^^^^^^^^^^^^^^^^^^^^^^^^^^^^^^^^^^^^^^^^^^^^^^^^^^^^^^^^^^^^^^^^^^^^^^^^^^^^^^^^^^^^^^^^^^^^^^^^^^^^^^^^^^
> 77 |       </section>
     | ^^^^^^
  78 |
  79 |       {/* Story & Tips Section */}
  80 |       <section className="bg-surface-alt py-20 px-6 md:px-12 w-full mt-12 relative overflow-hidden">

Parsing ecmascript source code failed @ http://localhost:3000/_next/static/chunks/node_modules_next_dist_1gdrd03._.js:1945
[ 6831272ms] [ERROR] ./src/app/page.tsx:76:15
Expected '</', got 'jsx text'
  74 |             </div>
  75 |           </div>
> 76 |         </div>
     |               ^^^^^^^^^^^^^^^^^^^^^^^^^^^^^^^^^^^^^^^^^^^^^^^^^^^^^^^^^^^^^^^^^^^^^^^^^^^^^^^^^^^^^^^^^^^^^^^^^^^^^^^^^^^^^^^^^^^^^^^^^^^^^^^^^^^^^^^^^^^^^^^^^^^^^^^^^^^^^^^^^
> 77 |       </section>
     | ^^^^^^
  78 |
  79 |       {/* Story & Tips Section */}
  80 |       <section className="bg-surface-alt py-20 px-6 md:px-12 w-full mt-12 relative overflow-hidden">

Parsing ecmascript source code failed @ http://localhost:3000/_next/static/chunks/node_modules_next_dist_1gdrd03._.js:1945
[ 6831333ms] [ERROR] ./src/app/page.tsx:76:15
Expected '</', got 'jsx text'
  74 |             </div>
  75 |           </div>
> 76 |         </div>
     |               ^^^^^^^^^^^^^^^^^^^^^^^^^^^^^^^^^^^^^^^^^^^^^^^^^^^^^^^^^^^^^^^^^^^^^^^^^^^^^^^^^^^^^^^^^^^^^^^^^^^^^^^^^^^^^^^^^^^^^^^^^^^^^^^^^^^^^^^^^^^^^^^^^^^^^^^^^^^^^^^^^
> 77 |       </section>
     | ^^^^^^
  78 |
  79 |       {/* Story & Tips Section */}
  80 |       <section className="bg-surface-alt py-20 px-6 md:px-12 w-full mt-12 relative overflow-hidden">

Parsing ecmascript source code failed @ http://localhost:3000/_next/static/chunks/node_modules_next_dist_1gdrd03._.js:1945
[ 6831395ms] [ERROR] ./src/app/page.tsx:76:15
Expected '</', got 'jsx text'
  74 |             </div>
  75 |           </div>
> 76 |         </div>
     |               ^^^^^^^^^^^^^^^^^^^^^^^^^^^^^^^^^^^^^^^^^^^^^^^^^^^^^^^^^^^^^^^^^^^^^^^^^^^^^^^^^^^^^^^^^^^^^^^^^^^^^^^^^^^^^^^^^^^^^^^^^^^^^^^^^^^^^^^^^^^^^^^^^^^^^^^^^^^^^^^^^
> 77 |       </section>
     | ^^^^^^
  78 |
  79 |       {/* Story & Tips Section */}
  80 |       <section className="bg-surface-alt py-20 px-6 md:px-12 w-full mt-12 relative overflow-hidden">

Parsing ecmascript source code failed @ http://localhost:3000/_next/static/chunks/node_modules_next_dist_1gdrd03._.js:1945
[ 6831456ms] [ERROR] ./src/app/page.tsx:76:15
Expected '</', got 'jsx text'
  74 |             </div>
  75 |           </div>
> 76 |         </div>
     |               ^^^^^^^^^^^^^^^^^^^^^^^^^^^^^^^^^^^^^^^^^^^^^^^^^^^^^^^^^^^^^^^^^^^^^^^^^^^^^^^^^^^^^^^^^^^^^^^^^^^^^^^^^^^^^^^^^^^^^^^^^^^^^^^^^^^^^^^^^^^^^^^^^^^^^^^^^^^^^^^^^
> 77 |       </section>
     | ^^^^^^
  78 |
  79 |       {/* Story & Tips Section */}
  80 |       <section className="bg-surface-alt py-20 px-6 md:px-12 w-full mt-12 relative overflow-hidden">

Parsing ecmascript source code failed @ http://localhost:3000/_next/static/chunks/node_modules_next_dist_1gdrd03._.js:1945
[ 6831518ms] [ERROR] ./src/app/page.tsx:76:15
Expected '</', got 'jsx text'
  74 |             </div>
  75 |           </div>
> 76 |         </div>
     |               ^^^^^^^^^^^^^^^^^^^^^^^^^^^^^^^^^^^^^^^^^^^^^^^^^^^^^^^^^^^^^^^^^^^^^^^^^^^^^^^^^^^^^^^^^^^^^^^^^^^^^^^^^^^^^^^^^^^^^^^^^^^^^^^^^^^^^^^^^^^^^^^^^^^^^^^^^^^^^^^^^
> 77 |       </section>
     | ^^^^^^
  78 |
  79 |       {/* Story & Tips Section */}
  80 |       <section className="bg-surface-alt py-20 px-6 md:px-12 w-full mt-12 relative overflow-hidden">

Parsing ecmascript source code failed @ http://localhost:3000/_next/static/chunks/node_modules_next_dist_1gdrd03._.js:1945
[ 6831579ms] [ERROR] ./src/app/page.tsx:76:15
Expected '</', got 'jsx text'
  74 |             </div>
  75 |           </div>
> 76 |         </div>
     |               ^^^^^^^^^^^^^^^^^^^^^^^^^^^^^^^^^^^^^^^^^^^^^^^^^^^^^^^^^^^^^^^^^^^^^^^^^^^^^^^^^^^^^^^^^^^^^^^^^^^^^^^^^^^^^^^^^^^^^^^^^^^^^^^^^^^^^^^^^^^^^^^^^^^^^^^^^^^^^^^^^
> 77 |       </section>
     | ^^^^^^
  78 |
  79 |       {/* Story & Tips Section */}
  80 |       <section className="bg-surface-alt py-20 px-6 md:px-12 w-full mt-12 relative overflow-hidden">

Parsing ecmascript source code failed @ http://localhost:3000/_next/static/chunks/node_modules_next_dist_1gdrd03._.js:1945
[ 6831641ms] [ERROR] ./src/app/page.tsx:76:15
Expected '</', got 'jsx text'
  74 |             </div>
  75 |           </div>
> 76 |         </div>
     |               ^^^^^^^^^^^^^^^^^^^^^^^^^^^^^^^^^^^^^^^^^^^^^^^^^^^^^^^^^^^^^^^^^^^^^^^^^^^^^^^^^^^^^^^^^^^^^^^^^^^^^^^^^^^^^^^^^^^^^^^^^^^^^^^^^^^^^^^^^^^^^^^^^^^^^^^^^^^^^^^^^
> 77 |       </section>
     | ^^^^^^
  78 |
  79 |       {/* Story & Tips Section */}
  80 |       <section className="bg-surface-alt py-20 px-6 md:px-12 w-full mt-12 relative overflow-hidden">

Parsing ecmascript source code failed @ http://localhost:3000/_next/static/chunks/node_modules_next_dist_1gdrd03._.js:1945
[ 6831704ms] [ERROR] ./src/app/page.tsx:76:15
Expected '</', got 'jsx text'
  74 |             </div>
  75 |           </div>
> 76 |         </div>
     |               ^^^^^^^^^^^^^^^^^^^^^^^^^^^^^^^^^^^^^^^^^^^^^^^^^^^^^^^^^^^^^^^^^^^^^^^^^^^^^^^^^^^^^^^^^^^^^^^^^^^^^^^^^^^^^^^^^^^^^^^^^^^^^^^^^^^^^^^^^^^^^^^^^^^^^^^^^^^^^^^^^
> 77 |       </section>
     | ^^^^^^
  78 |
  79 |       {/* Story & Tips Section */}
  80 |       <section className="bg-surface-alt py-20 px-6 md:px-12 w-full mt-12 relative overflow-hidden">

Parsing ecmascript source code failed @ http://localhost:3000/_next/static/chunks/node_modules_next_dist_1gdrd03._.js:1945
[ 6831766ms] [ERROR] ./src/app/page.tsx:76:15
Expected '</', got 'jsx text'
  74 |             </div>
  75 |           </div>
> 76 |         </div>
     |               ^^^^^^^^^^^^^^^^^^^^^^^^^^^^^^^^^^^^^^^^^^^^^^^^^^^^^^^^^^^^^^^^^^^^^^^^^^^^^^^^^^^^^^^^^^^^^^^^^^^^^^^^^^^^^^^^^^^^^^^^^^^^^^^^^^^^^^^^^^^^^^^^^^^^^^^^^^^^^^^^^
> 77 |       </section>
     | ^^^^^^
  78 |
  79 |       {/* Story & Tips Section */}
  80 |       <section className="bg-surface-alt py-20 px-6 md:px-12 w-full mt-12 relative overflow-hidden">

Parsing ecmascript source code failed @ http://localhost:3000/_next/static/chunks/node_modules_next_dist_1gdrd03._.js:1945
[ 6831830ms] [ERROR] ./src/app/page.tsx:76:15
Expected '</', got 'jsx text'
  74 |             </div>
  75 |           </div>
> 76 |         </div>
     |               ^^^^^^^^^^^^^^^^^^^^^^^^^^^^^^^^^^^^^^^^^^^^^^^^^^^^^^^^^^^^^^^^^^^^^^^^^^^^^^^^^^^^^^^^^^^^^^^^^^^^^^^^^^^^^^^^^^^^^^^^^^^^^^^^^^^^^^^^^^^^^^^^^^^^^^^^^^^^^^^^^
> 77 |       </section>
     | ^^^^^^
  78 |
  79 |       {/* Story & Tips Section */}
  80 |       <section className="bg-surface-alt py-20 px-6 md:px-12 w-full mt-12 relative overflow-hidden">

Parsing ecmascript source code failed @ http://localhost:3000/_next/static/chunks/node_modules_next_dist_1gdrd03._.js:1945
[ 6831893ms] [ERROR] ./src/app/page.tsx:76:15
Expected '</', got 'jsx text'
  74 |             </div>
  75 |           </div>
> 76 |         </div>
     |               ^^^^^^^^^^^^^^^^^^^^^^^^^^^^^^^^^^^^^^^^^^^^^^^^^^^^^^^^^^^^^^^^^^^^^^^^^^^^^^^^^^^^^^^^^^^^^^^^^^^^^^^^^^^^^^^^^^^^^^^^^^^^^^^^^^^^^^^^^^^^^^^^^^^^^^^^^^^^^^^^^
> 77 |       </section>
     | ^^^^^^
  78 |
  79 |       {/* Story & Tips Section */}
  80 |       <section className="bg-surface-alt py-20 px-6 md:px-12 w-full mt-12 relative overflow-hidden">

Parsing ecmascript source code failed @ http://localhost:3000/_next/static/chunks/node_modules_next_dist_1gdrd03._.js:1945
[ 6831953ms] [ERROR] ./src/app/page.tsx:76:15
Expected '</', got 'jsx text'
  74 |             </div>
  75 |           </div>
> 76 |         </div>
     |               ^^^^^^^^^^^^^^^^^^^^^^^^^^^^^^^^^^^^^^^^^^^^^^^^^^^^^^^^^^^^^^^^^^^^^^^^^^^^^^^^^^^^^^^^^^^^^^^^^^^^^^^^^^^^^^^^^^^^^^^^^^^^^^^^^^^^^^^^^^^^^^^^^^^^^^^^^^^^^^^^^
> 77 |       </section>
     | ^^^^^^
  78 |
  79 |       {/* Story & Tips Section */}
  80 |       <section className="bg-surface-alt py-20 px-6 md:px-12 w-full mt-12 relative overflow-hidden">

Parsing ecmascript source code failed @ http://localhost:3000/_next/static/chunks/node_modules_next_dist_1gdrd03._.js:1945
[ 6832016ms] [ERROR] ./src/app/page.tsx:76:15
Expected '</', got 'jsx text'
  74 |             </div>
  75 |           </div>
> 76 |         </div>
     |               ^^^^^^^^^^^^^^^^^^^^^^^^^^^^^^^^^^^^^^^^^^^^^^^^^^^^^^^^^^^^^^^^^^^^^^^^^^^^^^^^^^^^^^^^^^^^^^^^^^^^^^^^^^^^^^^^^^^^^^^^^^^^^^^^^^^^^^^^^^^^^^^^^^^^^^^^^^^^^^^^^
> 77 |       </section>
     | ^^^^^^
  78 |
  79 |       {/* Story & Tips Section */}
  80 |       <section className="bg-surface-alt py-20 px-6 md:px-12 w-full mt-12 relative overflow-hidden">

Parsing ecmascript source code failed @ http://localhost:3000/_next/static/chunks/node_modules_next_dist_1gdrd03._.js:1945
[ 6832079ms] [ERROR] ./src/app/page.tsx:76:15
Expected '</', got 'jsx text'
  74 |             </div>
  75 |           </div>
> 76 |         </div>
     |               ^^^^^^^^^^^^^^^^^^^^^^^^^^^^^^^^^^^^^^^^^^^^^^^^^^^^^^^^^^^^^^^^^^^^^^^^^^^^^^^^^^^^^^^^^^^^^^^^^^^^^^^^^^^^^^^^^^^^^^^^^^^^^^^^^^^^^^^^^^^^^^^^^^^^^^^^^^^^^^^^^
> 77 |       </section>
     | ^^^^^^
  78 |
  79 |       {/* Story & Tips Section */}
  80 |       <section className="bg-surface-alt py-20 px-6 md:px-12 w-full mt-12 relative overflow-hidden">

Parsing ecmascript source code failed @ http://localhost:3000/_next/static/chunks/node_modules_next_dist_1gdrd03._.js:1945
[ 6832140ms] [ERROR] ./src/app/page.tsx:76:15
Expected '</', got 'jsx text'
  74 |             </div>
  75 |           </div>
> 76 |         </div>
     |               ^^^^^^^^^^^^^^^^^^^^^^^^^^^^^^^^^^^^^^^^^^^^^^^^^^^^^^^^^^^^^^^^^^^^^^^^^^^^^^^^^^^^^^^^^^^^^^^^^^^^^^^^^^^^^^^^^^^^^^^^^^^^^^^^^^^^^^^^^^^^^^^^^^^^^^^^^^^^^^^^^
> 77 |       </section>
     | ^^^^^^
  78 |
  79 |       {/* Story & Tips Section */}
  80 |       <section className="bg-surface-alt py-20 px-6 md:px-12 w-full mt-12 relative overflow-hidden">

Parsing ecmascript source code failed @ http://localhost:3000/_next/static/chunks/node_modules_next_dist_1gdrd03._.js:1945
[ 6832202ms] [ERROR] ./src/app/page.tsx:76:15
Expected '</', got 'jsx text'
  74 |             </div>
  75 |           </div>
> 76 |         </div>
     |               ^^^^^^^^^^^^^^^^^^^^^^^^^^^^^^^^^^^^^^^^^^^^^^^^^^^^^^^^^^^^^^^^^^^^^^^^^^^^^^^^^^^^^^^^^^^^^^^^^^^^^^^^^^^^^^^^^^^^^^^^^^^^^^^^^^^^^^^^^^^^^^^^^^^^^^^^^^^^^^^^^
> 77 |       </section>
     | ^^^^^^
  78 |
  79 |       {/* Story & Tips Section */}
  80 |       <section className="bg-surface-alt py-20 px-6 md:px-12 w-full mt-12 relative overflow-hidden">

Parsing ecmascript source code failed @ http://localhost:3000/_next/static/chunks/node_modules_next_dist_1gdrd03._.js:1945
[ 6832263ms] [ERROR] ./src/app/page.tsx:76:15
Expected '</', got 'jsx text'
  74 |             </div>
  75 |           </div>
> 76 |         </div>
     |               ^^^^^^^^^^^^^^^^^^^^^^^^^^^^^^^^^^^^^^^^^^^^^^^^^^^^^^^^^^^^^^^^^^^^^^^^^^^^^^^^^^^^^^^^^^^^^^^^^^^^^^^^^^^^^^^^^^^^^^^^^^^^^^^^^^^^^^^^^^^^^^^^^^^^^^^^^^^^^^^^^
> 77 |       </section>
     | ^^^^^^
  78 |
  79 |       {/* Story & Tips Section */}
  80 |       <section className="bg-surface-alt py-20 px-6 md:px-12 w-full mt-12 relative overflow-hidden">

Parsing ecmascript source code failed @ http://localhost:3000/_next/static/chunks/node_modules_next_dist_1gdrd03._.js:1945
[ 6832326ms] [ERROR] ./src/app/page.tsx:76:15
Expected '</', got 'jsx text'
  74 |             </div>
  75 |           </div>
> 76 |         </div>
     |               ^^^^^^^^^^^^^^^^^^^^^^^^^^^^^^^^^^^^^^^^^^^^^^^^^^^^^^^^^^^^^^^^^^^^^^^^^^^^^^^^^^^^^^^^^^^^^^^^^^^^^^^^^^^^^^^^^^^^^^^^^^^^^^^^^^^^^^^^^^^^^^^^^^^^^^^^^^^^^^^^^
> 77 |       </section>
     | ^^^^^^
  78 |
  79 |       {/* Story & Tips Section */}
  80 |       <section className="bg-surface-alt py-20 px-6 md:px-12 w-full mt-12 relative overflow-hidden">

Parsing ecmascript source code failed @ http://localhost:3000/_next/static/chunks/node_modules_next_dist_1gdrd03._.js:1945
[ 6832390ms] [ERROR] ./src/app/page.tsx:76:15
Expected '</', got 'jsx text'
  74 |             </div>
  75 |           </div>
> 76 |         </div>
     |               ^^^^^^^^^^^^^^^^^^^^^^^^^^^^^^^^^^^^^^^^^^^^^^^^^^^^^^^^^^^^^^^^^^^^^^^^^^^^^^^^^^^^^^^^^^^^^^^^^^^^^^^^^^^^^^^^^^^^^^^^^^^^^^^^^^^^^^^^^^^^^^^^^^^^^^^^^^^^^^^^^
> 77 |       </section>
     | ^^^^^^
  78 |
  79 |       {/* Story & Tips Section */}
  80 |       <section className="bg-surface-alt py-20 px-6 md:px-12 w-full mt-12 relative overflow-hidden">

Parsing ecmascript source code failed @ http://localhost:3000/_next/static/chunks/node_modules_next_dist_1gdrd03._.js:1945
[ 6832450ms] [ERROR] ./src/app/page.tsx:76:15
Expected '</', got 'jsx text'
  74 |             </div>
  75 |           </div>
> 76 |         </div>
     |               ^^^^^^^^^^^^^^^^^^^^^^^^^^^^^^^^^^^^^^^^^^^^^^^^^^^^^^^^^^^^^^^^^^^^^^^^^^^^^^^^^^^^^^^^^^^^^^^^^^^^^^^^^^^^^^^^^^^^^^^^^^^^^^^^^^^^^^^^^^^^^^^^^^^^^^^^^^^^^^^^^
> 77 |       </section>
     | ^^^^^^
  78 |
  79 |       {/* Story & Tips Section */}
  80 |       <section className="bg-surface-alt py-20 px-6 md:px-12 w-full mt-12 relative overflow-hidden">

Parsing ecmascript source code failed @ http://localhost:3000/_next/static/chunks/node_modules_next_dist_1gdrd03._.js:1945
[ 6832512ms] [ERROR] ./src/app/page.tsx:76:15
Expected '</', got 'jsx text'
  74 |             </div>
  75 |           </div>
> 76 |         </div>
     |               ^^^^^^^^^^^^^^^^^^^^^^^^^^^^^^^^^^^^^^^^^^^^^^^^^^^^^^^^^^^^^^^^^^^^^^^^^^^^^^^^^^^^^^^^^^^^^^^^^^^^^^^^^^^^^^^^^^^^^^^^^^^^^^^^^^^^^^^^^^^^^^^^^^^^^^^^^^^^^^^^^
> 77 |       </section>
     | ^^^^^^
  78 |
  79 |       {/* Story & Tips Section */}
  80 |       <section className="bg-surface-alt py-20 px-6 md:px-12 w-full mt-12 relative overflow-hidden">

Parsing ecmascript source code failed @ http://localhost:3000/_next/static/chunks/node_modules_next_dist_1gdrd03._.js:1945
[ 6832575ms] [ERROR] ./src/app/page.tsx:76:15
Expected '</', got 'jsx text'
  74 |             </div>
  75 |           </div>
> 76 |         </div>
     |               ^^^^^^^^^^^^^^^^^^^^^^^^^^^^^^^^^^^^^^^^^^^^^^^^^^^^^^^^^^^^^^^^^^^^^^^^^^^^^^^^^^^^^^^^^^^^^^^^^^^^^^^^^^^^^^^^^^^^^^^^^^^^^^^^^^^^^^^^^^^^^^^^^^^^^^^^^^^^^^^^^
> 77 |       </section>
     | ^^^^^^
  78 |
  79 |       {/* Story & Tips Section */}
  80 |       <section className="bg-surface-alt py-20 px-6 md:px-12 w-full mt-12 relative overflow-hidden">

Parsing ecmascript source code failed @ http://localhost:3000/_next/static/chunks/node_modules_next_dist_1gdrd03._.js:1945
[ 6832637ms] [ERROR] ./src/app/page.tsx:76:15
Expected '</', got 'jsx text'
  74 |             </div>
  75 |           </div>
> 76 |         </div>
     |               ^^^^^^^^^^^^^^^^^^^^^^^^^^^^^^^^^^^^^^^^^^^^^^^^^^^^^^^^^^^^^^^^^^^^^^^^^^^^^^^^^^^^^^^^^^^^^^^^^^^^^^^^^^^^^^^^^^^^^^^^^^^^^^^^^^^^^^^^^^^^^^^^^^^^^^^^^^^^^^^^^
> 77 |       </section>
     | ^^^^^^
  78 |
  79 |       {/* Story & Tips Section */}
  80 |       <section className="bg-surface-alt py-20 px-6 md:px-12 w-full mt-12 relative overflow-hidden">

Parsing ecmascript source code failed @ http://localhost:3000/_next/static/chunks/node_modules_next_dist_1gdrd03._.js:1945
[ 6832698ms] [ERROR] ./src/app/page.tsx:76:15
Expected '</', got 'jsx text'
  74 |             </div>
  75 |           </div>
> 76 |         </div>
     |               ^^^^^^^^^^^^^^^^^^^^^^^^^^^^^^^^^^^^^^^^^^^^^^^^^^^^^^^^^^^^^^^^^^^^^^^^^^^^^^^^^^^^^^^^^^^^^^^^^^^^^^^^^^^^^^^^^^^^^^^^^^^^^^^^^^^^^^^^^^^^^^^^^^^^^^^^^^^^^^^^^
> 77 |       </section>
     | ^^^^^^
  78 |
  79 |       {/* Story & Tips Section */}
  80 |       <section className="bg-surface-alt py-20 px-6 md:px-12 w-full mt-12 relative overflow-hidden">

Parsing ecmascript source code failed @ http://localhost:3000/_next/static/chunks/node_modules_next_dist_1gdrd03._.js:1945
[ 6832760ms] [ERROR] ./src/app/page.tsx:76:15
Expected '</', got 'jsx text'
  74 |             </div>
  75 |           </div>
> 76 |         </div>
     |               ^^^^^^^^^^^^^^^^^^^^^^^^^^^^^^^^^^^^^^^^^^^^^^^^^^^^^^^^^^^^^^^^^^^^^^^^^^^^^^^^^^^^^^^^^^^^^^^^^^^^^^^^^^^^^^^^^^^^^^^^^^^^^^^^^^^^^^^^^^^^^^^^^^^^^^^^^^^^^^^^^
> 77 |       </section>
     | ^^^^^^
  78 |
  79 |       {/* Story & Tips Section */}
  80 |       <section className="bg-surface-alt py-20 px-6 md:px-12 w-full mt-12 relative overflow-hidden">

Parsing ecmascript source code failed @ http://localhost:3000/_next/static/chunks/node_modules_next_dist_1gdrd03._.js:1945
[ 6832822ms] [ERROR] ./src/app/page.tsx:76:15
Expected '</', got 'jsx text'
  74 |             </div>
  75 |           </div>
> 76 |         </div>
     |               ^^^^^^^^^^^^^^^^^^^^^^^^^^^^^^^^^^^^^^^^^^^^^^^^^^^^^^^^^^^^^^^^^^^^^^^^^^^^^^^^^^^^^^^^^^^^^^^^^^^^^^^^^^^^^^^^^^^^^^^^^^^^^^^^^^^^^^^^^^^^^^^^^^^^^^^^^^^^^^^^^
> 77 |       </section>
     | ^^^^^^
  78 |
  79 |       {/* Story & Tips Section */}
  80 |       <section className="bg-surface-alt py-20 px-6 md:px-12 w-full mt-12 relative overflow-hidden">

Parsing ecmascript source code failed @ http://localhost:3000/_next/static/chunks/node_modules_next_dist_1gdrd03._.js:1945
[ 6832875ms] [ERROR] ./src/app/page.tsx:76:15
Expected '</', got 'jsx text'
  74 |             </div>
  75 |           </div>
> 76 |         </div>
     |               ^^^^^^^^^^^^^^^^^^^^^^^^^^^^^^^^^^^^^^^^^^^^^^^^^^^^^^^^^^^^^^^^^^^^^^^^^^^^^^^^^^^^^^^^^^^^^^^^^^^^^^^^^^^^^^^^^^^^^^^^^^^^^^^^^^^^^^^^^^^^^^^^^^^^^^^^^^^^^^^^^
> 77 |       </section>
     | ^^^^^^
  78 |
  79 |       {/* Story & Tips Section */}
  80 |       <section className="bg-surface-alt py-20 px-6 md:px-12 w-full mt-12 relative overflow-hidden">

Parsing ecmascript source code failed @ http://localhost:3000/_next/static/chunks/node_modules_next_dist_1gdrd03._.js:1945
[ 6832976ms] [LOG] [Fast Refresh] rebuilding @ http://localhost:3000/_next/static/chunks/node_modules_next_dist_1gdrd03._.js:1226
[ 6832981ms] [ERROR] ./src/app/page.tsx:76:15
Expected '</', got 'jsx text'
  74 |             </div>
  75 |           </div>
> 76 |         </div>
     |               ^^^^^^^^^^^^^^^^^^^^^^^^^^^^^^^^^^^^^^^^^^^^^^^^^^^^^^^^^^^^^^^^^^^^^^^^^^^^^^^^^^^^^^^^^^^^^^^^^^^^^^^^^^^^^^^^^^^^^^^^^^^^^^^^^^^^^^^^^^^^^^^^^^^^^^^^^^^^^^^^^
> 77 |       </section>
     | ^^^^^^
  78 |
  79 |       {/* Story & Tips Section */}
  80 |       <section className="bg-surface-alt py-20 px-6 md:px-12 w-full mt-12 relative overflow-hidden">

Parsing ecmascript source code failed @ http://localhost:3000/_next/static/chunks/node_modules_next_dist_1gdrd03._.js:1945
[ 6833074ms] [ERROR] Failed to load resource: the server responded with a status of 500 (Internal Server Error) @ http://localhost:3000/:0
[ 6833157ms] [INFO] %cDownload the React DevTools for a better development experience: https://react.dev/link/react-devtools font-weight:bold @ http://localhost:3000/_next/static/chunks/node_modules_react-dom_0kla17-._.js:15305
[ 6833182ms] Error: ./src/app/page.tsx:76:15
Expected '</', got 'jsx text'
  74 |             </div>
  75 |           </div>
> 76 |         </div>
     |               ^^^^^^^^^^^^^^^^^^^^^^^^^^^^^^^^^^^^^^^^^^^^^^^^^^^^^^^^^^^^^^^^^^^^^^^^^^^^^^^^^^^^^^^^^^^^^^^^^^^^^^^^^^^^^^^^^^^^^^^^^^^^^^^^^^^^^^^^^^^^^^^^^^^^^^^^^^^^^^^^^
> 77 |       </section>
     | ^^^^^^
  78 |
  79 |       {/* Story & Tips Section */}
  80 |       <section className="bg-surface-alt py-20 px-6 md:px-12 w-full mt-12 relative overflow-hidden">

Parsing ecmascript source code failed


    at <unknown> (Error: ./src/app/page.tsx:76:15)
    at Object.getCompilationErrors (file://C:\reandy\easybites-app\node_modules\next\dist\server\dev\hot-reloader-turbopack.js:1186:59)
    at DevBundlerService.getCompilationError (file://C:\reandy\easybites-app\node_modules\next\dist\server\lib\dev-bundler-service.js:44:55)
    at DevServer.getCompilationError (file://C:\reandy\easybites-app\node_modules\next\dist\server\dev\next-dev-server.js:720:42)
    at DevServer.findPageComponents (file://C:\reandy\easybites-app\node_modules\next\dist\server\dev\next-dev-server.js:690:43)
    at async DevServer.renderErrorToResponseImpl (file://C:\reandy\easybites-app\node_modules\next\dist\server\base-server.js:1753:26)
[ 6833173ms] [LOG] [HMR] connected @ http://localhost:3000/_next/static/chunks/node_modules_next_dist_1gdrd03._.js:1226
[ 6833174ms] [ERROR] ./src/app/page.tsx:76:15
Expected '</', got 'jsx text'
  74 |             </div>
  75 |           </div>
> 76 |         </div>
     |               ^^^^^^^^^^^^^^^^^^^^^^^^^^^^^^^^^^^^^^^^^^^^^^^^^^^^^^^^^^^^^^^^^^^^^^^^^^^^^^^^^^^^^^^^^^^^^^^^^^^^^^^^^^^^^^^^^^^^^^^^^^^^^^^^^^^^^^^^^^^^^^^^^^^^^^^^^^^^^^^^^
> 77 |       </section>
     | ^^^^^^
  78 |
  79 |       {/* Story & Tips Section */}
  80 |       <section className="bg-surface-alt py-20 px-6 md:px-12 w-full mt-12 relative overflow-hidden">

Parsing ecmascript source code failed @ http://localhost:3000/_next/static/chunks/node_modules_next_dist_1gdrd03._.js:1945
[ 6833255ms] [ERROR] ./src/app/page.tsx:76:15
Expected '</', got 'jsx text'
  74 |             </div>
  75 |           </div>
> 76 |         </div>
     |               ^^^^^^^^^^^^^^^^^^^^^^^^^^^^^^^^^^^^^^^^^^^^^^^^^^^^^^^^^^^^^^^^^^^^^^^^^^^^^^^^^^^^^^^^^^^^^^^^^^^^^^^^^^^^^^^^^^^^^^^^^^^^^^^^^^^^^^^^^^^^^^^^^^^^^^^^^^^^^^^^^
> 77 |       </section>
     | ^^^^^^
  78 |
  79 |       {/* Story & Tips Section */}
  80 |       <section className="bg-surface-alt py-20 px-6 md:px-12 w-full mt-12 relative overflow-hidden">

Parsing ecmascript source code failed @ http://localhost:3000/_next/static/chunks/node_modules_next_dist_1gdrd03._.js:1945
[ 6833315ms] [ERROR] ./src/app/page.tsx:76:15
Expected '</', got 'jsx text'
  74 |             </div>
  75 |           </div>
> 76 |         </div>
     |               ^^^^^^^^^^^^^^^^^^^^^^^^^^^^^^^^^^^^^^^^^^^^^^^^^^^^^^^^^^^^^^^^^^^^^^^^^^^^^^^^^^^^^^^^^^^^^^^^^^^^^^^^^^^^^^^^^^^^^^^^^^^^^^^^^^^^^^^^^^^^^^^^^^^^^^^^^^^^^^^^^
> 77 |       </section>
     | ^^^^^^
  78 |
  79 |       {/* Story & Tips Section */}
  80 |       <section className="bg-surface-alt py-20 px-6 md:px-12 w-full mt-12 relative overflow-hidden">

Parsing ecmascript source code failed @ http://localhost:3000/_next/static/chunks/node_modules_next_dist_1gdrd03._.js:1945
[ 6833375ms] [ERROR] ./src/app/page.tsx:76:15
Expected '</', got 'jsx text'
  74 |             </div>
  75 |           </div>
> 76 |         </div>
     |               ^^^^^^^^^^^^^^^^^^^^^^^^^^^^^^^^^^^^^^^^^^^^^^^^^^^^^^^^^^^^^^^^^^^^^^^^^^^^^^^^^^^^^^^^^^^^^^^^^^^^^^^^^^^^^^^^^^^^^^^^^^^^^^^^^^^^^^^^^^^^^^^^^^^^^^^^^^^^^^^^^
> 77 |       </section>
     | ^^^^^^
  78 |
  79 |       {/* Story & Tips Section */}
  80 |       <section className="bg-surface-alt py-20 px-6 md:px-12 w-full mt-12 relative overflow-hidden">

Parsing ecmascript source code failed @ http://localhost:3000/_next/static/chunks/node_modules_next_dist_1gdrd03._.js:1945
[ 6833438ms] [ERROR] ./src/app/page.tsx:76:15
Expected '</', got 'jsx text'
  74 |             </div>
  75 |           </div>
> 76 |         </div>
     |               ^^^^^^^^^^^^^^^^^^^^^^^^^^^^^^^^^^^^^^^^^^^^^^^^^^^^^^^^^^^^^^^^^^^^^^^^^^^^^^^^^^^^^^^^^^^^^^^^^^^^^^^^^^^^^^^^^^^^^^^^^^^^^^^^^^^^^^^^^^^^^^^^^^^^^^^^^^^^^^^^^
> 77 |       </section>
     | ^^^^^^
  78 |
  79 |       {/* Story & Tips Section */}
  80 |       <section className="bg-surface-alt py-20 px-6 md:px-12 w-full mt-12 relative overflow-hidden">

Parsing ecmascript source code failed @ http://localhost:3000/_next/static/chunks/node_modules_next_dist_1gdrd03._.js:1945
[ 6833501ms] [ERROR] ./src/app/page.tsx:76:15
Expected '</', got 'jsx text'
  74 |             </div>
  75 |           </div>
> 76 |         </div>
     |               ^^^^^^^^^^^^^^^^^^^^^^^^^^^^^^^^^^^^^^^^^^^^^^^^^^^^^^^^^^^^^^^^^^^^^^^^^^^^^^^^^^^^^^^^^^^^^^^^^^^^^^^^^^^^^^^^^^^^^^^^^^^^^^^^^^^^^^^^^^^^^^^^^^^^^^^^^^^^^^^^^
> 77 |       </section>
     | ^^^^^^
  78 |
  79 |       {/* Story & Tips Section */}
  80 |       <section className="bg-surface-alt py-20 px-6 md:px-12 w-full mt-12 relative overflow-hidden">

Parsing ecmascript source code failed @ http://localhost:3000/_next/static/chunks/node_modules_next_dist_1gdrd03._.js:1945
[ 6833563ms] [ERROR] ./src/app/page.tsx:76:15
Expected '</', got 'jsx text'
  74 |             </div>
  75 |           </div>
> 76 |         </div>
     |               ^^^^^^^^^^^^^^^^^^^^^^^^^^^^^^^^^^^^^^^^^^^^^^^^^^^^^^^^^^^^^^^^^^^^^^^^^^^^^^^^^^^^^^^^^^^^^^^^^^^^^^^^^^^^^^^^^^^^^^^^^^^^^^^^^^^^^^^^^^^^^^^^^^^^^^^^^^^^^^^^^
> 77 |       </section>
     | ^^^^^^
  78 |
  79 |       {/* Story & Tips Section */}
  80 |       <section className="bg-surface-alt py-20 px-6 md:px-12 w-full mt-12 relative overflow-hidden">

Parsing ecmascript source code failed @ http://localhost:3000/_next/static/chunks/node_modules_next_dist_1gdrd03._.js:1945
[ 6833626ms] [ERROR] ./src/app/page.tsx:76:15
Expected '</', got 'jsx text'
  74 |             </div>
  75 |           </div>
> 76 |         </div>
     |               ^^^^^^^^^^^^^^^^^^^^^^^^^^^^^^^^^^^^^^^^^^^^^^^^^^^^^^^^^^^^^^^^^^^^^^^^^^^^^^^^^^^^^^^^^^^^^^^^^^^^^^^^^^^^^^^^^^^^^^^^^^^^^^^^^^^^^^^^^^^^^^^^^^^^^^^^^^^^^^^^^
> 77 |       </section>
     | ^^^^^^
  78 |
  79 |       {/* Story & Tips Section */}
  80 |       <section className="bg-surface-alt py-20 px-6 md:px-12 w-full mt-12 relative overflow-hidden">

Parsing ecmascript source code failed @ http://localhost:3000/_next/static/chunks/node_modules_next_dist_1gdrd03._.js:1945
[ 6833689ms] [ERROR] ./src/app/page.tsx:76:15
Expected '</', got 'jsx text'
  74 |             </div>
  75 |           </div>
> 76 |         </div>
     |               ^^^^^^^^^^^^^^^^^^^^^^^^^^^^^^^^^^^^^^^^^^^^^^^^^^^^^^^^^^^^^^^^^^^^^^^^^^^^^^^^^^^^^^^^^^^^^^^^^^^^^^^^^^^^^^^^^^^^^^^^^^^^^^^^^^^^^^^^^^^^^^^^^^^^^^^^^^^^^^^^^
> 77 |       </section>
     | ^^^^^^
  78 |
  79 |       {/* Story & Tips Section */}
  80 |       <section className="bg-surface-alt py-20 px-6 md:px-12 w-full mt-12 relative overflow-hidden">

Parsing ecmascript source code failed @ http://localhost:3000/_next/static/chunks/node_modules_next_dist_1gdrd03._.js:1945
[ 6833752ms] [ERROR] ./src/app/page.tsx:76:15
Expected '</', got 'jsx text'
  74 |             </div>
  75 |           </div>
> 76 |         </div>
     |               ^^^^^^^^^^^^^^^^^^^^^^^^^^^^^^^^^^^^^^^^^^^^^^^^^^^^^^^^^^^^^^^^^^^^^^^^^^^^^^^^^^^^^^^^^^^^^^^^^^^^^^^^^^^^^^^^^^^^^^^^^^^^^^^^^^^^^^^^^^^^^^^^^^^^^^^^^^^^^^^^^
> 77 |       </section>
     | ^^^^^^
  78 |
  79 |       {/* Story & Tips Section */}
  80 |       <section className="bg-surface-alt py-20 px-6 md:px-12 w-full mt-12 relative overflow-hidden">

Parsing ecmascript source code failed @ http://localhost:3000/_next/static/chunks/node_modules_next_dist_1gdrd03._.js:1945
[ 6833815ms] [ERROR] ./src/app/page.tsx:76:15
Expected '</', got 'jsx text'
  74 |             </div>
  75 |           </div>
> 76 |         </div>
     |               ^^^^^^^^^^^^^^^^^^^^^^^^^^^^^^^^^^^^^^^^^^^^^^^^^^^^^^^^^^^^^^^^^^^^^^^^^^^^^^^^^^^^^^^^^^^^^^^^^^^^^^^^^^^^^^^^^^^^^^^^^^^^^^^^^^^^^^^^^^^^^^^^^^^^^^^^^^^^^^^^^
> 77 |       </section>
     | ^^^^^^
  78 |
  79 |       {/* Story & Tips Section */}
  80 |       <section className="bg-surface-alt py-20 px-6 md:px-12 w-full mt-12 relative overflow-hidden">

Parsing ecmascript source code failed @ http://localhost:3000/_next/static/chunks/node_modules_next_dist_1gdrd03._.js:1945
[ 6833876ms] [ERROR] ./src/app/page.tsx:76:15
Expected '</', got 'jsx text'
  74 |             </div>
  75 |           </div>
> 76 |         </div>
     |               ^^^^^^^^^^^^^^^^^^^^^^^^^^^^^^^^^^^^^^^^^^^^^^^^^^^^^^^^^^^^^^^^^^^^^^^^^^^^^^^^^^^^^^^^^^^^^^^^^^^^^^^^^^^^^^^^^^^^^^^^^^^^^^^^^^^^^^^^^^^^^^^^^^^^^^^^^^^^^^^^^
> 77 |       </section>
     | ^^^^^^
  78 |
  79 |       {/* Story & Tips Section */}
  80 |       <section className="bg-surface-alt py-20 px-6 md:px-12 w-full mt-12 relative overflow-hidden">

Parsing ecmascript source code failed @ http://localhost:3000/_next/static/chunks/node_modules_next_dist_1gdrd03._.js:1945
[ 6833938ms] [ERROR] ./src/app/page.tsx:76:15
Expected '</', got 'jsx text'
  74 |             </div>
  75 |           </div>
> 76 |         </div>
     |               ^^^^^^^^^^^^^^^^^^^^^^^^^^^^^^^^^^^^^^^^^^^^^^^^^^^^^^^^^^^^^^^^^^^^^^^^^^^^^^^^^^^^^^^^^^^^^^^^^^^^^^^^^^^^^^^^^^^^^^^^^^^^^^^^^^^^^^^^^^^^^^^^^^^^^^^^^^^^^^^^^
> 77 |       </section>
     | ^^^^^^
  78 |
  79 |       {/* Story & Tips Section */}
  80 |       <section className="bg-surface-alt py-20 px-6 md:px-12 w-full mt-12 relative overflow-hidden">

Parsing ecmascript source code failed @ http://localhost:3000/_next/static/chunks/node_modules_next_dist_1gdrd03._.js:1945
[ 6834001ms] [ERROR] ./src/app/page.tsx:76:15
Expected '</', got 'jsx text'
  74 |             </div>
  75 |           </div>
> 76 |         </div>
     |               ^^^^^^^^^^^^^^^^^^^^^^^^^^^^^^^^^^^^^^^^^^^^^^^^^^^^^^^^^^^^^^^^^^^^^^^^^^^^^^^^^^^^^^^^^^^^^^^^^^^^^^^^^^^^^^^^^^^^^^^^^^^^^^^^^^^^^^^^^^^^^^^^^^^^^^^^^^^^^^^^^
> 77 |       </section>
     | ^^^^^^
  78 |
  79 |       {/* Story & Tips Section */}
  80 |       <section className="bg-surface-alt py-20 px-6 md:px-12 w-full mt-12 relative overflow-hidden">

Parsing ecmascript source code failed @ http://localhost:3000/_next/static/chunks/node_modules_next_dist_1gdrd03._.js:1945
[ 6834060ms] [ERROR] ./src/app/page.tsx:76:15
Expected '</', got 'jsx text'
  74 |             </div>
  75 |           </div>
> 76 |         </div>
     |               ^^^^^^^^^^^^^^^^^^^^^^^^^^^^^^^^^^^^^^^^^^^^^^^^^^^^^^^^^^^^^^^^^^^^^^^^^^^^^^^^^^^^^^^^^^^^^^^^^^^^^^^^^^^^^^^^^^^^^^^^^^^^^^^^^^^^^^^^^^^^^^^^^^^^^^^^^^^^^^^^^
> 77 |       </section>
     | ^^^^^^
  78 |
  79 |       {/* Story & Tips Section */}
  80 |       <section className="bg-surface-alt py-20 px-6 md:px-12 w-full mt-12 relative overflow-hidden">

Parsing ecmascript source code failed @ http://localhost:3000/_next/static/chunks/node_modules_next_dist_1gdrd03._.js:1945
[ 6834124ms] [ERROR] ./src/app/page.tsx:76:15
Expected '</', got 'jsx text'
  74 |             </div>
  75 |           </div>
> 76 |         </div>
     |               ^^^^^^^^^^^^^^^^^^^^^^^^^^^^^^^^^^^^^^^^^^^^^^^^^^^^^^^^^^^^^^^^^^^^^^^^^^^^^^^^^^^^^^^^^^^^^^^^^^^^^^^^^^^^^^^^^^^^^^^^^^^^^^^^^^^^^^^^^^^^^^^^^^^^^^^^^^^^^^^^^
> 77 |       </section>
     | ^^^^^^
  78 |
  79 |       {/* Story & Tips Section */}
  80 |       <section className="bg-surface-alt py-20 px-6 md:px-12 w-full mt-12 relative overflow-hidden">

Parsing ecmascript source code failed @ http://localhost:3000/_next/static/chunks/node_modules_next_dist_1gdrd03._.js:1945
[ 6834187ms] [ERROR] ./src/app/page.tsx:76:15
Expected '</', got 'jsx text'
  74 |             </div>
  75 |           </div>
> 76 |         </div>
     |               ^^^^^^^^^^^^^^^^^^^^^^^^^^^^^^^^^^^^^^^^^^^^^^^^^^^^^^^^^^^^^^^^^^^^^^^^^^^^^^^^^^^^^^^^^^^^^^^^^^^^^^^^^^^^^^^^^^^^^^^^^^^^^^^^^^^^^^^^^^^^^^^^^^^^^^^^^^^^^^^^^
> 77 |       </section>
     | ^^^^^^
  78 |
  79 |       {/* Story & Tips Section */}
  80 |       <section className="bg-surface-alt py-20 px-6 md:px-12 w-full mt-12 relative overflow-hidden">

Parsing ecmascript source code failed @ http://localhost:3000/_next/static/chunks/node_modules_next_dist_1gdrd03._.js:1945
[ 6834249ms] [ERROR] ./src/app/page.tsx:76:15
Expected '</', got 'jsx text'
  74 |             </div>
  75 |           </div>
> 76 |         </div>
     |               ^^^^^^^^^^^^^^^^^^^^^^^^^^^^^^^^^^^^^^^^^^^^^^^^^^^^^^^^^^^^^^^^^^^^^^^^^^^^^^^^^^^^^^^^^^^^^^^^^^^^^^^^^^^^^^^^^^^^^^^^^^^^^^^^^^^^^^^^^^^^^^^^^^^^^^^^^^^^^^^^^
> 77 |       </section>
     | ^^^^^^
  78 |
  79 |       {/* Story & Tips Section */}
  80 |       <section className="bg-surface-alt py-20 px-6 md:px-12 w-full mt-12 relative overflow-hidden">

Parsing ecmascript source code failed @ http://localhost:3000/_next/static/chunks/node_modules_next_dist_1gdrd03._.js:1945
[ 6834311ms] [ERROR] ./src/app/page.tsx:76:15
Expected '</', got 'jsx text'
  74 |             </div>
  75 |           </div>
> 76 |         </div>
     |               ^^^^^^^^^^^^^^^^^^^^^^^^^^^^^^^^^^^^^^^^^^^^^^^^^^^^^^^^^^^^^^^^^^^^^^^^^^^^^^^^^^^^^^^^^^^^^^^^^^^^^^^^^^^^^^^^^^^^^^^^^^^^^^^^^^^^^^^^^^^^^^^^^^^^^^^^^^^^^^^^^
> 77 |       </section>
     | ^^^^^^
  78 |
  79 |       {/* Story & Tips Section */}
  80 |       <section className="bg-surface-alt py-20 px-6 md:px-12 w-full mt-12 relative overflow-hidden">

Parsing ecmascript source code failed @ http://localhost:3000/_next/static/chunks/node_modules_next_dist_1gdrd03._.js:1945
[ 6834374ms] [ERROR] ./src/app/page.tsx:76:15
Expected '</', got 'jsx text'
  74 |             </div>
  75 |           </div>
> 76 |         </div>
     |               ^^^^^^^^^^^^^^^^^^^^^^^^^^^^^^^^^^^^^^^^^^^^^^^^^^^^^^^^^^^^^^^^^^^^^^^^^^^^^^^^^^^^^^^^^^^^^^^^^^^^^^^^^^^^^^^^^^^^^^^^^^^^^^^^^^^^^^^^^^^^^^^^^^^^^^^^^^^^^^^^^
> 77 |       </section>
     | ^^^^^^
  78 |
  79 |       {/* Story & Tips Section */}
  80 |       <section className="bg-surface-alt py-20 px-6 md:px-12 w-full mt-12 relative overflow-hidden">

Parsing ecmascript source code failed @ http://localhost:3000/_next/static/chunks/node_modules_next_dist_1gdrd03._.js:1945
[ 6834436ms] [ERROR] ./src/app/page.tsx:76:15
Expected '</', got 'jsx text'
  74 |             </div>
  75 |           </div>
> 76 |         </div>
     |               ^^^^^^^^^^^^^^^^^^^^^^^^^^^^^^^^^^^^^^^^^^^^^^^^^^^^^^^^^^^^^^^^^^^^^^^^^^^^^^^^^^^^^^^^^^^^^^^^^^^^^^^^^^^^^^^^^^^^^^^^^^^^^^^^^^^^^^^^^^^^^^^^^^^^^^^^^^^^^^^^^
> 77 |       </section>
     | ^^^^^^
  78 |
  79 |       {/* Story & Tips Section */}
  80 |       <section className="bg-surface-alt py-20 px-6 md:px-12 w-full mt-12 relative overflow-hidden">

Parsing ecmascript source code failed @ http://localhost:3000/_next/static/chunks/node_modules_next_dist_1gdrd03._.js:1945
[ 6834503ms] [ERROR] ./src/app/page.tsx:76:15
Expected '</', got 'jsx text'
  74 |             </div>
  75 |           </div>
> 76 |         </div>
     |               ^^^^^^^^^^^^^^^^^^^^^^^^^^^^^^^^^^^^^^^^^^^^^^^^^^^^^^^^^^^^^^^^^^^^^^^^^^^^^^^^^^^^^^^^^^^^^^^^^^^^^^^^^^^^^^^^^^^^^^^^^^^^^^^^^^^^^^^^^^^^^^^^^^^^^^^^^^^^^^^^^
> 77 |       </section>
     | ^^^^^^
  78 |
  79 |       {/* Story & Tips Section */}
  80 |       <section className="bg-surface-alt py-20 px-6 md:px-12 w-full mt-12 relative overflow-hidden">

Parsing ecmascript source code failed @ http://localhost:3000/_next/static/chunks/node_modules_next_dist_1gdrd03._.js:1945
[ 6834559ms] [ERROR] ./src/app/page.tsx:76:15
Expected '</', got 'jsx text'
  74 |             </div>
  75 |           </div>
> 76 |         </div>
     |               ^^^^^^^^^^^^^^^^^^^^^^^^^^^^^^^^^^^^^^^^^^^^^^^^^^^^^^^^^^^^^^^^^^^^^^^^^^^^^^^^^^^^^^^^^^^^^^^^^^^^^^^^^^^^^^^^^^^^^^^^^^^^^^^^^^^^^^^^^^^^^^^^^^^^^^^^^^^^^^^^^
> 77 |       </section>
     | ^^^^^^
  78 |
  79 |       {/* Story & Tips Section */}
  80 |       <section className="bg-surface-alt py-20 px-6 md:px-12 w-full mt-12 relative overflow-hidden">

Parsing ecmascript source code failed @ http://localhost:3000/_next/static/chunks/node_modules_next_dist_1gdrd03._.js:1945
[ 6834620ms] [ERROR] ./src/app/page.tsx:76:15
Expected '</', got 'jsx text'
  74 |             </div>
  75 |           </div>
> 76 |         </div>
     |               ^^^^^^^^^^^^^^^^^^^^^^^^^^^^^^^^^^^^^^^^^^^^^^^^^^^^^^^^^^^^^^^^^^^^^^^^^^^^^^^^^^^^^^^^^^^^^^^^^^^^^^^^^^^^^^^^^^^^^^^^^^^^^^^^^^^^^^^^^^^^^^^^^^^^^^^^^^^^^^^^^
> 77 |       </section>
     | ^^^^^^
  78 |
  79 |       {/* Story & Tips Section */}
  80 |       <section className="bg-surface-alt py-20 px-6 md:px-12 w-full mt-12 relative overflow-hidden">

Parsing ecmascript source code failed @ http://localhost:3000/_next/static/chunks/node_modules_next_dist_1gdrd03._.js:1945
[ 6834680ms] [ERROR] ./src/app/page.tsx:76:15
Expected '</', got 'jsx text'
  74 |             </div>
  75 |           </div>
> 76 |         </div>
     |               ^^^^^^^^^^^^^^^^^^^^^^^^^^^^^^^^^^^^^^^^^^^^^^^^^^^^^^^^^^^^^^^^^^^^^^^^^^^^^^^^^^^^^^^^^^^^^^^^^^^^^^^^^^^^^^^^^^^^^^^^^^^^^^^^^^^^^^^^^^^^^^^^^^^^^^^^^^^^^^^^^
> 77 |       </section>
     | ^^^^^^
  78 |
  79 |       {/* Story & Tips Section */}
  80 |       <section className="bg-surface-alt py-20 px-6 md:px-12 w-full mt-12 relative overflow-hidden">

Parsing ecmascript source code failed @ http://localhost:3000/_next/static/chunks/node_modules_next_dist_1gdrd03._.js:1945
[ 6834740ms] [ERROR] ./src/app/page.tsx:76:15
Expected '</', got 'jsx text'
  74 |             </div>
  75 |           </div>
> 76 |         </div>
     |               ^^^^^^^^^^^^^^^^^^^^^^^^^^^^^^^^^^^^^^^^^^^^^^^^^^^^^^^^^^^^^^^^^^^^^^^^^^^^^^^^^^^^^^^^^^^^^^^^^^^^^^^^^^^^^^^^^^^^^^^^^^^^^^^^^^^^^^^^^^^^^^^^^^^^^^^^^^^^^^^^^
> 77 |       </section>
     | ^^^^^^
  78 |
  79 |       {/* Story & Tips Section */}
  80 |       <section className="bg-surface-alt py-20 px-6 md:px-12 w-full mt-12 relative overflow-hidden">

Parsing ecmascript source code failed @ http://localhost:3000/_next/static/chunks/node_modules_next_dist_1gdrd03._.js:1945
[ 6834801ms] [ERROR] ./src/app/page.tsx:76:15
Expected '</', got 'jsx text'
  74 |             </div>
  75 |           </div>
> 76 |         </div>
     |               ^^^^^^^^^^^^^^^^^^^^^^^^^^^^^^^^^^^^^^^^^^^^^^^^^^^^^^^^^^^^^^^^^^^^^^^^^^^^^^^^^^^^^^^^^^^^^^^^^^^^^^^^^^^^^^^^^^^^^^^^^^^^^^^^^^^^^^^^^^^^^^^^^^^^^^^^^^^^^^^^^
> 77 |       </section>
     | ^^^^^^
  78 |
  79 |       {/* Story & Tips Section */}
  80 |       <section className="bg-surface-alt py-20 px-6 md:px-12 w-full mt-12 relative overflow-hidden">

Parsing ecmascript source code failed @ http://localhost:3000/_next/static/chunks/node_modules_next_dist_1gdrd03._.js:1945
[ 6834862ms] [ERROR] ./src/app/page.tsx:76:15
Expected '</', got 'jsx text'
  74 |             </div>
  75 |           </div>
> 76 |         </div>
     |               ^^^^^^^^^^^^^^^^^^^^^^^^^^^^^^^^^^^^^^^^^^^^^^^^^^^^^^^^^^^^^^^^^^^^^^^^^^^^^^^^^^^^^^^^^^^^^^^^^^^^^^^^^^^^^^^^^^^^^^^^^^^^^^^^^^^^^^^^^^^^^^^^^^^^^^^^^^^^^^^^^
> 77 |       </section>
     | ^^^^^^
  78 |
  79 |       {/* Story & Tips Section */}
  80 |       <section className="bg-surface-alt py-20 px-6 md:px-12 w-full mt-12 relative overflow-hidden">

Parsing ecmascript source code failed @ http://localhost:3000/_next/static/chunks/node_modules_next_dist_1gdrd03._.js:1945
[ 6834923ms] [ERROR] ./src/app/page.tsx:76:15
Expected '</', got 'jsx text'
  74 |             </div>
  75 |           </div>
> 76 |         </div>
     |               ^^^^^^^^^^^^^^^^^^^^^^^^^^^^^^^^^^^^^^^^^^^^^^^^^^^^^^^^^^^^^^^^^^^^^^^^^^^^^^^^^^^^^^^^^^^^^^^^^^^^^^^^^^^^^^^^^^^^^^^^^^^^^^^^^^^^^^^^^^^^^^^^^^^^^^^^^^^^^^^^^
> 77 |       </section>
     | ^^^^^^
  78 |
  79 |       {/* Story & Tips Section */}
  80 |       <section className="bg-surface-alt py-20 px-6 md:px-12 w-full mt-12 relative overflow-hidden">

Parsing ecmascript source code failed @ http://localhost:3000/_next/static/chunks/node_modules_next_dist_1gdrd03._.js:1945
[ 6834985ms] [ERROR] ./src/app/page.tsx:76:15
Expected '</', got 'jsx text'
  74 |             </div>
  75 |           </div>
> 76 |         </div>
     |               ^^^^^^^^^^^^^^^^^^^^^^^^^^^^^^^^^^^^^^^^^^^^^^^^^^^^^^^^^^^^^^^^^^^^^^^^^^^^^^^^^^^^^^^^^^^^^^^^^^^^^^^^^^^^^^^^^^^^^^^^^^^^^^^^^^^^^^^^^^^^^^^^^^^^^^^^^^^^^^^^^
> 77 |       </section>
     | ^^^^^^
  78 |
  79 |       {/* Story & Tips Section */}
  80 |       <section className="bg-surface-alt py-20 px-6 md:px-12 w-full mt-12 relative overflow-hidden">

Parsing ecmascript source code failed @ http://localhost:3000/_next/static/chunks/node_modules_next_dist_1gdrd03._.js:1945
[ 6835045ms] [ERROR] ./src/app/page.tsx:76:15
Expected '</', got 'jsx text'
  74 |             </div>
  75 |           </div>
> 76 |         </div>
     |               ^^^^^^^^^^^^^^^^^^^^^^^^^^^^^^^^^^^^^^^^^^^^^^^^^^^^^^^^^^^^^^^^^^^^^^^^^^^^^^^^^^^^^^^^^^^^^^^^^^^^^^^^^^^^^^^^^^^^^^^^^^^^^^^^^^^^^^^^^^^^^^^^^^^^^^^^^^^^^^^^^
> 77 |       </section>
     | ^^^^^^
  78 |
  79 |       {/* Story & Tips Section */}
  80 |       <section className="bg-surface-alt py-20 px-6 md:px-12 w-full mt-12 relative overflow-hidden">

Parsing ecmascript source code failed @ http://localhost:3000/_next/static/chunks/node_modules_next_dist_1gdrd03._.js:1945
[ 6835128ms] [ERROR] ./src/app/page.tsx:76:15
Expected '</', got 'jsx text'
  74 |             </div>
  75 |           </div>
> 76 |         </div>
     |               ^^^^^^^^^^^^^^^^^^^^^^^^^^^^^^^^^^^^^^^^^^^^^^^^^^^^^^^^^^^^^^^^^^^^^^^^^^^^^^^^^^^^^^^^^^^^^^^^^^^^^^^^^^^^^^^^^^^^^^^^^^^^^^^^^^^^^^^^^^^^^^^^^^^^^^^^^^^^^^^^^
> 77 |       </section>
     | ^^^^^^
  78 |
  79 |       {/* Story & Tips Section */}
  80 |       <section className="bg-surface-alt py-20 px-6 md:px-12 w-full mt-12 relative overflow-hidden">

Parsing ecmascript source code failed @ http://localhost:3000/_next/static/chunks/node_modules_next_dist_1gdrd03._.js:1945
[ 6835185ms] [ERROR] ./src/app/page.tsx:76:15
Expected '</', got 'jsx text'
  74 |             </div>
  75 |           </div>
> 76 |         </div>
     |               ^^^^^^^^^^^^^^^^^^^^^^^^^^^^^^^^^^^^^^^^^^^^^^^^^^^^^^^^^^^^^^^^^^^^^^^^^^^^^^^^^^^^^^^^^^^^^^^^^^^^^^^^^^^^^^^^^^^^^^^^^^^^^^^^^^^^^^^^^^^^^^^^^^^^^^^^^^^^^^^^^
> 77 |       </section>
     | ^^^^^^
  78 |
  79 |       {/* Story & Tips Section */}
  80 |       <section className="bg-surface-alt py-20 px-6 md:px-12 w-full mt-12 relative overflow-hidden">

Parsing ecmascript source code failed @ http://localhost:3000/_next/static/chunks/node_modules_next_dist_1gdrd03._.js:1945
[ 6835248ms] [ERROR] ./src/app/page.tsx:76:15
Expected '</', got 'jsx text'
  74 |             </div>
  75 |           </div>
> 76 |         </div>
     |               ^^^^^^^^^^^^^^^^^^^^^^^^^^^^^^^^^^^^^^^^^^^^^^^^^^^^^^^^^^^^^^^^^^^^^^^^^^^^^^^^^^^^^^^^^^^^^^^^^^^^^^^^^^^^^^^^^^^^^^^^^^^^^^^^^^^^^^^^^^^^^^^^^^^^^^^^^^^^^^^^^
> 77 |       </section>
     | ^^^^^^
  78 |
  79 |       {/* Story & Tips Section */}
  80 |       <section className="bg-surface-alt py-20 px-6 md:px-12 w-full mt-12 relative overflow-hidden">

Parsing ecmascript source code failed @ http://localhost:3000/_next/static/chunks/node_modules_next_dist_1gdrd03._.js:1945
[ 6835326ms] [ERROR] ./src/app/page.tsx:76:15
Expected '</', got 'jsx text'
  74 |             </div>
  75 |           </div>
> 76 |         </div>
     |               ^^^^^^^^^^^^^^^^^^^^^^^^^^^^^^^^^^^^^^^^^^^^^^^^^^^^^^^^^^^^^^^^^^^^^^^^^^^^^^^^^^^^^^^^^^^^^^^^^^^^^^^^^^^^^^^^^^^^^^^^^^^^^^^^^^^^^^^^^^^^^^^^^^^^^^^^^^^^^^^^^
> 77 |       </section>
     | ^^^^^^
  78 |
  79 |       {/* Story & Tips Section */}
  80 |       <section className="bg-surface-alt py-20 px-6 md:px-12 w-full mt-12 relative overflow-hidden">

Parsing ecmascript source code failed @ http://localhost:3000/_next/static/chunks/node_modules_next_dist_1gdrd03._.js:1945
[ 6835386ms] [ERROR] ./src/app/page.tsx:76:15
Expected '</', got 'jsx text'
  74 |             </div>
  75 |           </div>
> 76 |         </div>
     |               ^^^^^^^^^^^^^^^^^^^^^^^^^^^^^^^^^^^^^^^^^^^^^^^^^^^^^^^^^^^^^^^^^^^^^^^^^^^^^^^^^^^^^^^^^^^^^^^^^^^^^^^^^^^^^^^^^^^^^^^^^^^^^^^^^^^^^^^^^^^^^^^^^^^^^^^^^^^^^^^^^
> 77 |       </section>
     | ^^^^^^
  78 |
  79 |       {/* Story & Tips Section */}
  80 |       <section className="bg-surface-alt py-20 px-6 md:px-12 w-full mt-12 relative overflow-hidden">

Parsing ecmascript source code failed @ http://localhost:3000/_next/static/chunks/node_modules_next_dist_1gdrd03._.js:1945
[ 6835448ms] [ERROR] ./src/app/page.tsx:76:15
Expected '</', got 'jsx text'
  74 |             </div>
  75 |           </div>
> 76 |         </div>
     |               ^^^^^^^^^^^^^^^^^^^^^^^^^^^^^^^^^^^^^^^^^^^^^^^^^^^^^^^^^^^^^^^^^^^^^^^^^^^^^^^^^^^^^^^^^^^^^^^^^^^^^^^^^^^^^^^^^^^^^^^^^^^^^^^^^^^^^^^^^^^^^^^^^^^^^^^^^^^^^^^^^
> 77 |       </section>
     | ^^^^^^
  78 |
  79 |       {/* Story & Tips Section */}
  80 |       <section className="bg-surface-alt py-20 px-6 md:px-12 w-full mt-12 relative overflow-hidden">

Parsing ecmascript source code failed @ http://localhost:3000/_next/static/chunks/node_modules_next_dist_1gdrd03._.js:1945
[ 6835508ms] [ERROR] ./src/app/page.tsx:76:15
Expected '</', got 'jsx text'
  74 |             </div>
  75 |           </div>
> 76 |         </div>
     |               ^^^^^^^^^^^^^^^^^^^^^^^^^^^^^^^^^^^^^^^^^^^^^^^^^^^^^^^^^^^^^^^^^^^^^^^^^^^^^^^^^^^^^^^^^^^^^^^^^^^^^^^^^^^^^^^^^^^^^^^^^^^^^^^^^^^^^^^^^^^^^^^^^^^^^^^^^^^^^^^^^
> 77 |       </section>
     | ^^^^^^
  78 |
  79 |       {/* Story & Tips Section */}
  80 |       <section className="bg-surface-alt py-20 px-6 md:px-12 w-full mt-12 relative overflow-hidden">

Parsing ecmascript source code failed @ http://localhost:3000/_next/static/chunks/node_modules_next_dist_1gdrd03._.js:1945
[ 6835571ms] [ERROR] ./src/app/page.tsx:76:15
Expected '</', got 'jsx text'
  74 |             </div>
  75 |           </div>
> 76 |         </div>
     |               ^^^^^^^^^^^^^^^^^^^^^^^^^^^^^^^^^^^^^^^^^^^^^^^^^^^^^^^^^^^^^^^^^^^^^^^^^^^^^^^^^^^^^^^^^^^^^^^^^^^^^^^^^^^^^^^^^^^^^^^^^^^^^^^^^^^^^^^^^^^^^^^^^^^^^^^^^^^^^^^^^
> 77 |       </section>
     | ^^^^^^
  78 |
  79 |       {/* Story & Tips Section */}
  80 |       <section className="bg-surface-alt py-20 px-6 md:px-12 w-full mt-12 relative overflow-hidden">

Parsing ecmascript source code failed @ http://localhost:3000/_next/static/chunks/node_modules_next_dist_1gdrd03._.js:1945
[ 6835634ms] [ERROR] ./src/app/page.tsx:76:15
Expected '</', got 'jsx text'
  74 |             </div>
  75 |           </div>
> 76 |         </div>
     |               ^^^^^^^^^^^^^^^^^^^^^^^^^^^^^^^^^^^^^^^^^^^^^^^^^^^^^^^^^^^^^^^^^^^^^^^^^^^^^^^^^^^^^^^^^^^^^^^^^^^^^^^^^^^^^^^^^^^^^^^^^^^^^^^^^^^^^^^^^^^^^^^^^^^^^^^^^^^^^^^^^
> 77 |       </section>
     | ^^^^^^
  78 |
  79 |       {/* Story & Tips Section */}
  80 |       <section className="bg-surface-alt py-20 px-6 md:px-12 w-full mt-12 relative overflow-hidden">

Parsing ecmascript source code failed @ http://localhost:3000/_next/static/chunks/node_modules_next_dist_1gdrd03._.js:1945
[ 6835693ms] [ERROR] ./src/app/page.tsx:76:15
Expected '</', got 'jsx text'
  74 |             </div>
  75 |           </div>
> 76 |         </div>
     |               ^^^^^^^^^^^^^^^^^^^^^^^^^^^^^^^^^^^^^^^^^^^^^^^^^^^^^^^^^^^^^^^^^^^^^^^^^^^^^^^^^^^^^^^^^^^^^^^^^^^^^^^^^^^^^^^^^^^^^^^^^^^^^^^^^^^^^^^^^^^^^^^^^^^^^^^^^^^^^^^^^
> 77 |       </section>
     | ^^^^^^
  78 |
  79 |       {/* Story & Tips Section */}
  80 |       <section className="bg-surface-alt py-20 px-6 md:px-12 w-full mt-12 relative overflow-hidden">

Parsing ecmascript source code failed @ http://localhost:3000/_next/static/chunks/node_modules_next_dist_1gdrd03._.js:1945
[ 6835757ms] [ERROR] ./src/app/page.tsx:76:15
Expected '</', got 'jsx text'
  74 |             </div>
  75 |           </div>
> 76 |         </div>
     |               ^^^^^^^^^^^^^^^^^^^^^^^^^^^^^^^^^^^^^^^^^^^^^^^^^^^^^^^^^^^^^^^^^^^^^^^^^^^^^^^^^^^^^^^^^^^^^^^^^^^^^^^^^^^^^^^^^^^^^^^^^^^^^^^^^^^^^^^^^^^^^^^^^^^^^^^^^^^^^^^^^
> 77 |       </section>
     | ^^^^^^
  78 |
  79 |       {/* Story & Tips Section */}
  80 |       <section className="bg-surface-alt py-20 px-6 md:px-12 w-full mt-12 relative overflow-hidden">

Parsing ecmascript source code failed @ http://localhost:3000/_next/static/chunks/node_modules_next_dist_1gdrd03._.js:1945
[ 6835818ms] [ERROR] ./src/app/page.tsx:76:15
Expected '</', got 'jsx text'
  74 |             </div>
  75 |           </div>
> 76 |         </div>
     |               ^^^^^^^^^^^^^^^^^^^^^^^^^^^^^^^^^^^^^^^^^^^^^^^^^^^^^^^^^^^^^^^^^^^^^^^^^^^^^^^^^^^^^^^^^^^^^^^^^^^^^^^^^^^^^^^^^^^^^^^^^^^^^^^^^^^^^^^^^^^^^^^^^^^^^^^^^^^^^^^^^
> 77 |       </section>
     | ^^^^^^
  78 |
  79 |       {/* Story & Tips Section */}
  80 |       <section className="bg-surface-alt py-20 px-6 md:px-12 w-full mt-12 relative overflow-hidden">

Parsing ecmascript source code failed @ http://localhost:3000/_next/static/chunks/node_modules_next_dist_1gdrd03._.js:1945
[ 6835880ms] [ERROR] ./src/app/page.tsx:76:15
Expected '</', got 'jsx text'
  74 |             </div>
  75 |           </div>
> 76 |         </div>
     |               ^^^^^^^^^^^^^^^^^^^^^^^^^^^^^^^^^^^^^^^^^^^^^^^^^^^^^^^^^^^^^^^^^^^^^^^^^^^^^^^^^^^^^^^^^^^^^^^^^^^^^^^^^^^^^^^^^^^^^^^^^^^^^^^^^^^^^^^^^^^^^^^^^^^^^^^^^^^^^^^^^
> 77 |       </section>
     | ^^^^^^
  78 |
  79 |       {/* Story & Tips Section */}
  80 |       <section className="bg-surface-alt py-20 px-6 md:px-12 w-full mt-12 relative overflow-hidden">

Parsing ecmascript source code failed @ http://localhost:3000/_next/static/chunks/node_modules_next_dist_1gdrd03._.js:1945
[ 6835944ms] [ERROR] ./src/app/page.tsx:76:15
Expected '</', got 'jsx text'
  74 |             </div>
  75 |           </div>
> 76 |         </div>
     |               ^^^^^^^^^^^^^^^^^^^^^^^^^^^^^^^^^^^^^^^^^^^^^^^^^^^^^^^^^^^^^^^^^^^^^^^^^^^^^^^^^^^^^^^^^^^^^^^^^^^^^^^^^^^^^^^^^^^^^^^^^^^^^^^^^^^^^^^^^^^^^^^^^^^^^^^^^^^^^^^^^
> 77 |       </section>
     | ^^^^^^
  78 |
  79 |       {/* Story & Tips Section */}
  80 |       <section className="bg-surface-alt py-20 px-6 md:px-12 w-full mt-12 relative overflow-hidden">

Parsing ecmascript source code failed @ http://localhost:3000/_next/static/chunks/node_modules_next_dist_1gdrd03._.js:1945
[ 6836004ms] [ERROR] ./src/app/page.tsx:76:15
Expected '</', got 'jsx text'
  74 |             </div>
  75 |           </div>
> 76 |         </div>
     |               ^^^^^^^^^^^^^^^^^^^^^^^^^^^^^^^^^^^^^^^^^^^^^^^^^^^^^^^^^^^^^^^^^^^^^^^^^^^^^^^^^^^^^^^^^^^^^^^^^^^^^^^^^^^^^^^^^^^^^^^^^^^^^^^^^^^^^^^^^^^^^^^^^^^^^^^^^^^^^^^^^
> 77 |       </section>
     | ^^^^^^
  78 |
  79 |       {/* Story & Tips Section */}
  80 |       <section className="bg-surface-alt py-20 px-6 md:px-12 w-full mt-12 relative overflow-hidden">

Parsing ecmascript source code failed @ http://localhost:3000/_next/static/chunks/node_modules_next_dist_1gdrd03._.js:1945
[ 6836157ms] [ERROR] ./src/app/page.tsx:76:15
Expected '</', got 'jsx text'
  74 |             </div>
  75 |           </div>
> 76 |         </div>
     |               ^^^^^^^^^^^^^^^^^^^^^^^^^^^^^^^^^^^^^^^^^^^^^^^^^^^^^^^^^^^^^^^^^^^^^^^^^^^^^^^^^^^^^^^^^^^^^^^^^^^^^^^^^^^^^^^^^^^^^^^^^^^^^^^^^^^^^^^^^^^^^^^^^^^^^^^^^^^^^^^^^
> 77 |       </section>
     | ^^^^^^
  78 |
  79 |       {/* Story & Tips Section */}
  80 |       <section className="bg-surface-alt py-20 px-6 md:px-12 w-full mt-12 relative overflow-hidden">

Parsing ecmascript source code failed @ http://localhost:3000/_next/static/chunks/node_modules_next_dist_1gdrd03._.js:1945
[ 6836158ms] [LOG] [Fast Refresh] rebuilding @ http://localhost:3000/_next/static/chunks/node_modules_next_dist_1gdrd03._.js:1226
[ 6836219ms] [ERROR] ./src/app/page.tsx:76:15
Expected '</', got 'jsx text'
  74 |             </div>
  75 |           </div>
> 76 |         </div>
     |               ^^^^^^^^^^^^^^^^^^^^^^^^^^^^^^^^^^^^^^^^^^^^^^^^^^^^^^^^^^^^^^^^^^^^^^^^^^^^^^^^^^^^^^^^^^^^^^^^^^^^^^^^^^^^^^^^^^^^^^^^^^^^^^^^^^^^^^^^^^^^^^^^^^^^^^^^^^^^^^^^^
> 77 |       </section>
     | ^^^^^^
  78 |
  79 |       {/* Story & Tips Section */}
  80 |       <section className="bg-surface-alt py-20 px-6 md:px-12 w-full mt-12 relative overflow-hidden">

Parsing ecmascript source code failed @ http://localhost:3000/_next/static/chunks/node_modules_next_dist_1gdrd03._.js:1945
[ 6836282ms] [ERROR] ./src/app/page.tsx:76:15
Expected '</', got 'jsx text'
  74 |             </div>
  75 |           </div>
> 76 |         </div>
     |               ^^^^^^^^^^^^^^^^^^^^^^^^^^^^^^^^^^^^^^^^^^^^^^^^^^^^^^^^^^^^^^^^^^^^^^^^^^^^^^^^^^^^^^^^^^^^^^^^^^^^^^^^^^^^^^^^^^^^^^^^^^^^^^^^^^^^^^^^^^^^^^^^^^^^^^^^^^^^^^^^^
> 77 |       </section>
     | ^^^^^^
  78 |
  79 |       {/* Story & Tips Section */}
  80 |       <section className="bg-surface-alt py-20 px-6 md:px-12 w-full mt-12 relative overflow-hidden">

Parsing ecmascript source code failed @ http://localhost:3000/_next/static/chunks/node_modules_next_dist_1gdrd03._.js:1945
[ 6836343ms] [ERROR] ./src/app/page.tsx:76:15
Expected '</', got 'jsx text'
  74 |             </div>
  75 |           </div>
> 76 |         </div>
     |               ^^^^^^^^^^^^^^^^^^^^^^^^^^^^^^^^^^^^^^^^^^^^^^^^^^^^^^^^^^^^^^^^^^^^^^^^^^^^^^^^^^^^^^^^^^^^^^^^^^^^^^^^^^^^^^^^^^^^^^^^^^^^^^^^^^^^^^^^^^^^^^^^^^^^^^^^^^^^^^^^^
> 77 |       </section>
     | ^^^^^^
  78 |
  79 |       {/* Story & Tips Section */}
  80 |       <section className="bg-surface-alt py-20 px-6 md:px-12 w-full mt-12 relative overflow-hidden">

Parsing ecmascript source code failed @ http://localhost:3000/_next/static/chunks/node_modules_next_dist_1gdrd03._.js:1945
[ 6836405ms] [ERROR] ./src/app/page.tsx:76:15
Expected '</', got 'jsx text'
  74 |             </div>
  75 |           </div>
> 76 |         </div>
     |               ^^^^^^^^^^^^^^^^^^^^^^^^^^^^^^^^^^^^^^^^^^^^^^^^^^^^^^^^^^^^^^^^^^^^^^^^^^^^^^^^^^^^^^^^^^^^^^^^^^^^^^^^^^^^^^^^^^^^^^^^^^^^^^^^^^^^^^^^^^^^^^^^^^^^^^^^^^^^^^^^^
> 77 |       </section>
     | ^^^^^^
  78 |
  79 |       {/* Story & Tips Section */}
  80 |       <section className="bg-surface-alt py-20 px-6 md:px-12 w-full mt-12 relative overflow-hidden">

Parsing ecmascript source code failed @ http://localhost:3000/_next/static/chunks/node_modules_next_dist_1gdrd03._.js:1945
[ 6836467ms] [ERROR] ./src/app/page.tsx:76:15
Expected '</', got 'jsx text'
  74 |             </div>
  75 |           </div>
> 76 |         </div>
     |               ^^^^^^^^^^^^^^^^^^^^^^^^^^^^^^^^^^^^^^^^^^^^^^^^^^^^^^^^^^^^^^^^^^^^^^^^^^^^^^^^^^^^^^^^^^^^^^^^^^^^^^^^^^^^^^^^^^^^^^^^^^^^^^^^^^^^^^^^^^^^^^^^^^^^^^^^^^^^^^^^^
> 77 |       </section>
     | ^^^^^^
  78 |
  79 |       {/* Story & Tips Section */}
  80 |       <section className="bg-surface-alt py-20 px-6 md:px-12 w-full mt-12 relative overflow-hidden">

Parsing ecmascript source code failed @ http://localhost:3000/_next/static/chunks/node_modules_next_dist_1gdrd03._.js:1945
[ 6836528ms] [ERROR] ./src/app/page.tsx:76:15
Expected '</', got 'jsx text'
  74 |             </div>
  75 |           </div>
> 76 |         </div>
     |               ^^^^^^^^^^^^^^^^^^^^^^^^^^^^^^^^^^^^^^^^^^^^^^^^^^^^^^^^^^^^^^^^^^^^^^^^^^^^^^^^^^^^^^^^^^^^^^^^^^^^^^^^^^^^^^^^^^^^^^^^^^^^^^^^^^^^^^^^^^^^^^^^^^^^^^^^^^^^^^^^^
> 77 |       </section>
     | ^^^^^^
  78 |
  79 |       {/* Story & Tips Section */}
  80 |       <section className="bg-surface-alt py-20 px-6 md:px-12 w-full mt-12 relative overflow-hidden">

Parsing ecmascript source code failed @ http://localhost:3000/_next/static/chunks/node_modules_next_dist_1gdrd03._.js:1945
[ 6836590ms] [ERROR] ./src/app/page.tsx:76:15
Expected '</', got 'jsx text'
  74 |             </div>
  75 |           </div>
> 76 |         </div>
     |               ^^^^^^^^^^^^^^^^^^^^^^^^^^^^^^^^^^^^^^^^^^^^^^^^^^^^^^^^^^^^^^^^^^^^^^^^^^^^^^^^^^^^^^^^^^^^^^^^^^^^^^^^^^^^^^^^^^^^^^^^^^^^^^^^^^^^^^^^^^^^^^^^^^^^^^^^^^^^^^^^^
> 77 |       </section>
     | ^^^^^^
  78 |
  79 |       {/* Story & Tips Section */}
  80 |       <section className="bg-surface-alt py-20 px-6 md:px-12 w-full mt-12 relative overflow-hidden">

Parsing ecmascript source code failed @ http://localhost:3000/_next/static/chunks/node_modules_next_dist_1gdrd03._.js:1945
[ 6836651ms] [ERROR] ./src/app/page.tsx:76:15
Expected '</', got 'jsx text'
  74 |             </div>
  75 |           </div>
> 76 |         </div>
     |               ^^^^^^^^^^^^^^^^^^^^^^^^^^^^^^^^^^^^^^^^^^^^^^^^^^^^^^^^^^^^^^^^^^^^^^^^^^^^^^^^^^^^^^^^^^^^^^^^^^^^^^^^^^^^^^^^^^^^^^^^^^^^^^^^^^^^^^^^^^^^^^^^^^^^^^^^^^^^^^^^^
> 77 |       </section>
     | ^^^^^^
  78 |
  79 |       {/* Story & Tips Section */}
  80 |       <section className="bg-surface-alt py-20 px-6 md:px-12 w-full mt-12 relative overflow-hidden">

Parsing ecmascript source code failed @ http://localhost:3000/_next/static/chunks/node_modules_next_dist_1gdrd03._.js:1945
[ 6836727ms] [ERROR] ./src/app/page.tsx:76:15
Expected '</', got 'jsx text'
  74 |             </div>
  75 |           </div>
> 76 |         </div>
     |               ^^^^^^^^^^^^^^^^^^^^^^^^^^^^^^^^^^^^^^^^^^^^^^^^^^^^^^^^^^^^^^^^^^^^^^^^^^^^^^^^^^^^^^^^^^^^^^^^^^^^^^^^^^^^^^^^^^^^^^^^^^^^^^^^^^^^^^^^^^^^^^^^^^^^^^^^^^^^^^^^^
> 77 |       </section>
     | ^^^^^^
  78 |
  79 |       {/* Story & Tips Section */}
  80 |       <section className="bg-surface-alt py-20 px-6 md:px-12 w-full mt-12 relative overflow-hidden">

Parsing ecmascript source code failed @ http://localhost:3000/_next/static/chunks/node_modules_next_dist_1gdrd03._.js:1945
[ 6836789ms] [ERROR] ./src/app/page.tsx:76:15
Expected '</', got 'jsx text'
  74 |             </div>
  75 |           </div>
> 76 |         </div>
     |               ^^^^^^^^^^^^^^^^^^^^^^^^^^^^^^^^^^^^^^^^^^^^^^^^^^^^^^^^^^^^^^^^^^^^^^^^^^^^^^^^^^^^^^^^^^^^^^^^^^^^^^^^^^^^^^^^^^^^^^^^^^^^^^^^^^^^^^^^^^^^^^^^^^^^^^^^^^^^^^^^^
> 77 |       </section>
     | ^^^^^^
  78 |
  79 |       {/* Story & Tips Section */}
  80 |       <section className="bg-surface-alt py-20 px-6 md:px-12 w-full mt-12 relative overflow-hidden">

Parsing ecmascript source code failed @ http://localhost:3000/_next/static/chunks/node_modules_next_dist_1gdrd03._.js:1945
[ 6836853ms] [ERROR] ./src/app/page.tsx:76:15
Expected '</', got 'jsx text'
  74 |             </div>
  75 |           </div>
> 76 |         </div>
     |               ^^^^^^^^^^^^^^^^^^^^^^^^^^^^^^^^^^^^^^^^^^^^^^^^^^^^^^^^^^^^^^^^^^^^^^^^^^^^^^^^^^^^^^^^^^^^^^^^^^^^^^^^^^^^^^^^^^^^^^^^^^^^^^^^^^^^^^^^^^^^^^^^^^^^^^^^^^^^^^^^^
> 77 |       </section>
     | ^^^^^^
  78 |
  79 |       {/* Story & Tips Section */}
  80 |       <section className="bg-surface-alt py-20 px-6 md:px-12 w-full mt-12 relative overflow-hidden">

Parsing ecmascript source code failed @ http://localhost:3000/_next/static/chunks/node_modules_next_dist_1gdrd03._.js:1945
[ 6836916ms] [ERROR] ./src/app/page.tsx:76:15
Expected '</', got 'jsx text'
  74 |             </div>
  75 |           </div>
> 76 |         </div>
     |               ^^^^^^^^^^^^^^^^^^^^^^^^^^^^^^^^^^^^^^^^^^^^^^^^^^^^^^^^^^^^^^^^^^^^^^^^^^^^^^^^^^^^^^^^^^^^^^^^^^^^^^^^^^^^^^^^^^^^^^^^^^^^^^^^^^^^^^^^^^^^^^^^^^^^^^^^^^^^^^^^^
> 77 |       </section>
     | ^^^^^^
  78 |
  79 |       {/* Story & Tips Section */}
  80 |       <section className="bg-surface-alt py-20 px-6 md:px-12 w-full mt-12 relative overflow-hidden">

Parsing ecmascript source code failed @ http://localhost:3000/_next/static/chunks/node_modules_next_dist_1gdrd03._.js:1945
[ 6836978ms] [ERROR] ./src/app/page.tsx:76:15
Expected '</', got 'jsx text'
  74 |             </div>
  75 |           </div>
> 76 |         </div>
     |               ^^^^^^^^^^^^^^^^^^^^^^^^^^^^^^^^^^^^^^^^^^^^^^^^^^^^^^^^^^^^^^^^^^^^^^^^^^^^^^^^^^^^^^^^^^^^^^^^^^^^^^^^^^^^^^^^^^^^^^^^^^^^^^^^^^^^^^^^^^^^^^^^^^^^^^^^^^^^^^^^^
> 77 |       </section>
     | ^^^^^^
  78 |
  79 |       {/* Story & Tips Section */}
  80 |       <section className="bg-surface-alt py-20 px-6 md:px-12 w-full mt-12 relative overflow-hidden">

Parsing ecmascript source code failed @ http://localhost:3000/_next/static/chunks/node_modules_next_dist_1gdrd03._.js:1945
[ 6837040ms] [ERROR] ./src/app/page.tsx:76:15
Expected '</', got 'jsx text'
  74 |             </div>
  75 |           </div>
> 76 |         </div>
     |               ^^^^^^^^^^^^^^^^^^^^^^^^^^^^^^^^^^^^^^^^^^^^^^^^^^^^^^^^^^^^^^^^^^^^^^^^^^^^^^^^^^^^^^^^^^^^^^^^^^^^^^^^^^^^^^^^^^^^^^^^^^^^^^^^^^^^^^^^^^^^^^^^^^^^^^^^^^^^^^^^^
> 77 |       </section>
     | ^^^^^^
  78 |
  79 |       {/* Story & Tips Section */}
  80 |       <section className="bg-surface-alt py-20 px-6 md:px-12 w-full mt-12 relative overflow-hidden">

Parsing ecmascript source code failed @ http://localhost:3000/_next/static/chunks/node_modules_next_dist_1gdrd03._.js:1945
[ 6837101ms] [ERROR] ./src/app/page.tsx:76:15
Expected '</', got 'jsx text'
  74 |             </div>
  75 |           </div>
> 76 |         </div>
     |               ^^^^^^^^^^^^^^^^^^^^^^^^^^^^^^^^^^^^^^^^^^^^^^^^^^^^^^^^^^^^^^^^^^^^^^^^^^^^^^^^^^^^^^^^^^^^^^^^^^^^^^^^^^^^^^^^^^^^^^^^^^^^^^^^^^^^^^^^^^^^^^^^^^^^^^^^^^^^^^^^^
> 77 |       </section>
     | ^^^^^^
  78 |
  79 |       {/* Story & Tips Section */}
  80 |       <section className="bg-surface-alt py-20 px-6 md:px-12 w-full mt-12 relative overflow-hidden">

Parsing ecmascript source code failed @ http://localhost:3000/_next/static/chunks/node_modules_next_dist_1gdrd03._.js:1945
[ 6837164ms] [ERROR] ./src/app/page.tsx:76:15
Expected '</', got 'jsx text'
  74 |             </div>
  75 |           </div>
> 76 |         </div>
     |               ^^^^^^^^^^^^^^^^^^^^^^^^^^^^^^^^^^^^^^^^^^^^^^^^^^^^^^^^^^^^^^^^^^^^^^^^^^^^^^^^^^^^^^^^^^^^^^^^^^^^^^^^^^^^^^^^^^^^^^^^^^^^^^^^^^^^^^^^^^^^^^^^^^^^^^^^^^^^^^^^^
> 77 |       </section>
     | ^^^^^^
  78 |
  79 |       {/* Story & Tips Section */}
  80 |       <section className="bg-surface-alt py-20 px-6 md:px-12 w-full mt-12 relative overflow-hidden">

Parsing ecmascript source code failed @ http://localhost:3000/_next/static/chunks/node_modules_next_dist_1gdrd03._.js:1945
[ 6837224ms] [ERROR] ./src/app/page.tsx:76:15
Expected '</', got 'jsx text'
  74 |             </div>
  75 |           </div>
> 76 |         </div>
     |               ^^^^^^^^^^^^^^^^^^^^^^^^^^^^^^^^^^^^^^^^^^^^^^^^^^^^^^^^^^^^^^^^^^^^^^^^^^^^^^^^^^^^^^^^^^^^^^^^^^^^^^^^^^^^^^^^^^^^^^^^^^^^^^^^^^^^^^^^^^^^^^^^^^^^^^^^^^^^^^^^^
> 77 |       </section>
     | ^^^^^^
  78 |
  79 |       {/* Story & Tips Section */}
  80 |       <section className="bg-surface-alt py-20 px-6 md:px-12 w-full mt-12 relative overflow-hidden">

Parsing ecmascript source code failed @ http://localhost:3000/_next/static/chunks/node_modules_next_dist_1gdrd03._.js:1945
[ 6837286ms] [ERROR] ./src/app/page.tsx:76:15
Expected '</', got 'jsx text'
  74 |             </div>
  75 |           </div>
> 76 |         </div>
     |               ^^^^^^^^^^^^^^^^^^^^^^^^^^^^^^^^^^^^^^^^^^^^^^^^^^^^^^^^^^^^^^^^^^^^^^^^^^^^^^^^^^^^^^^^^^^^^^^^^^^^^^^^^^^^^^^^^^^^^^^^^^^^^^^^^^^^^^^^^^^^^^^^^^^^^^^^^^^^^^^^^
> 77 |       </section>
     | ^^^^^^
  78 |
  79 |       {/* Story & Tips Section */}
  80 |       <section className="bg-surface-alt py-20 px-6 md:px-12 w-full mt-12 relative overflow-hidden">

Parsing ecmascript source code failed @ http://localhost:3000/_next/static/chunks/node_modules_next_dist_1gdrd03._.js:1945
[ 6837348ms] [ERROR] ./src/app/page.tsx:76:15
Expected '</', got 'jsx text'
  74 |             </div>
  75 |           </div>
> 76 |         </div>
     |               ^^^^^^^^^^^^^^^^^^^^^^^^^^^^^^^^^^^^^^^^^^^^^^^^^^^^^^^^^^^^^^^^^^^^^^^^^^^^^^^^^^^^^^^^^^^^^^^^^^^^^^^^^^^^^^^^^^^^^^^^^^^^^^^^^^^^^^^^^^^^^^^^^^^^^^^^^^^^^^^^^
> 77 |       </section>
     | ^^^^^^
  78 |
  79 |       {/* Story & Tips Section */}
  80 |       <section className="bg-surface-alt py-20 px-6 md:px-12 w-full mt-12 relative overflow-hidden">

Parsing ecmascript source code failed @ http://localhost:3000/_next/static/chunks/node_modules_next_dist_1gdrd03._.js:1945
[ 6837409ms] [ERROR] ./src/app/page.tsx:76:15
Expected '</', got 'jsx text'
  74 |             </div>
  75 |           </div>
> 76 |         </div>
     |               ^^^^^^^^^^^^^^^^^^^^^^^^^^^^^^^^^^^^^^^^^^^^^^^^^^^^^^^^^^^^^^^^^^^^^^^^^^^^^^^^^^^^^^^^^^^^^^^^^^^^^^^^^^^^^^^^^^^^^^^^^^^^^^^^^^^^^^^^^^^^^^^^^^^^^^^^^^^^^^^^^
> 77 |       </section>
     | ^^^^^^
  78 |
  79 |       {/* Story & Tips Section */}
  80 |       <section className="bg-surface-alt py-20 px-6 md:px-12 w-full mt-12 relative overflow-hidden">

Parsing ecmascript source code failed @ http://localhost:3000/_next/static/chunks/node_modules_next_dist_1gdrd03._.js:1945
[ 6837470ms] [ERROR] ./src/app/page.tsx:76:15
Expected '</', got 'jsx text'
  74 |             </div>
  75 |           </div>
> 76 |         </div>
     |               ^^^^^^^^^^^^^^^^^^^^^^^^^^^^^^^^^^^^^^^^^^^^^^^^^^^^^^^^^^^^^^^^^^^^^^^^^^^^^^^^^^^^^^^^^^^^^^^^^^^^^^^^^^^^^^^^^^^^^^^^^^^^^^^^^^^^^^^^^^^^^^^^^^^^^^^^^^^^^^^^^
> 77 |       </section>
     | ^^^^^^
  78 |
  79 |       {/* Story & Tips Section */}
  80 |       <section className="bg-surface-alt py-20 px-6 md:px-12 w-full mt-12 relative overflow-hidden">

Parsing ecmascript source code failed @ http://localhost:3000/_next/static/chunks/node_modules_next_dist_1gdrd03._.js:1945
[ 6837532ms] [ERROR] ./src/app/page.tsx:76:15
Expected '</', got 'jsx text'
  74 |             </div>
  75 |           </div>
> 76 |         </div>
     |               ^^^^^^^^^^^^^^^^^^^^^^^^^^^^^^^^^^^^^^^^^^^^^^^^^^^^^^^^^^^^^^^^^^^^^^^^^^^^^^^^^^^^^^^^^^^^^^^^^^^^^^^^^^^^^^^^^^^^^^^^^^^^^^^^^^^^^^^^^^^^^^^^^^^^^^^^^^^^^^^^^
> 77 |       </section>
     | ^^^^^^
  78 |
  79 |       {/* Story & Tips Section */}
  80 |       <section className="bg-surface-alt py-20 px-6 md:px-12 w-full mt-12 relative overflow-hidden">

Parsing ecmascript source code failed @ http://localhost:3000/_next/static/chunks/node_modules_next_dist_1gdrd03._.js:1945
[ 6837594ms] [ERROR] ./src/app/page.tsx:76:15
Expected '</', got 'jsx text'
  74 |             </div>
  75 |           </div>
> 76 |         </div>
     |               ^^^^^^^^^^^^^^^^^^^^^^^^^^^^^^^^^^^^^^^^^^^^^^^^^^^^^^^^^^^^^^^^^^^^^^^^^^^^^^^^^^^^^^^^^^^^^^^^^^^^^^^^^^^^^^^^^^^^^^^^^^^^^^^^^^^^^^^^^^^^^^^^^^^^^^^^^^^^^^^^^
> 77 |       </section>
     | ^^^^^^
  78 |
  79 |       {/* Story & Tips Section */}
  80 |       <section className="bg-surface-alt py-20 px-6 md:px-12 w-full mt-12 relative overflow-hidden">

Parsing ecmascript source code failed @ http://localhost:3000/_next/static/chunks/node_modules_next_dist_1gdrd03._.js:1945
[ 6837655ms] [ERROR] ./src/app/page.tsx:76:15
Expected '</', got 'jsx text'
  74 |             </div>
  75 |           </div>
> 76 |         </div>
     |               ^^^^^^^^^^^^^^^^^^^^^^^^^^^^^^^^^^^^^^^^^^^^^^^^^^^^^^^^^^^^^^^^^^^^^^^^^^^^^^^^^^^^^^^^^^^^^^^^^^^^^^^^^^^^^^^^^^^^^^^^^^^^^^^^^^^^^^^^^^^^^^^^^^^^^^^^^^^^^^^^^
> 77 |       </section>
     | ^^^^^^
  78 |
  79 |       {/* Story & Tips Section */}
  80 |       <section className="bg-surface-alt py-20 px-6 md:px-12 w-full mt-12 relative overflow-hidden">

Parsing ecmascript source code failed @ http://localhost:3000/_next/static/chunks/node_modules_next_dist_1gdrd03._.js:1945
[ 6837718ms] [ERROR] ./src/app/page.tsx:76:15
Expected '</', got 'jsx text'
  74 |             </div>
  75 |           </div>
> 76 |         </div>
     |               ^^^^^^^^^^^^^^^^^^^^^^^^^^^^^^^^^^^^^^^^^^^^^^^^^^^^^^^^^^^^^^^^^^^^^^^^^^^^^^^^^^^^^^^^^^^^^^^^^^^^^^^^^^^^^^^^^^^^^^^^^^^^^^^^^^^^^^^^^^^^^^^^^^^^^^^^^^^^^^^^^
> 77 |       </section>
     | ^^^^^^
  78 |
  79 |       {/* Story & Tips Section */}
  80 |       <section className="bg-surface-alt py-20 px-6 md:px-12 w-full mt-12 relative overflow-hidden">

Parsing ecmascript source code failed @ http://localhost:3000/_next/static/chunks/node_modules_next_dist_1gdrd03._.js:1945
[ 6837777ms] [ERROR] ./src/app/page.tsx:76:15
Expected '</', got 'jsx text'
  74 |             </div>
  75 |           </div>
> 76 |         </div>
     |               ^^^^^^^^^^^^^^^^^^^^^^^^^^^^^^^^^^^^^^^^^^^^^^^^^^^^^^^^^^^^^^^^^^^^^^^^^^^^^^^^^^^^^^^^^^^^^^^^^^^^^^^^^^^^^^^^^^^^^^^^^^^^^^^^^^^^^^^^^^^^^^^^^^^^^^^^^^^^^^^^^
> 77 |       </section>
     | ^^^^^^
  78 |
  79 |       {/* Story & Tips Section */}
  80 |       <section className="bg-surface-alt py-20 px-6 md:px-12 w-full mt-12 relative overflow-hidden">

Parsing ecmascript source code failed @ http://localhost:3000/_next/static/chunks/node_modules_next_dist_1gdrd03._.js:1945
[ 6837840ms] [ERROR] ./src/app/page.tsx:76:15
Expected '</', got 'jsx text'
  74 |             </div>
  75 |           </div>
> 76 |         </div>
     |               ^^^^^^^^^^^^^^^^^^^^^^^^^^^^^^^^^^^^^^^^^^^^^^^^^^^^^^^^^^^^^^^^^^^^^^^^^^^^^^^^^^^^^^^^^^^^^^^^^^^^^^^^^^^^^^^^^^^^^^^^^^^^^^^^^^^^^^^^^^^^^^^^^^^^^^^^^^^^^^^^^
> 77 |       </section>
     | ^^^^^^
  78 |
  79 |       {/* Story & Tips Section */}
  80 |       <section className="bg-surface-alt py-20 px-6 md:px-12 w-full mt-12 relative overflow-hidden">

Parsing ecmascript source code failed @ http://localhost:3000/_next/static/chunks/node_modules_next_dist_1gdrd03._.js:1945
[ 6837903ms] [ERROR] ./src/app/page.tsx:76:15
Expected '</', got 'jsx text'
  74 |             </div>
  75 |           </div>
> 76 |         </div>
     |               ^^^^^^^^^^^^^^^^^^^^^^^^^^^^^^^^^^^^^^^^^^^^^^^^^^^^^^^^^^^^^^^^^^^^^^^^^^^^^^^^^^^^^^^^^^^^^^^^^^^^^^^^^^^^^^^^^^^^^^^^^^^^^^^^^^^^^^^^^^^^^^^^^^^^^^^^^^^^^^^^^
> 77 |       </section>
     | ^^^^^^
  78 |
  79 |       {/* Story & Tips Section */}
  80 |       <section className="bg-surface-alt py-20 px-6 md:px-12 w-full mt-12 relative overflow-hidden">

Parsing ecmascript source code failed @ http://localhost:3000/_next/static/chunks/node_modules_next_dist_1gdrd03._.js:1945
[ 6837964ms] [ERROR] ./src/app/page.tsx:76:15
Expected '</', got 'jsx text'
  74 |             </div>
  75 |           </div>
> 76 |         </div>
     |               ^^^^^^^^^^^^^^^^^^^^^^^^^^^^^^^^^^^^^^^^^^^^^^^^^^^^^^^^^^^^^^^^^^^^^^^^^^^^^^^^^^^^^^^^^^^^^^^^^^^^^^^^^^^^^^^^^^^^^^^^^^^^^^^^^^^^^^^^^^^^^^^^^^^^^^^^^^^^^^^^^
> 77 |       </section>
     | ^^^^^^
  78 |
  79 |       {/* Story & Tips Section */}
  80 |       <section className="bg-surface-alt py-20 px-6 md:px-12 w-full mt-12 relative overflow-hidden">

Parsing ecmascript source code failed @ http://localhost:3000/_next/static/chunks/node_modules_next_dist_1gdrd03._.js:1945
[ 6838025ms] [ERROR] ./src/app/page.tsx:76:15
Expected '</', got 'jsx text'
  74 |             </div>
  75 |           </div>
> 76 |         </div>
     |               ^^^^^^^^^^^^^^^^^^^^^^^^^^^^^^^^^^^^^^^^^^^^^^^^^^^^^^^^^^^^^^^^^^^^^^^^^^^^^^^^^^^^^^^^^^^^^^^^^^^^^^^^^^^^^^^^^^^^^^^^^^^^^^^^^^^^^^^^^^^^^^^^^^^^^^^^^^^^^^^^^
> 77 |       </section>
     | ^^^^^^
  78 |
  79 |       {/* Story & Tips Section */}
  80 |       <section className="bg-surface-alt py-20 px-6 md:px-12 w-full mt-12 relative overflow-hidden">

Parsing ecmascript source code failed @ http://localhost:3000/_next/static/chunks/node_modules_next_dist_1gdrd03._.js:1945
[ 6838087ms] [ERROR] ./src/app/page.tsx:76:15
Expected '</', got 'jsx text'
  74 |             </div>
  75 |           </div>
> 76 |         </div>
     |               ^^^^^^^^^^^^^^^^^^^^^^^^^^^^^^^^^^^^^^^^^^^^^^^^^^^^^^^^^^^^^^^^^^^^^^^^^^^^^^^^^^^^^^^^^^^^^^^^^^^^^^^^^^^^^^^^^^^^^^^^^^^^^^^^^^^^^^^^^^^^^^^^^^^^^^^^^^^^^^^^^
> 77 |       </section>
     | ^^^^^^
  78 |
  79 |       {/* Story & Tips Section */}
  80 |       <section className="bg-surface-alt py-20 px-6 md:px-12 w-full mt-12 relative overflow-hidden">

Parsing ecmascript source code failed @ http://localhost:3000/_next/static/chunks/node_modules_next_dist_1gdrd03._.js:1945
[ 6838149ms] [ERROR] ./src/app/page.tsx:76:15
Expected '</', got 'jsx text'
  74 |             </div>
  75 |           </div>
> 76 |         </div>
     |               ^^^^^^^^^^^^^^^^^^^^^^^^^^^^^^^^^^^^^^^^^^^^^^^^^^^^^^^^^^^^^^^^^^^^^^^^^^^^^^^^^^^^^^^^^^^^^^^^^^^^^^^^^^^^^^^^^^^^^^^^^^^^^^^^^^^^^^^^^^^^^^^^^^^^^^^^^^^^^^^^^
> 77 |       </section>
     | ^^^^^^
  78 |
  79 |       {/* Story & Tips Section */}
  80 |       <section className="bg-surface-alt py-20 px-6 md:px-12 w-full mt-12 relative overflow-hidden">

Parsing ecmascript source code failed @ http://localhost:3000/_next/static/chunks/node_modules_next_dist_1gdrd03._.js:1945
[ 6838211ms] [ERROR] ./src/app/page.tsx:76:15
Expected '</', got 'jsx text'
  74 |             </div>
  75 |           </div>
> 76 |         </div>
     |               ^^^^^^^^^^^^^^^^^^^^^^^^^^^^^^^^^^^^^^^^^^^^^^^^^^^^^^^^^^^^^^^^^^^^^^^^^^^^^^^^^^^^^^^^^^^^^^^^^^^^^^^^^^^^^^^^^^^^^^^^^^^^^^^^^^^^^^^^^^^^^^^^^^^^^^^^^^^^^^^^^
> 77 |       </section>
     | ^^^^^^
  78 |
  79 |       {/* Story & Tips Section */}
  80 |       <section className="bg-surface-alt py-20 px-6 md:px-12 w-full mt-12 relative overflow-hidden">

Parsing ecmascript source code failed @ http://localhost:3000/_next/static/chunks/node_modules_next_dist_1gdrd03._.js:1945
[ 6838275ms] [ERROR] ./src/app/page.tsx:76:15
Expected '</', got 'jsx text'
  74 |             </div>
  75 |           </div>
> 76 |         </div>
     |               ^^^^^^^^^^^^^^^^^^^^^^^^^^^^^^^^^^^^^^^^^^^^^^^^^^^^^^^^^^^^^^^^^^^^^^^^^^^^^^^^^^^^^^^^^^^^^^^^^^^^^^^^^^^^^^^^^^^^^^^^^^^^^^^^^^^^^^^^^^^^^^^^^^^^^^^^^^^^^^^^^
> 77 |       </section>
     | ^^^^^^
  78 |
  79 |       {/* Story & Tips Section */}
  80 |       <section className="bg-surface-alt py-20 px-6 md:px-12 w-full mt-12 relative overflow-hidden">

Parsing ecmascript source code failed @ http://localhost:3000/_next/static/chunks/node_modules_next_dist_1gdrd03._.js:1945
[ 6838335ms] [ERROR] ./src/app/page.tsx:76:15
Expected '</', got 'jsx text'
  74 |             </div>
  75 |           </div>
> 76 |         </div>
     |               ^^^^^^^^^^^^^^^^^^^^^^^^^^^^^^^^^^^^^^^^^^^^^^^^^^^^^^^^^^^^^^^^^^^^^^^^^^^^^^^^^^^^^^^^^^^^^^^^^^^^^^^^^^^^^^^^^^^^^^^^^^^^^^^^^^^^^^^^^^^^^^^^^^^^^^^^^^^^^^^^^
> 77 |       </section>
     | ^^^^^^
  78 |
  79 |       {/* Story & Tips Section */}
  80 |       <section className="bg-surface-alt py-20 px-6 md:px-12 w-full mt-12 relative overflow-hidden">

Parsing ecmascript source code failed @ http://localhost:3000/_next/static/chunks/node_modules_next_dist_1gdrd03._.js:1945
[ 6838398ms] [ERROR] ./src/app/page.tsx:76:15
Expected '</', got 'jsx text'
  74 |             </div>
  75 |           </div>
> 76 |         </div>
     |               ^^^^^^^^^^^^^^^^^^^^^^^^^^^^^^^^^^^^^^^^^^^^^^^^^^^^^^^^^^^^^^^^^^^^^^^^^^^^^^^^^^^^^^^^^^^^^^^^^^^^^^^^^^^^^^^^^^^^^^^^^^^^^^^^^^^^^^^^^^^^^^^^^^^^^^^^^^^^^^^^^
> 77 |       </section>
     | ^^^^^^
  78 |
  79 |       {/* Story & Tips Section */}
  80 |       <section className="bg-surface-alt py-20 px-6 md:px-12 w-full mt-12 relative overflow-hidden">

Parsing ecmascript source code failed @ http://localhost:3000/_next/static/chunks/node_modules_next_dist_1gdrd03._.js:1945
[ 6838460ms] [ERROR] ./src/app/page.tsx:76:15
Expected '</', got 'jsx text'
  74 |             </div>
  75 |           </div>
> 76 |         </div>
     |               ^^^^^^^^^^^^^^^^^^^^^^^^^^^^^^^^^^^^^^^^^^^^^^^^^^^^^^^^^^^^^^^^^^^^^^^^^^^^^^^^^^^^^^^^^^^^^^^^^^^^^^^^^^^^^^^^^^^^^^^^^^^^^^^^^^^^^^^^^^^^^^^^^^^^^^^^^^^^^^^^^
> 77 |       </section>
     | ^^^^^^
  78 |
  79 |       {/* Story & Tips Section */}
  80 |       <section className="bg-surface-alt py-20 px-6 md:px-12 w-full mt-12 relative overflow-hidden">

Parsing ecmascript source code failed @ http://localhost:3000/_next/static/chunks/node_modules_next_dist_1gdrd03._.js:1945
[ 6838520ms] [ERROR] ./src/app/page.tsx:76:15
Expected '</', got 'jsx text'
  74 |             </div>
  75 |           </div>
> 76 |         </div>
     |               ^^^^^^^^^^^^^^^^^^^^^^^^^^^^^^^^^^^^^^^^^^^^^^^^^^^^^^^^^^^^^^^^^^^^^^^^^^^^^^^^^^^^^^^^^^^^^^^^^^^^^^^^^^^^^^^^^^^^^^^^^^^^^^^^^^^^^^^^^^^^^^^^^^^^^^^^^^^^^^^^^
> 77 |       </section>
     | ^^^^^^
  78 |
  79 |       {/* Story & Tips Section */}
  80 |       <section className="bg-surface-alt py-20 px-6 md:px-12 w-full mt-12 relative overflow-hidden">

Parsing ecmascript source code failed @ http://localhost:3000/_next/static/chunks/node_modules_next_dist_1gdrd03._.js:1945
[ 6838584ms] [ERROR] ./src/app/page.tsx:76:15
Expected '</', got 'jsx text'
  74 |             </div>
  75 |           </div>
> 76 |         </div>
     |               ^^^^^^^^^^^^^^^^^^^^^^^^^^^^^^^^^^^^^^^^^^^^^^^^^^^^^^^^^^^^^^^^^^^^^^^^^^^^^^^^^^^^^^^^^^^^^^^^^^^^^^^^^^^^^^^^^^^^^^^^^^^^^^^^^^^^^^^^^^^^^^^^^^^^^^^^^^^^^^^^^
> 77 |       </section>
     | ^^^^^^
  78 |
  79 |       {/* Story & Tips Section */}
  80 |       <section className="bg-surface-alt py-20 px-6 md:px-12 w-full mt-12 relative overflow-hidden">

Parsing ecmascript source code failed @ http://localhost:3000/_next/static/chunks/node_modules_next_dist_1gdrd03._.js:1945
[ 6838646ms] [ERROR] ./src/app/page.tsx:76:15
Expected '</', got 'jsx text'
  74 |             </div>
  75 |           </div>
> 76 |         </div>
     |               ^^^^^^^^^^^^^^^^^^^^^^^^^^^^^^^^^^^^^^^^^^^^^^^^^^^^^^^^^^^^^^^^^^^^^^^^^^^^^^^^^^^^^^^^^^^^^^^^^^^^^^^^^^^^^^^^^^^^^^^^^^^^^^^^^^^^^^^^^^^^^^^^^^^^^^^^^^^^^^^^^
> 77 |       </section>
     | ^^^^^^
  78 |
  79 |       {/* Story & Tips Section */}
  80 |       <section className="bg-surface-alt py-20 px-6 md:px-12 w-full mt-12 relative overflow-hidden">

Parsing ecmascript source code failed @ http://localhost:3000/_next/static/chunks/node_modules_next_dist_1gdrd03._.js:1945
[ 6838708ms] [ERROR] ./src/app/page.tsx:76:15
Expected '</', got 'jsx text'
  74 |             </div>
  75 |           </div>
> 76 |         </div>
     |               ^^^^^^^^^^^^^^^^^^^^^^^^^^^^^^^^^^^^^^^^^^^^^^^^^^^^^^^^^^^^^^^^^^^^^^^^^^^^^^^^^^^^^^^^^^^^^^^^^^^^^^^^^^^^^^^^^^^^^^^^^^^^^^^^^^^^^^^^^^^^^^^^^^^^^^^^^^^^^^^^^
> 77 |       </section>
     | ^^^^^^
  78 |
  79 |       {/* Story & Tips Section */}
  80 |       <section className="bg-surface-alt py-20 px-6 md:px-12 w-full mt-12 relative overflow-hidden">

Parsing ecmascript source code failed @ http://localhost:3000/_next/static/chunks/node_modules_next_dist_1gdrd03._.js:1945
[ 6838770ms] [ERROR] ./src/app/page.tsx:76:15
Expected '</', got 'jsx text'
  74 |             </div>
  75 |           </div>
> 76 |         </div>
     |               ^^^^^^^^^^^^^^^^^^^^^^^^^^^^^^^^^^^^^^^^^^^^^^^^^^^^^^^^^^^^^^^^^^^^^^^^^^^^^^^^^^^^^^^^^^^^^^^^^^^^^^^^^^^^^^^^^^^^^^^^^^^^^^^^^^^^^^^^^^^^^^^^^^^^^^^^^^^^^^^^^
> 77 |       </section>
     | ^^^^^^
  78 |
  79 |       {/* Story & Tips Section */}
  80 |       <section className="bg-surface-alt py-20 px-6 md:px-12 w-full mt-12 relative overflow-hidden">

Parsing ecmascript source code failed @ http://localhost:3000/_next/static/chunks/node_modules_next_dist_1gdrd03._.js:1945
[ 6838831ms] [ERROR] ./src/app/page.tsx:76:15
Expected '</', got 'jsx text'
  74 |             </div>
  75 |           </div>
> 76 |         </div>
     |               ^^^^^^^^^^^^^^^^^^^^^^^^^^^^^^^^^^^^^^^^^^^^^^^^^^^^^^^^^^^^^^^^^^^^^^^^^^^^^^^^^^^^^^^^^^^^^^^^^^^^^^^^^^^^^^^^^^^^^^^^^^^^^^^^^^^^^^^^^^^^^^^^^^^^^^^^^^^^^^^^^
> 77 |       </section>
     | ^^^^^^
  78 |
  79 |       {/* Story & Tips Section */}
  80 |       <section className="bg-surface-alt py-20 px-6 md:px-12 w-full mt-12 relative overflow-hidden">

Parsing ecmascript source code failed @ http://localhost:3000/_next/static/chunks/node_modules_next_dist_1gdrd03._.js:1945
[ 6838892ms] [ERROR] ./src/app/page.tsx:76:15
Expected '</', got 'jsx text'
  74 |             </div>
  75 |           </div>
> 76 |         </div>
     |               ^^^^^^^^^^^^^^^^^^^^^^^^^^^^^^^^^^^^^^^^^^^^^^^^^^^^^^^^^^^^^^^^^^^^^^^^^^^^^^^^^^^^^^^^^^^^^^^^^^^^^^^^^^^^^^^^^^^^^^^^^^^^^^^^^^^^^^^^^^^^^^^^^^^^^^^^^^^^^^^^^
> 77 |       </section>
     | ^^^^^^
  78 |
  79 |       {/* Story & Tips Section */}
  80 |       <section className="bg-surface-alt py-20 px-6 md:px-12 w-full mt-12 relative overflow-hidden">

Parsing ecmascript source code failed @ http://localhost:3000/_next/static/chunks/node_modules_next_dist_1gdrd03._.js:1945
[ 6838955ms] [ERROR] ./src/app/page.tsx:76:15
Expected '</', got 'jsx text'
  74 |             </div>
  75 |           </div>
> 76 |         </div>
     |               ^^^^^^^^^^^^^^^^^^^^^^^^^^^^^^^^^^^^^^^^^^^^^^^^^^^^^^^^^^^^^^^^^^^^^^^^^^^^^^^^^^^^^^^^^^^^^^^^^^^^^^^^^^^^^^^^^^^^^^^^^^^^^^^^^^^^^^^^^^^^^^^^^^^^^^^^^^^^^^^^^
> 77 |       </section>
     | ^^^^^^
  78 |
  79 |       {/* Story & Tips Section */}
  80 |       <section className="bg-surface-alt py-20 px-6 md:px-12 w-full mt-12 relative overflow-hidden">

Parsing ecmascript source code failed @ http://localhost:3000/_next/static/chunks/node_modules_next_dist_1gdrd03._.js:1945
[ 6839016ms] [ERROR] ./src/app/page.tsx:76:15
Expected '</', got 'jsx text'
  74 |             </div>
  75 |           </div>
> 76 |         </div>
     |               ^^^^^^^^^^^^^^^^^^^^^^^^^^^^^^^^^^^^^^^^^^^^^^^^^^^^^^^^^^^^^^^^^^^^^^^^^^^^^^^^^^^^^^^^^^^^^^^^^^^^^^^^^^^^^^^^^^^^^^^^^^^^^^^^^^^^^^^^^^^^^^^^^^^^^^^^^^^^^^^^^
> 77 |       </section>
     | ^^^^^^
  78 |
  79 |       {/* Story & Tips Section */}
  80 |       <section className="bg-surface-alt py-20 px-6 md:px-12 w-full mt-12 relative overflow-hidden">

Parsing ecmascript source code failed @ http://localhost:3000/_next/static/chunks/node_modules_next_dist_1gdrd03._.js:1945
[ 6839078ms] [ERROR] ./src/app/page.tsx:76:15
Expected '</', got 'jsx text'
  74 |             </div>
  75 |           </div>
> 76 |         </div>
     |               ^^^^^^^^^^^^^^^^^^^^^^^^^^^^^^^^^^^^^^^^^^^^^^^^^^^^^^^^^^^^^^^^^^^^^^^^^^^^^^^^^^^^^^^^^^^^^^^^^^^^^^^^^^^^^^^^^^^^^^^^^^^^^^^^^^^^^^^^^^^^^^^^^^^^^^^^^^^^^^^^^
> 77 |       </section>
     | ^^^^^^
  78 |
  79 |       {/* Story & Tips Section */}
  80 |       <section className="bg-surface-alt py-20 px-6 md:px-12 w-full mt-12 relative overflow-hidden">

Parsing ecmascript source code failed @ http://localhost:3000/_next/static/chunks/node_modules_next_dist_1gdrd03._.js:1945
[ 6839140ms] [ERROR] ./src/app/page.tsx:76:15
Expected '</', got 'jsx text'
  74 |             </div>
  75 |           </div>
> 76 |         </div>
     |               ^^^^^^^^^^^^^^^^^^^^^^^^^^^^^^^^^^^^^^^^^^^^^^^^^^^^^^^^^^^^^^^^^^^^^^^^^^^^^^^^^^^^^^^^^^^^^^^^^^^^^^^^^^^^^^^^^^^^^^^^^^^^^^^^^^^^^^^^^^^^^^^^^^^^^^^^^^^^^^^^^
> 77 |       </section>
     | ^^^^^^
  78 |
  79 |       {/* Story & Tips Section */}
  80 |       <section className="bg-surface-alt py-20 px-6 md:px-12 w-full mt-12 relative overflow-hidden">

Parsing ecmascript source code failed @ http://localhost:3000/_next/static/chunks/node_modules_next_dist_1gdrd03._.js:1945
[ 6839202ms] [ERROR] ./src/app/page.tsx:76:15
Expected '</', got 'jsx text'
  74 |             </div>
  75 |           </div>
> 76 |         </div>
     |               ^^^^^^^^^^^^^^^^^^^^^^^^^^^^^^^^^^^^^^^^^^^^^^^^^^^^^^^^^^^^^^^^^^^^^^^^^^^^^^^^^^^^^^^^^^^^^^^^^^^^^^^^^^^^^^^^^^^^^^^^^^^^^^^^^^^^^^^^^^^^^^^^^^^^^^^^^^^^^^^^^
> 77 |       </section>
     | ^^^^^^
  78 |
  79 |       {/* Story & Tips Section */}
  80 |       <section className="bg-surface-alt py-20 px-6 md:px-12 w-full mt-12 relative overflow-hidden">

Parsing ecmascript source code failed @ http://localhost:3000/_next/static/chunks/node_modules_next_dist_1gdrd03._.js:1945
[ 6839266ms] [ERROR] ./src/app/page.tsx:76:15
Expected '</', got 'jsx text'
  74 |             </div>
  75 |           </div>
> 76 |         </div>
     |               ^^^^^^^^^^^^^^^^^^^^^^^^^^^^^^^^^^^^^^^^^^^^^^^^^^^^^^^^^^^^^^^^^^^^^^^^^^^^^^^^^^^^^^^^^^^^^^^^^^^^^^^^^^^^^^^^^^^^^^^^^^^^^^^^^^^^^^^^^^^^^^^^^^^^^^^^^^^^^^^^^
> 77 |       </section>
     | ^^^^^^
  78 |
  79 |       {/* Story & Tips Section */}
  80 |       <section className="bg-surface-alt py-20 px-6 md:px-12 w-full mt-12 relative overflow-hidden">

Parsing ecmascript source code failed @ http://localhost:3000/_next/static/chunks/node_modules_next_dist_1gdrd03._.js:1945
[ 6839329ms] [ERROR] ./src/app/page.tsx:76:15
Expected '</', got 'jsx text'
  74 |             </div>
  75 |           </div>
> 76 |         </div>
     |               ^^^^^^^^^^^^^^^^^^^^^^^^^^^^^^^^^^^^^^^^^^^^^^^^^^^^^^^^^^^^^^^^^^^^^^^^^^^^^^^^^^^^^^^^^^^^^^^^^^^^^^^^^^^^^^^^^^^^^^^^^^^^^^^^^^^^^^^^^^^^^^^^^^^^^^^^^^^^^^^^^
> 77 |       </section>
     | ^^^^^^
  78 |
  79 |       {/* Story & Tips Section */}
  80 |       <section className="bg-surface-alt py-20 px-6 md:px-12 w-full mt-12 relative overflow-hidden">

Parsing ecmascript source code failed @ http://localhost:3000/_next/static/chunks/node_modules_next_dist_1gdrd03._.js:1945
[ 6839390ms] [ERROR] ./src/app/page.tsx:76:15
Expected '</', got 'jsx text'
  74 |             </div>
  75 |           </div>
> 76 |         </div>
     |               ^^^^^^^^^^^^^^^^^^^^^^^^^^^^^^^^^^^^^^^^^^^^^^^^^^^^^^^^^^^^^^^^^^^^^^^^^^^^^^^^^^^^^^^^^^^^^^^^^^^^^^^^^^^^^^^^^^^^^^^^^^^^^^^^^^^^^^^^^^^^^^^^^^^^^^^^^^^^^^^^^
> 77 |       </section>
     | ^^^^^^
  78 |
  79 |       {/* Story & Tips Section */}
  80 |       <section className="bg-surface-alt py-20 px-6 md:px-12 w-full mt-12 relative overflow-hidden">

Parsing ecmascript source code failed @ http://localhost:3000/_next/static/chunks/node_modules_next_dist_1gdrd03._.js:1945
[ 6839453ms] [ERROR] ./src/app/page.tsx:76:15
Expected '</', got 'jsx text'
  74 |             </div>
  75 |           </div>
> 76 |         </div>
     |               ^^^^^^^^^^^^^^^^^^^^^^^^^^^^^^^^^^^^^^^^^^^^^^^^^^^^^^^^^^^^^^^^^^^^^^^^^^^^^^^^^^^^^^^^^^^^^^^^^^^^^^^^^^^^^^^^^^^^^^^^^^^^^^^^^^^^^^^^^^^^^^^^^^^^^^^^^^^^^^^^^
> 77 |       </section>
     | ^^^^^^
  78 |
  79 |       {/* Story & Tips Section */}
  80 |       <section className="bg-surface-alt py-20 px-6 md:px-12 w-full mt-12 relative overflow-hidden">

Parsing ecmascript source code failed @ http://localhost:3000/_next/static/chunks/node_modules_next_dist_1gdrd03._.js:1945
[ 6839513ms] [ERROR] ./src/app/page.tsx:76:15
Expected '</', got 'jsx text'
  74 |             </div>
  75 |           </div>
> 76 |         </div>
     |               ^^^^^^^^^^^^^^^^^^^^^^^^^^^^^^^^^^^^^^^^^^^^^^^^^^^^^^^^^^^^^^^^^^^^^^^^^^^^^^^^^^^^^^^^^^^^^^^^^^^^^^^^^^^^^^^^^^^^^^^^^^^^^^^^^^^^^^^^^^^^^^^^^^^^^^^^^^^^^^^^^
> 77 |       </section>
     | ^^^^^^
  78 |
  79 |       {/* Story & Tips Section */}
  80 |       <section className="bg-surface-alt py-20 px-6 md:px-12 w-full mt-12 relative overflow-hidden">

Parsing ecmascript source code failed @ http://localhost:3000/_next/static/chunks/node_modules_next_dist_1gdrd03._.js:1945
[ 6839574ms] [ERROR] ./src/app/page.tsx:76:15
Expected '</', got 'jsx text'
  74 |             </div>
  75 |           </div>
> 76 |         </div>
     |               ^^^^^^^^^^^^^^^^^^^^^^^^^^^^^^^^^^^^^^^^^^^^^^^^^^^^^^^^^^^^^^^^^^^^^^^^^^^^^^^^^^^^^^^^^^^^^^^^^^^^^^^^^^^^^^^^^^^^^^^^^^^^^^^^^^^^^^^^^^^^^^^^^^^^^^^^^^^^^^^^^
> 77 |       </section>
     | ^^^^^^
  78 |
  79 |       {/* Story & Tips Section */}
  80 |       <section className="bg-surface-alt py-20 px-6 md:px-12 w-full mt-12 relative overflow-hidden">

Parsing ecmascript source code failed @ http://localhost:3000/_next/static/chunks/node_modules_next_dist_1gdrd03._.js:1945
[ 6839637ms] [ERROR] ./src/app/page.tsx:76:15
Expected '</', got 'jsx text'
  74 |             </div>
  75 |           </div>
> 76 |         </div>
     |               ^^^^^^^^^^^^^^^^^^^^^^^^^^^^^^^^^^^^^^^^^^^^^^^^^^^^^^^^^^^^^^^^^^^^^^^^^^^^^^^^^^^^^^^^^^^^^^^^^^^^^^^^^^^^^^^^^^^^^^^^^^^^^^^^^^^^^^^^^^^^^^^^^^^^^^^^^^^^^^^^^
> 77 |       </section>
     | ^^^^^^
  78 |
  79 |       {/* Story & Tips Section */}
  80 |       <section className="bg-surface-alt py-20 px-6 md:px-12 w-full mt-12 relative overflow-hidden">

Parsing ecmascript source code failed @ http://localhost:3000/_next/static/chunks/node_modules_next_dist_1gdrd03._.js:1945
[ 6839700ms] [ERROR] ./src/app/page.tsx:76:15
Expected '</', got 'jsx text'
  74 |             </div>
  75 |           </div>
> 76 |         </div>
     |               ^^^^^^^^^^^^^^^^^^^^^^^^^^^^^^^^^^^^^^^^^^^^^^^^^^^^^^^^^^^^^^^^^^^^^^^^^^^^^^^^^^^^^^^^^^^^^^^^^^^^^^^^^^^^^^^^^^^^^^^^^^^^^^^^^^^^^^^^^^^^^^^^^^^^^^^^^^^^^^^^^
> 77 |       </section>
     | ^^^^^^
  78 |
  79 |       {/* Story & Tips Section */}
  80 |       <section className="bg-surface-alt py-20 px-6 md:px-12 w-full mt-12 relative overflow-hidden">

Parsing ecmascript source code failed @ http://localhost:3000/_next/static/chunks/node_modules_next_dist_1gdrd03._.js:1945
[ 6839762ms] [ERROR] ./src/app/page.tsx:76:15
Expected '</', got 'jsx text'
  74 |             </div>
  75 |           </div>
> 76 |         </div>
     |               ^^^^^^^^^^^^^^^^^^^^^^^^^^^^^^^^^^^^^^^^^^^^^^^^^^^^^^^^^^^^^^^^^^^^^^^^^^^^^^^^^^^^^^^^^^^^^^^^^^^^^^^^^^^^^^^^^^^^^^^^^^^^^^^^^^^^^^^^^^^^^^^^^^^^^^^^^^^^^^^^^
> 77 |       </section>
     | ^^^^^^
  78 |
  79 |       {/* Story & Tips Section */}
  80 |       <section className="bg-surface-alt py-20 px-6 md:px-12 w-full mt-12 relative overflow-hidden">

Parsing ecmascript source code failed @ http://localhost:3000/_next/static/chunks/node_modules_next_dist_1gdrd03._.js:1945
[ 6839824ms] [ERROR] ./src/app/page.tsx:76:15
Expected '</', got 'jsx text'
  74 |             </div>
  75 |           </div>
> 76 |         </div>
     |               ^^^^^^^^^^^^^^^^^^^^^^^^^^^^^^^^^^^^^^^^^^^^^^^^^^^^^^^^^^^^^^^^^^^^^^^^^^^^^^^^^^^^^^^^^^^^^^^^^^^^^^^^^^^^^^^^^^^^^^^^^^^^^^^^^^^^^^^^^^^^^^^^^^^^^^^^^^^^^^^^^
> 77 |       </section>
     | ^^^^^^
  78 |
  79 |       {/* Story & Tips Section */}
  80 |       <section className="bg-surface-alt py-20 px-6 md:px-12 w-full mt-12 relative overflow-hidden">

Parsing ecmascript source code failed @ http://localhost:3000/_next/static/chunks/node_modules_next_dist_1gdrd03._.js:1945
[ 6839887ms] [ERROR] ./src/app/page.tsx:76:15
Expected '</', got 'jsx text'
  74 |             </div>
  75 |           </div>
> 76 |         </div>
     |               ^^^^^^^^^^^^^^^^^^^^^^^^^^^^^^^^^^^^^^^^^^^^^^^^^^^^^^^^^^^^^^^^^^^^^^^^^^^^^^^^^^^^^^^^^^^^^^^^^^^^^^^^^^^^^^^^^^^^^^^^^^^^^^^^^^^^^^^^^^^^^^^^^^^^^^^^^^^^^^^^^
> 77 |       </section>
     | ^^^^^^
  78 |
  79 |       {/* Story & Tips Section */}
  80 |       <section className="bg-surface-alt py-20 px-6 md:px-12 w-full mt-12 relative overflow-hidden">

Parsing ecmascript source code failed @ http://localhost:3000/_next/static/chunks/node_modules_next_dist_1gdrd03._.js:1945
[ 6839948ms] [ERROR] ./src/app/page.tsx:76:15
Expected '</', got 'jsx text'
  74 |             </div>
  75 |           </div>
> 76 |         </div>
     |               ^^^^^^^^^^^^^^^^^^^^^^^^^^^^^^^^^^^^^^^^^^^^^^^^^^^^^^^^^^^^^^^^^^^^^^^^^^^^^^^^^^^^^^^^^^^^^^^^^^^^^^^^^^^^^^^^^^^^^^^^^^^^^^^^^^^^^^^^^^^^^^^^^^^^^^^^^^^^^^^^^
> 77 |       </section>
     | ^^^^^^
  78 |
  79 |       {/* Story & Tips Section */}
  80 |       <section className="bg-surface-alt py-20 px-6 md:px-12 w-full mt-12 relative overflow-hidden">

Parsing ecmascript source code failed @ http://localhost:3000/_next/static/chunks/node_modules_next_dist_1gdrd03._.js:1945
[ 6840009ms] [ERROR] ./src/app/page.tsx:76:15
Expected '</', got 'jsx text'
  74 |             </div>
  75 |           </div>
> 76 |         </div>
     |               ^^^^^^^^^^^^^^^^^^^^^^^^^^^^^^^^^^^^^^^^^^^^^^^^^^^^^^^^^^^^^^^^^^^^^^^^^^^^^^^^^^^^^^^^^^^^^^^^^^^^^^^^^^^^^^^^^^^^^^^^^^^^^^^^^^^^^^^^^^^^^^^^^^^^^^^^^^^^^^^^^
> 77 |       </section>
     | ^^^^^^
  78 |
  79 |       {/* Story & Tips Section */}
  80 |       <section className="bg-surface-alt py-20 px-6 md:px-12 w-full mt-12 relative overflow-hidden">

Parsing ecmascript source code failed @ http://localhost:3000/_next/static/chunks/node_modules_next_dist_1gdrd03._.js:1945
[ 6840072ms] [ERROR] ./src/app/page.tsx:76:15
Expected '</', got 'jsx text'
  74 |             </div>
  75 |           </div>
> 76 |         </div>
     |               ^^^^^^^^^^^^^^^^^^^^^^^^^^^^^^^^^^^^^^^^^^^^^^^^^^^^^^^^^^^^^^^^^^^^^^^^^^^^^^^^^^^^^^^^^^^^^^^^^^^^^^^^^^^^^^^^^^^^^^^^^^^^^^^^^^^^^^^^^^^^^^^^^^^^^^^^^^^^^^^^^
> 77 |       </section>
     | ^^^^^^
  78 |
  79 |       {/* Story & Tips Section */}
  80 |       <section className="bg-surface-alt py-20 px-6 md:px-12 w-full mt-12 relative overflow-hidden">

Parsing ecmascript source code failed @ http://localhost:3000/_next/static/chunks/node_modules_next_dist_1gdrd03._.js:1945
[ 6840135ms] [ERROR] ./src/app/page.tsx:76:15
Expected '</', got 'jsx text'
  74 |             </div>
  75 |           </div>
> 76 |         </div>
     |               ^^^^^^^^^^^^^^^^^^^^^^^^^^^^^^^^^^^^^^^^^^^^^^^^^^^^^^^^^^^^^^^^^^^^^^^^^^^^^^^^^^^^^^^^^^^^^^^^^^^^^^^^^^^^^^^^^^^^^^^^^^^^^^^^^^^^^^^^^^^^^^^^^^^^^^^^^^^^^^^^^
> 77 |       </section>
     | ^^^^^^
  78 |
  79 |       {/* Story & Tips Section */}
  80 |       <section className="bg-surface-alt py-20 px-6 md:px-12 w-full mt-12 relative overflow-hidden">

Parsing ecmascript source code failed @ http://localhost:3000/_next/static/chunks/node_modules_next_dist_1gdrd03._.js:1945
[ 6840198ms] [ERROR] ./src/app/page.tsx:76:15
Expected '</', got 'jsx text'
  74 |             </div>
  75 |           </div>
> 76 |         </div>
     |               ^^^^^^^^^^^^^^^^^^^^^^^^^^^^^^^^^^^^^^^^^^^^^^^^^^^^^^^^^^^^^^^^^^^^^^^^^^^^^^^^^^^^^^^^^^^^^^^^^^^^^^^^^^^^^^^^^^^^^^^^^^^^^^^^^^^^^^^^^^^^^^^^^^^^^^^^^^^^^^^^^
> 77 |       </section>
     | ^^^^^^
  78 |
  79 |       {/* Story & Tips Section */}
  80 |       <section className="bg-surface-alt py-20 px-6 md:px-12 w-full mt-12 relative overflow-hidden">

Parsing ecmascript source code failed @ http://localhost:3000/_next/static/chunks/node_modules_next_dist_1gdrd03._.js:1945
[ 6840260ms] [ERROR] ./src/app/page.tsx:76:15
Expected '</', got 'jsx text'
  74 |             </div>
  75 |           </div>
> 76 |         </div>
     |               ^^^^^^^^^^^^^^^^^^^^^^^^^^^^^^^^^^^^^^^^^^^^^^^^^^^^^^^^^^^^^^^^^^^^^^^^^^^^^^^^^^^^^^^^^^^^^^^^^^^^^^^^^^^^^^^^^^^^^^^^^^^^^^^^^^^^^^^^^^^^^^^^^^^^^^^^^^^^^^^^^
> 77 |       </section>
     | ^^^^^^
  78 |
  79 |       {/* Story & Tips Section */}
  80 |       <section className="bg-surface-alt py-20 px-6 md:px-12 w-full mt-12 relative overflow-hidden">

Parsing ecmascript source code failed @ http://localhost:3000/_next/static/chunks/node_modules_next_dist_1gdrd03._.js:1945
[ 6840323ms] [ERROR] ./src/app/page.tsx:76:15
Expected '</', got 'jsx text'
  74 |             </div>
  75 |           </div>
> 76 |         </div>
     |               ^^^^^^^^^^^^^^^^^^^^^^^^^^^^^^^^^^^^^^^^^^^^^^^^^^^^^^^^^^^^^^^^^^^^^^^^^^^^^^^^^^^^^^^^^^^^^^^^^^^^^^^^^^^^^^^^^^^^^^^^^^^^^^^^^^^^^^^^^^^^^^^^^^^^^^^^^^^^^^^^^
> 77 |       </section>
     | ^^^^^^
  78 |
  79 |       {/* Story & Tips Section */}
  80 |       <section className="bg-surface-alt py-20 px-6 md:px-12 w-full mt-12 relative overflow-hidden">

Parsing ecmascript source code failed @ http://localhost:3000/_next/static/chunks/node_modules_next_dist_1gdrd03._.js:1945
[ 6840390ms] [ERROR] ./src/app/page.tsx:76:15
Expected '</', got 'jsx text'
  74 |             </div>
  75 |           </div>
> 76 |         </div>
     |               ^^^^^^^^^^^^^^^^^^^^^^^^^^^^^^^^^^^^^^^^^^^^^^^^^^^^^^^^^^^^^^^^^^^^^^^^^^^^^^^^^^^^^^^^^^^^^^^^^^^^^^^^^^^^^^^^^^^^^^^^^^^^^^^^^^^^^^^^^^^^^^^^^^^^^^^^^^^^^^^^^
> 77 |       </section>
     | ^^^^^^
  78 |
  79 |       {/* Story & Tips Section */}
  80 |       <section className="bg-surface-alt py-20 px-6 md:px-12 w-full mt-12 relative overflow-hidden">

Parsing ecmascript source code failed @ http://localhost:3000/_next/static/chunks/node_modules_next_dist_1gdrd03._.js:1945
[ 6840444ms] [ERROR] ./src/app/page.tsx:76:15
Expected '</', got 'jsx text'
  74 |             </div>
  75 |           </div>
> 76 |         </div>
     |               ^^^^^^^^^^^^^^^^^^^^^^^^^^^^^^^^^^^^^^^^^^^^^^^^^^^^^^^^^^^^^^^^^^^^^^^^^^^^^^^^^^^^^^^^^^^^^^^^^^^^^^^^^^^^^^^^^^^^^^^^^^^^^^^^^^^^^^^^^^^^^^^^^^^^^^^^^^^^^^^^^
> 77 |       </section>
     | ^^^^^^
  78 |
  79 |       {/* Story & Tips Section */}
  80 |       <section className="bg-surface-alt py-20 px-6 md:px-12 w-full mt-12 relative overflow-hidden">

Parsing ecmascript source code failed @ http://localhost:3000/_next/static/chunks/node_modules_next_dist_1gdrd03._.js:1945
[ 6840506ms] [ERROR] ./src/app/page.tsx:76:15
Expected '</', got 'jsx text'
  74 |             </div>
  75 |           </div>
> 76 |         </div>
     |               ^^^^^^^^^^^^^^^^^^^^^^^^^^^^^^^^^^^^^^^^^^^^^^^^^^^^^^^^^^^^^^^^^^^^^^^^^^^^^^^^^^^^^^^^^^^^^^^^^^^^^^^^^^^^^^^^^^^^^^^^^^^^^^^^^^^^^^^^^^^^^^^^^^^^^^^^^^^^^^^^^
> 77 |       </section>
     | ^^^^^^
  78 |
  79 |       {/* Story & Tips Section */}
  80 |       <section className="bg-surface-alt py-20 px-6 md:px-12 w-full mt-12 relative overflow-hidden">

Parsing ecmascript source code failed @ http://localhost:3000/_next/static/chunks/node_modules_next_dist_1gdrd03._.js:1945
[ 6840568ms] [ERROR] ./src/app/page.tsx:76:15
Expected '</', got 'jsx text'
  74 |             </div>
  75 |           </div>
> 76 |         </div>
     |               ^^^^^^^^^^^^^^^^^^^^^^^^^^^^^^^^^^^^^^^^^^^^^^^^^^^^^^^^^^^^^^^^^^^^^^^^^^^^^^^^^^^^^^^^^^^^^^^^^^^^^^^^^^^^^^^^^^^^^^^^^^^^^^^^^^^^^^^^^^^^^^^^^^^^^^^^^^^^^^^^^
> 77 |       </section>
     | ^^^^^^
  78 |
  79 |       {/* Story & Tips Section */}
  80 |       <section className="bg-surface-alt py-20 px-6 md:px-12 w-full mt-12 relative overflow-hidden">

Parsing ecmascript source code failed @ http://localhost:3000/_next/static/chunks/node_modules_next_dist_1gdrd03._.js:1945
[ 6840632ms] [ERROR] ./src/app/page.tsx:76:15
Expected '</', got 'jsx text'
  74 |             </div>
  75 |           </div>
> 76 |         </div>
     |               ^^^^^^^^^^^^^^^^^^^^^^^^^^^^^^^^^^^^^^^^^^^^^^^^^^^^^^^^^^^^^^^^^^^^^^^^^^^^^^^^^^^^^^^^^^^^^^^^^^^^^^^^^^^^^^^^^^^^^^^^^^^^^^^^^^^^^^^^^^^^^^^^^^^^^^^^^^^^^^^^^
> 77 |       </section>
     | ^^^^^^
  78 |
  79 |       {/* Story & Tips Section */}
  80 |       <section className="bg-surface-alt py-20 px-6 md:px-12 w-full mt-12 relative overflow-hidden">

Parsing ecmascript source code failed @ http://localhost:3000/_next/static/chunks/node_modules_next_dist_1gdrd03._.js:1945
[ 6840693ms] [ERROR] ./src/app/page.tsx:76:15
Expected '</', got 'jsx text'
  74 |             </div>
  75 |           </div>
> 76 |         </div>
     |               ^^^^^^^^^^^^^^^^^^^^^^^^^^^^^^^^^^^^^^^^^^^^^^^^^^^^^^^^^^^^^^^^^^^^^^^^^^^^^^^^^^^^^^^^^^^^^^^^^^^^^^^^^^^^^^^^^^^^^^^^^^^^^^^^^^^^^^^^^^^^^^^^^^^^^^^^^^^^^^^^^
> 77 |       </section>
     | ^^^^^^
  78 |
  79 |       {/* Story & Tips Section */}
  80 |       <section className="bg-surface-alt py-20 px-6 md:px-12 w-full mt-12 relative overflow-hidden">

Parsing ecmascript source code failed @ http://localhost:3000/_next/static/chunks/node_modules_next_dist_1gdrd03._.js:1945
[ 6840756ms] [ERROR] ./src/app/page.tsx:76:15
Expected '</', got 'jsx text'
  74 |             </div>
  75 |           </div>
> 76 |         </div>
     |               ^^^^^^^^^^^^^^^^^^^^^^^^^^^^^^^^^^^^^^^^^^^^^^^^^^^^^^^^^^^^^^^^^^^^^^^^^^^^^^^^^^^^^^^^^^^^^^^^^^^^^^^^^^^^^^^^^^^^^^^^^^^^^^^^^^^^^^^^^^^^^^^^^^^^^^^^^^^^^^^^^
> 77 |       </section>
     | ^^^^^^
  78 |
  79 |       {/* Story & Tips Section */}
  80 |       <section className="bg-surface-alt py-20 px-6 md:px-12 w-full mt-12 relative overflow-hidden">

Parsing ecmascript source code failed @ http://localhost:3000/_next/static/chunks/node_modules_next_dist_1gdrd03._.js:1945
[ 6840819ms] [ERROR] ./src/app/page.tsx:76:15
Expected '</', got 'jsx text'
  74 |             </div>
  75 |           </div>
> 76 |         </div>
     |               ^^^^^^^^^^^^^^^^^^^^^^^^^^^^^^^^^^^^^^^^^^^^^^^^^^^^^^^^^^^^^^^^^^^^^^^^^^^^^^^^^^^^^^^^^^^^^^^^^^^^^^^^^^^^^^^^^^^^^^^^^^^^^^^^^^^^^^^^^^^^^^^^^^^^^^^^^^^^^^^^^
> 77 |       </section>
     | ^^^^^^
  78 |
  79 |       {/* Story & Tips Section */}
  80 |       <section className="bg-surface-alt py-20 px-6 md:px-12 w-full mt-12 relative overflow-hidden">

Parsing ecmascript source code failed @ http://localhost:3000/_next/static/chunks/node_modules_next_dist_1gdrd03._.js:1945
[ 6840881ms] [ERROR] ./src/app/page.tsx:76:15
Expected '</', got 'jsx text'
  74 |             </div>
  75 |           </div>
> 76 |         </div>
     |               ^^^^^^^^^^^^^^^^^^^^^^^^^^^^^^^^^^^^^^^^^^^^^^^^^^^^^^^^^^^^^^^^^^^^^^^^^^^^^^^^^^^^^^^^^^^^^^^^^^^^^^^^^^^^^^^^^^^^^^^^^^^^^^^^^^^^^^^^^^^^^^^^^^^^^^^^^^^^^^^^^
> 77 |       </section>
     | ^^^^^^
  78 |
  79 |       {/* Story & Tips Section */}
  80 |       <section className="bg-surface-alt py-20 px-6 md:px-12 w-full mt-12 relative overflow-hidden">

Parsing ecmascript source code failed @ http://localhost:3000/_next/static/chunks/node_modules_next_dist_1gdrd03._.js:1945
[ 6840943ms] [ERROR] ./src/app/page.tsx:76:15
Expected '</', got 'jsx text'
  74 |             </div>
  75 |           </div>
> 76 |         </div>
     |               ^^^^^^^^^^^^^^^^^^^^^^^^^^^^^^^^^^^^^^^^^^^^^^^^^^^^^^^^^^^^^^^^^^^^^^^^^^^^^^^^^^^^^^^^^^^^^^^^^^^^^^^^^^^^^^^^^^^^^^^^^^^^^^^^^^^^^^^^^^^^^^^^^^^^^^^^^^^^^^^^^
> 77 |       </section>
     | ^^^^^^
  78 |
  79 |       {/* Story & Tips Section */}
  80 |       <section className="bg-surface-alt py-20 px-6 md:px-12 w-full mt-12 relative overflow-hidden">

Parsing ecmascript source code failed @ http://localhost:3000/_next/static/chunks/node_modules_next_dist_1gdrd03._.js:1945
[ 6841004ms] [ERROR] ./src/app/page.tsx:76:15
Expected '</', got 'jsx text'
  74 |             </div>
  75 |           </div>
> 76 |         </div>
     |               ^^^^^^^^^^^^^^^^^^^^^^^^^^^^^^^^^^^^^^^^^^^^^^^^^^^^^^^^^^^^^^^^^^^^^^^^^^^^^^^^^^^^^^^^^^^^^^^^^^^^^^^^^^^^^^^^^^^^^^^^^^^^^^^^^^^^^^^^^^^^^^^^^^^^^^^^^^^^^^^^^
> 77 |       </section>
     | ^^^^^^
  78 |
  79 |       {/* Story & Tips Section */}
  80 |       <section className="bg-surface-alt py-20 px-6 md:px-12 w-full mt-12 relative overflow-hidden">

Parsing ecmascript source code failed @ http://localhost:3000/_next/static/chunks/node_modules_next_dist_1gdrd03._.js:1945
[ 6841066ms] [ERROR] ./src/app/page.tsx:76:15
Expected '</', got 'jsx text'
  74 |             </div>
  75 |           </div>
> 76 |         </div>
     |               ^^^^^^^^^^^^^^^^^^^^^^^^^^^^^^^^^^^^^^^^^^^^^^^^^^^^^^^^^^^^^^^^^^^^^^^^^^^^^^^^^^^^^^^^^^^^^^^^^^^^^^^^^^^^^^^^^^^^^^^^^^^^^^^^^^^^^^^^^^^^^^^^^^^^^^^^^^^^^^^^^
> 77 |       </section>
     | ^^^^^^
  78 |
  79 |       {/* Story & Tips Section */}
  80 |       <section className="bg-surface-alt py-20 px-6 md:px-12 w-full mt-12 relative overflow-hidden">

Parsing ecmascript source code failed @ http://localhost:3000/_next/static/chunks/node_modules_next_dist_1gdrd03._.js:1945
[ 6841129ms] [ERROR] ./src/app/page.tsx:76:15
Expected '</', got 'jsx text'
  74 |             </div>
  75 |           </div>
> 76 |         </div>
     |               ^^^^^^^^^^^^^^^^^^^^^^^^^^^^^^^^^^^^^^^^^^^^^^^^^^^^^^^^^^^^^^^^^^^^^^^^^^^^^^^^^^^^^^^^^^^^^^^^^^^^^^^^^^^^^^^^^^^^^^^^^^^^^^^^^^^^^^^^^^^^^^^^^^^^^^^^^^^^^^^^^
> 77 |       </section>
     | ^^^^^^
  78 |
  79 |       {/* Story & Tips Section */}
  80 |       <section className="bg-surface-alt py-20 px-6 md:px-12 w-full mt-12 relative overflow-hidden">

Parsing ecmascript source code failed @ http://localhost:3000/_next/static/chunks/node_modules_next_dist_1gdrd03._.js:1945
[ 6841191ms] [ERROR] ./src/app/page.tsx:76:15
Expected '</', got 'jsx text'
  74 |             </div>
  75 |           </div>
> 76 |         </div>
     |               ^^^^^^^^^^^^^^^^^^^^^^^^^^^^^^^^^^^^^^^^^^^^^^^^^^^^^^^^^^^^^^^^^^^^^^^^^^^^^^^^^^^^^^^^^^^^^^^^^^^^^^^^^^^^^^^^^^^^^^^^^^^^^^^^^^^^^^^^^^^^^^^^^^^^^^^^^^^^^^^^^
> 77 |       </section>
     | ^^^^^^
  78 |
  79 |       {/* Story & Tips Section */}
  80 |       <section className="bg-surface-alt py-20 px-6 md:px-12 w-full mt-12 relative overflow-hidden">

Parsing ecmascript source code failed @ http://localhost:3000/_next/static/chunks/node_modules_next_dist_1gdrd03._.js:1945
[ 6841253ms] [ERROR] ./src/app/page.tsx:76:15
Expected '</', got 'jsx text'
  74 |             </div>
  75 |           </div>
> 76 |         </div>
     |               ^^^^^^^^^^^^^^^^^^^^^^^^^^^^^^^^^^^^^^^^^^^^^^^^^^^^^^^^^^^^^^^^^^^^^^^^^^^^^^^^^^^^^^^^^^^^^^^^^^^^^^^^^^^^^^^^^^^^^^^^^^^^^^^^^^^^^^^^^^^^^^^^^^^^^^^^^^^^^^^^^
> 77 |       </section>
     | ^^^^^^
  78 |
  79 |       {/* Story & Tips Section */}
  80 |       <section className="bg-surface-alt py-20 px-6 md:px-12 w-full mt-12 relative overflow-hidden">

Parsing ecmascript source code failed @ http://localhost:3000/_next/static/chunks/node_modules_next_dist_1gdrd03._.js:1945
[ 6841315ms] [ERROR] ./src/app/page.tsx:76:15
Expected '</', got 'jsx text'
  74 |             </div>
  75 |           </div>
> 76 |         </div>
     |               ^^^^^^^^^^^^^^^^^^^^^^^^^^^^^^^^^^^^^^^^^^^^^^^^^^^^^^^^^^^^^^^^^^^^^^^^^^^^^^^^^^^^^^^^^^^^^^^^^^^^^^^^^^^^^^^^^^^^^^^^^^^^^^^^^^^^^^^^^^^^^^^^^^^^^^^^^^^^^^^^^
> 77 |       </section>
     | ^^^^^^
  78 |
  79 |       {/* Story & Tips Section */}
  80 |       <section className="bg-surface-alt py-20 px-6 md:px-12 w-full mt-12 relative overflow-hidden">

Parsing ecmascript source code failed @ http://localhost:3000/_next/static/chunks/node_modules_next_dist_1gdrd03._.js:1945
[ 6841378ms] [ERROR] ./src/app/page.tsx:76:15
Expected '</', got 'jsx text'
  74 |             </div>
  75 |           </div>
> 76 |         </div>
     |               ^^^^^^^^^^^^^^^^^^^^^^^^^^^^^^^^^^^^^^^^^^^^^^^^^^^^^^^^^^^^^^^^^^^^^^^^^^^^^^^^^^^^^^^^^^^^^^^^^^^^^^^^^^^^^^^^^^^^^^^^^^^^^^^^^^^^^^^^^^^^^^^^^^^^^^^^^^^^^^^^^
> 77 |       </section>
     | ^^^^^^
  78 |
  79 |       {/* Story & Tips Section */}
  80 |       <section className="bg-surface-alt py-20 px-6 md:px-12 w-full mt-12 relative overflow-hidden">

Parsing ecmascript source code failed @ http://localhost:3000/_next/static/chunks/node_modules_next_dist_1gdrd03._.js:1945
[ 6841439ms] [ERROR] ./src/app/page.tsx:76:15
Expected '</', got 'jsx text'
  74 |             </div>
  75 |           </div>
> 76 |         </div>
     |               ^^^^^^^^^^^^^^^^^^^^^^^^^^^^^^^^^^^^^^^^^^^^^^^^^^^^^^^^^^^^^^^^^^^^^^^^^^^^^^^^^^^^^^^^^^^^^^^^^^^^^^^^^^^^^^^^^^^^^^^^^^^^^^^^^^^^^^^^^^^^^^^^^^^^^^^^^^^^^^^^^
> 77 |       </section>
     | ^^^^^^
  78 |
  79 |       {/* Story & Tips Section */}
  80 |       <section className="bg-surface-alt py-20 px-6 md:px-12 w-full mt-12 relative overflow-hidden">

Parsing ecmascript source code failed @ http://localhost:3000/_next/static/chunks/node_modules_next_dist_1gdrd03._.js:1945
[ 6841500ms] [ERROR] ./src/app/page.tsx:76:15
Expected '</', got 'jsx text'
  74 |             </div>
  75 |           </div>
> 76 |         </div>
     |               ^^^^^^^^^^^^^^^^^^^^^^^^^^^^^^^^^^^^^^^^^^^^^^^^^^^^^^^^^^^^^^^^^^^^^^^^^^^^^^^^^^^^^^^^^^^^^^^^^^^^^^^^^^^^^^^^^^^^^^^^^^^^^^^^^^^^^^^^^^^^^^^^^^^^^^^^^^^^^^^^^
> 77 |       </section>
     | ^^^^^^
  78 |
  79 |       {/* Story & Tips Section */}
  80 |       <section className="bg-surface-alt py-20 px-6 md:px-12 w-full mt-12 relative overflow-hidden">

Parsing ecmascript source code failed @ http://localhost:3000/_next/static/chunks/node_modules_next_dist_1gdrd03._.js:1945
[ 6841563ms] [ERROR] ./src/app/page.tsx:76:15
Expected '</', got 'jsx text'
  74 |             </div>
  75 |           </div>
> 76 |         </div>
     |               ^^^^^^^^^^^^^^^^^^^^^^^^^^^^^^^^^^^^^^^^^^^^^^^^^^^^^^^^^^^^^^^^^^^^^^^^^^^^^^^^^^^^^^^^^^^^^^^^^^^^^^^^^^^^^^^^^^^^^^^^^^^^^^^^^^^^^^^^^^^^^^^^^^^^^^^^^^^^^^^^^
> 77 |       </section>
     | ^^^^^^
  78 |
  79 |       {/* Story & Tips Section */}
  80 |       <section className="bg-surface-alt py-20 px-6 md:px-12 w-full mt-12 relative overflow-hidden">

Parsing ecmascript source code failed @ http://localhost:3000/_next/static/chunks/node_modules_next_dist_1gdrd03._.js:1945
[ 6841626ms] [ERROR] ./src/app/page.tsx:76:15
Expected '</', got 'jsx text'
  74 |             </div>
  75 |           </div>
> 76 |         </div>
     |               ^^^^^^^^^^^^^^^^^^^^^^^^^^^^^^^^^^^^^^^^^^^^^^^^^^^^^^^^^^^^^^^^^^^^^^^^^^^^^^^^^^^^^^^^^^^^^^^^^^^^^^^^^^^^^^^^^^^^^^^^^^^^^^^^^^^^^^^^^^^^^^^^^^^^^^^^^^^^^^^^^
> 77 |       </section>
     | ^^^^^^
  78 |
  79 |       {/* Story & Tips Section */}
  80 |       <section className="bg-surface-alt py-20 px-6 md:px-12 w-full mt-12 relative overflow-hidden">

Parsing ecmascript source code failed @ http://localhost:3000/_next/static/chunks/node_modules_next_dist_1gdrd03._.js:1945
[ 6841689ms] [ERROR] ./src/app/page.tsx:76:15
Expected '</', got 'jsx text'
  74 |             </div>
  75 |           </div>
> 76 |         </div>
     |               ^^^^^^^^^^^^^^^^^^^^^^^^^^^^^^^^^^^^^^^^^^^^^^^^^^^^^^^^^^^^^^^^^^^^^^^^^^^^^^^^^^^^^^^^^^^^^^^^^^^^^^^^^^^^^^^^^^^^^^^^^^^^^^^^^^^^^^^^^^^^^^^^^^^^^^^^^^^^^^^^^
> 77 |       </section>
     | ^^^^^^
  78 |
  79 |       {/* Story & Tips Section */}
  80 |       <section className="bg-surface-alt py-20 px-6 md:px-12 w-full mt-12 relative overflow-hidden">

Parsing ecmascript source code failed @ http://localhost:3000/_next/static/chunks/node_modules_next_dist_1gdrd03._.js:1945
[ 6841750ms] [ERROR] ./src/app/page.tsx:76:15
Expected '</', got 'jsx text'
  74 |             </div>
  75 |           </div>
> 76 |         </div>
     |               ^^^^^^^^^^^^^^^^^^^^^^^^^^^^^^^^^^^^^^^^^^^^^^^^^^^^^^^^^^^^^^^^^^^^^^^^^^^^^^^^^^^^^^^^^^^^^^^^^^^^^^^^^^^^^^^^^^^^^^^^^^^^^^^^^^^^^^^^^^^^^^^^^^^^^^^^^^^^^^^^^
> 77 |       </section>
     | ^^^^^^
  78 |
  79 |       {/* Story & Tips Section */}
  80 |       <section className="bg-surface-alt py-20 px-6 md:px-12 w-full mt-12 relative overflow-hidden">

Parsing ecmascript source code failed @ http://localhost:3000/_next/static/chunks/node_modules_next_dist_1gdrd03._.js:1945
[ 6841812ms] [ERROR] ./src/app/page.tsx:76:15
Expected '</', got 'jsx text'
  74 |             </div>
  75 |           </div>
> 76 |         </div>
     |               ^^^^^^^^^^^^^^^^^^^^^^^^^^^^^^^^^^^^^^^^^^^^^^^^^^^^^^^^^^^^^^^^^^^^^^^^^^^^^^^^^^^^^^^^^^^^^^^^^^^^^^^^^^^^^^^^^^^^^^^^^^^^^^^^^^^^^^^^^^^^^^^^^^^^^^^^^^^^^^^^^
> 77 |       </section>
     | ^^^^^^
  78 |
  79 |       {/* Story & Tips Section */}
  80 |       <section className="bg-surface-alt py-20 px-6 md:px-12 w-full mt-12 relative overflow-hidden">

Parsing ecmascript source code failed @ http://localhost:3000/_next/static/chunks/node_modules_next_dist_1gdrd03._.js:1945
[ 6841875ms] [ERROR] ./src/app/page.tsx:76:15
Expected '</', got 'jsx text'
  74 |             </div>
  75 |           </div>
> 76 |         </div>
     |               ^^^^^^^^^^^^^^^^^^^^^^^^^^^^^^^^^^^^^^^^^^^^^^^^^^^^^^^^^^^^^^^^^^^^^^^^^^^^^^^^^^^^^^^^^^^^^^^^^^^^^^^^^^^^^^^^^^^^^^^^^^^^^^^^^^^^^^^^^^^^^^^^^^^^^^^^^^^^^^^^^
> 77 |       </section>
     | ^^^^^^
  78 |
  79 |       {/* Story & Tips Section */}
  80 |       <section className="bg-surface-alt py-20 px-6 md:px-12 w-full mt-12 relative overflow-hidden">

Parsing ecmascript source code failed @ http://localhost:3000/_next/static/chunks/node_modules_next_dist_1gdrd03._.js:1945
[ 6841938ms] [ERROR] ./src/app/page.tsx:76:15
Expected '</', got 'jsx text'
  74 |             </div>
  75 |           </div>
> 76 |         </div>
     |               ^^^^^^^^^^^^^^^^^^^^^^^^^^^^^^^^^^^^^^^^^^^^^^^^^^^^^^^^^^^^^^^^^^^^^^^^^^^^^^^^^^^^^^^^^^^^^^^^^^^^^^^^^^^^^^^^^^^^^^^^^^^^^^^^^^^^^^^^^^^^^^^^^^^^^^^^^^^^^^^^^
> 77 |       </section>
     | ^^^^^^
  78 |
  79 |       {/* Story & Tips Section */}
  80 |       <section className="bg-surface-alt py-20 px-6 md:px-12 w-full mt-12 relative overflow-hidden">

Parsing ecmascript source code failed @ http://localhost:3000/_next/static/chunks/node_modules_next_dist_1gdrd03._.js:1945
[ 6842001ms] [ERROR] ./src/app/page.tsx:76:15
Expected '</', got 'jsx text'
  74 |             </div>
  75 |           </div>
> 76 |         </div>
     |               ^^^^^^^^^^^^^^^^^^^^^^^^^^^^^^^^^^^^^^^^^^^^^^^^^^^^^^^^^^^^^^^^^^^^^^^^^^^^^^^^^^^^^^^^^^^^^^^^^^^^^^^^^^^^^^^^^^^^^^^^^^^^^^^^^^^^^^^^^^^^^^^^^^^^^^^^^^^^^^^^^
> 77 |       </section>
     | ^^^^^^
  78 |
  79 |       {/* Story & Tips Section */}
  80 |       <section className="bg-surface-alt py-20 px-6 md:px-12 w-full mt-12 relative overflow-hidden">

Parsing ecmascript source code failed @ http://localhost:3000/_next/static/chunks/node_modules_next_dist_1gdrd03._.js:1945
[ 6842061ms] [ERROR] ./src/app/page.tsx:76:15
Expected '</', got 'jsx text'
  74 |             </div>
  75 |           </div>
> 76 |         </div>
     |               ^^^^^^^^^^^^^^^^^^^^^^^^^^^^^^^^^^^^^^^^^^^^^^^^^^^^^^^^^^^^^^^^^^^^^^^^^^^^^^^^^^^^^^^^^^^^^^^^^^^^^^^^^^^^^^^^^^^^^^^^^^^^^^^^^^^^^^^^^^^^^^^^^^^^^^^^^^^^^^^^^
> 77 |       </section>
     | ^^^^^^
  78 |
  79 |       {/* Story & Tips Section */}
  80 |       <section className="bg-surface-alt py-20 px-6 md:px-12 w-full mt-12 relative overflow-hidden">

Parsing ecmascript source code failed @ http://localhost:3000/_next/static/chunks/node_modules_next_dist_1gdrd03._.js:1945
[ 6842137ms] [ERROR] ./src/app/page.tsx:76:15
Expected '</', got 'jsx text'
  74 |             </div>
  75 |           </div>
> 76 |         </div>
     |               ^^^^^^^^^^^^^^^^^^^^^^^^^^^^^^^^^^^^^^^^^^^^^^^^^^^^^^^^^^^^^^^^^^^^^^^^^^^^^^^^^^^^^^^^^^^^^^^^^^^^^^^^^^^^^^^^^^^^^^^^^^^^^^^^^^^^^^^^^^^^^^^^^^^^^^^^^^^^^^^^^
> 77 |       </section>
     | ^^^^^^
  78 |
  79 |       {/* Story & Tips Section */}
  80 |       <section className="bg-surface-alt py-20 px-6 md:px-12 w-full mt-12 relative overflow-hidden">

Parsing ecmascript source code failed @ http://localhost:3000/_next/static/chunks/node_modules_next_dist_1gdrd03._.js:1945
[ 6842263ms] [LOG] [Fast Refresh] rebuilding @ http://localhost:3000/_next/static/chunks/node_modules_next_dist_1gdrd03._.js:1226
[ 6843522ms] [LOG] [Fast Refresh] done in 1360ms @ http://localhost:3000/_next/static/chunks/node_modules_next_dist_1gdrd03._.js:1226
[ 6843866ms] [LOG] [Fast Refresh] rebuilding @ http://localhost:3000/_next/static/chunks/node_modules_next_dist_1gdrd03._.js:1226
[ 6844727ms] [LOG] [Fast Refresh] done in 967ms @ http://localhost:3000/_next/static/chunks/node_modules_next_dist_1gdrd03._.js:1226
[ 6844971ms] [INFO] %cDownload the React DevTools for a better development experience: https://react.dev/link/react-devtools font-weight:bold @ http://localhost:3000/_next/static/chunks/node_modules_next_dist_1ybzpk2._.js:2489
[ 6845053ms] [LOG] [HMR] connected @ http://localhost:3000/_next/static/chunks/node_modules_next_dist_1ybzpk2._.js:2489
[ 6845165ms] [WARNING] Image with src "http://localhost:3000/vercel.svg" has either width or height modified, but not the other. If you use CSS to change the size of your image, also include the styles 'width: "auto"' or 'height: "auto"' to maintain the aspect ratio. @ http://localhost:3000/_next/static/chunks/node_modules_next_dist_1ybzpk2._.js:2489
[ 6892247ms] [LOG] [Fast Refresh] rebuilding @ http://localhost:3000/_next/static/chunks/node_modules_next_dist_1ybzpk2._.js:2489
[ 6895289ms] [LOG] [Fast Refresh] done in 1096ms @ http://localhost:3000/_next/static/chunks/node_modules_next_dist_1ybzpk2._.js:2489
[ 6895810ms] [WARNING] THREE.Clock: This module has been deprecated. Please use THREE.Timer instead. @ http://localhost:3000/_next/static/chunks/node_modules_next_dist_1ybzpk2._.js:2489
[ 6897521ms] [WARNING] THREE.WebGLProgram: Program Info Log: (210,81-129): warning X4122: sum of 0.996094 and -2.98545e-017 cannot be represented accurately in double precision
(209,37-61): warning X4122: sum of 1 and -1.49272e-017 cannot be represented accurately in double precision
(210,82-106): warning X4122: sum of 1 and -1.49272e-017 cannot be represented accurately in double precision
(209,37-61): warning X4122: sum of 1 and -1.66644e-018 cannot be represented accurately in double precision
(210,82-106): warning X4122: sum of 1 and -1.66644e-018 cannot be represented accurately in double precision @ http://localhost:3000/_next/static/chunks/node_modules_next_dist_1ybzpk2._.js:2489
[ 6898483ms] [LOG] [Fast Refresh] rebuilding @ http://localhost:3000/_next/static/chunks/node_modules_next_dist_1ybzpk2._.js:2489
[ 6898508ms] [LOG] [Fast Refresh] done in 141ms @ http://localhost:3000/_next/static/chunks/node_modules_next_dist_1ybzpk2._.js:2489
[ 7019769ms] [LOG] [Fast Refresh] rebuilding @ http://localhost:3000/_next/static/chunks/node_modules_next_dist_1ybzpk2._.js:2489
[ 7020014ms] [LOG] [Fast Refresh] done in 330ms @ http://localhost:3000/_next/static/chunks/node_modules_next_dist_1ybzpk2._.js:2489
[ 7020130ms] [LOG] [Fast Refresh] rebuilding @ http://localhost:3000/_next/static/chunks/node_modules_next_dist_1ybzpk2._.js:2489
[ 7020183ms] [LOG] [Fast Refresh] done in 166ms @ http://localhost:3000/_next/static/chunks/node_modules_next_dist_1ybzpk2._.js:2489
[ 7020379ms] [LOG] [Fast Refresh] rebuilding @ http://localhost:3000/_next/static/chunks/node_modules_next_dist_1ybzpk2._.js:2489
[ 7020385ms] [LOG] [Fast Refresh] done in 108ms @ http://localhost:3000/_next/static/chunks/node_modules_next_dist_1ybzpk2._.js:2489
[ 7078023ms] [LOG] [Fast Refresh] rebuilding @ http://localhost:3000/_next/static/chunks/node_modules_next_dist_1ybzpk2._.js:2489
[ 7078171ms] [LOG] [Fast Refresh] done in 260ms @ http://localhost:3000/_next/static/chunks/node_modules_next_dist_1ybzpk2._.js:2489
[ 7087691ms] [LOG] [Fast Refresh] rebuilding @ http://localhost:3000/_next/static/chunks/node_modules_next_dist_1ybzpk2._.js:2489
[ 7087874ms] [LOG] [Fast Refresh] done in 295ms @ http://localhost:3000/_next/static/chunks/node_modules_next_dist_1ybzpk2._.js:2489
[ 7096650ms] [LOG] [Fast Refresh] rebuilding @ http://localhost:3000/_next/static/chunks/node_modules_next_dist_1ybzpk2._.js:2489
[ 7096792ms] [LOG] [Fast Refresh] done in 255ms @ http://localhost:3000/_next/static/chunks/node_modules_next_dist_1ybzpk2._.js:2489
[ 7335849ms] [LOG] [Fast Refresh] rebuilding @ http://localhost:3000/_next/static/chunks/node_modules_next_dist_1ybzpk2._.js:2489
[ 7336177ms] [LOG] [Fast Refresh] done in 432ms @ http://localhost:3000/_next/static/chunks/node_modules_next_dist_1ybzpk2._.js:2489
[ 7388769ms] [LOG] [Fast Refresh] rebuilding @ http://localhost:3000/_next/static/chunks/node_modules_next_dist_1ybzpk2._.js:2489
[ 7388772ms] [LOG] [Fast Refresh] done in 115ms @ http://localhost:3000/_next/static/chunks/node_modules_next_dist_1ybzpk2._.js:2489
[ 7571857ms] [LOG] [Fast Refresh] rebuilding @ http://localhost:3000/_next/static/chunks/node_modules_next_dist_1ybzpk2._.js:2489
[ 7572170ms] [LOG] [Fast Refresh] done in 402ms @ http://localhost:3000/_next/static/chunks/node_modules_next_dist_1ybzpk2._.js:2489
[ 7572278ms] [LOG] [Fast Refresh] rebuilding @ http://localhost:3000/_next/static/chunks/node_modules_next_dist_1ybzpk2._.js:2489
[ 7572436ms] [LOG] [Fast Refresh] done in 263ms @ http://localhost:3000/_next/static/chunks/node_modules_next_dist_1ybzpk2._.js:2489
[ 7631854ms] [LOG] [Fast Refresh] rebuilding @ http://localhost:3000/_next/static/chunks/node_modules_next_dist_1ybzpk2._.js:2489
[ 7632128ms] [LOG] [Fast Refresh] done in 356ms @ http://localhost:3000/_next/static/chunks/node_modules_next_dist_1ybzpk2._.js:2489
[ 7632244ms] [LOG] [Fast Refresh] rebuilding @ http://localhost:3000/_next/static/chunks/node_modules_next_dist_1ybzpk2._.js:2489
[ 7632314ms] [LOG] [Fast Refresh] done in 177ms @ http://localhost:3000/_next/static/chunks/node_modules_next_dist_1ybzpk2._.js:2489
[ 7704801ms] [LOG] [Fast Refresh] rebuilding @ http://localhost:3000/_next/static/chunks/node_modules_next_dist_1ybzpk2._.js:2489
[ 7704867ms] [LOG] [Fast Refresh] done in 160ms @ http://localhost:3000/_next/static/chunks/node_modules_next_dist_1ybzpk2._.js:2489
[ 7704972ms] [LOG] [Fast Refresh] rebuilding @ http://localhost:3000/_next/static/chunks/node_modules_next_dist_1ybzpk2._.js:2489
[ 7705090ms] [LOG] [Fast Refresh] done in 223ms @ http://localhost:3000/_next/static/chunks/node_modules_next_dist_1ybzpk2._.js:2489
[ 7768441ms] [LOG] [Fast Refresh] rebuilding @ http://localhost:3000/_next/static/chunks/node_modules_next_dist_1ybzpk2._.js:2489
[ 7768960ms] [LOG] [Fast Refresh] done in 526ms @ http://localhost:3000/_next/static/chunks/node_modules_next_dist_1ybzpk2._.js:2489
[ 7769068ms] [LOG] [Fast Refresh] rebuilding @ http://localhost:3000/_next/static/chunks/node_modules_next_dist_1ybzpk2._.js:2489
[ 7769109ms] [LOG] [Fast Refresh] done in 147ms @ http://localhost:3000/_next/static/chunks/node_modules_next_dist_1ybzpk2._.js:2489
[ 7769328ms] ReferenceError: Center is not defined
    at Hero3DBakery (http://localhost:3000/_next/static/chunks/src_app_components_Hero3DBakery_tsx_0ttfkwe._.js?id=%255Bproject%255D%252Fsrc%252Fapp%252Fcomponents%252FHero3DBakery.tsx+%255Bapp-client%255D+%2528ecmascript%2529:150:242)
    at Object.react_stack_bottom_frame (http://localhost:3000/_next/static/chunks/node_modules_next_dist_compiled_react-dom_096_9a-._.js:15037:24)
    at renderWithHooks (http://localhost:3000/_next/static/chunks/node_modules_next_dist_compiled_react-dom_096_9a-._.js:4620:24)
    at updateFunctionComponent (http://localhost:3000/_next/static/chunks/node_modules_next_dist_compiled_react-dom_096_9a-._.js:6081:21)
    at beginWork (http://localhost:3000/_next/static/chunks/node_modules_next_dist_compiled_react-dom_096_9a-._.js:6691:24)
    at runWithFiberInDEV (http://localhost:3000/_next/static/chunks/node_modules_next_dist_compiled_react-dom_096_9a-._.js:965:74)
    at performUnitOfWork (http://localhost:3000/_next/static/chunks/node_modules_next_dist_compiled_react-dom_096_9a-._.js:9555:97)
    at workLoopSync (http://localhost:3000/_next/static/chunks/node_modules_next_dist_compiled_react-dom_096_9a-._.js:9449:40)
    at renderRootSync (http://localhost:3000/_next/static/chunks/node_modules_next_dist_compiled_react-dom_096_9a-._.js:9433:13)
    at performWorkOnRoot (http://localhost:3000/_next/static/chunks/node_modules_next_dist_compiled_react-dom_096_9a-._.js:9061:186)
    at performSyncWorkOnRoot (http://localhost:3000/_next/static/chunks/node_modules_next_dist_compiled_react-dom_096_9a-._.js:10263:9)
    at flushSyncWorkAcrossRoots_impl (http://localhost:3000/_next/static/chunks/node_modules_next_dist_compiled_react-dom_096_9a-._.js:10179:316)
    at processRootScheduleInMicrotask (http://localhost:3000/_next/static/chunks/node_modules_next_dist_compiled_react-dom_096_9a-._.js:10200:106)
    at http://localhost:3000/_next/static/chunks/node_modules_next_dist_compiled_react-dom_096_9a-._.js:10274:158
[ 7829364ms] [LOG] [Fast Refresh] rebuilding @ http://localhost:3000/_next/static/chunks/node_modules_next_dist_1ybzpk2._.js:2489
[ 7829804ms] [WARNING] [Fast Refresh] performing full reload because your application had an unrecoverable error @ http://localhost:3000/_next/static/chunks/node_modules_next_dist_1ybzpk2._.js:2489
[ 7829863ms] [LOG] [Fast Refresh] done in 540ms @ http://localhost:3000/_next/static/chunks/node_modules_next_dist_1ybzpk2._.js:2489
[ 7829950ms] [WARNING] THREE.Clock: This module has been deprecated. Please use THREE.Timer instead. @ http://localhost:3000/_next/static/chunks/node_modules_next_dist_1ybzpk2._.js:2489
[ 7830064ms] [LOG] [Fast Refresh] rebuilding @ http://localhost:3000/_next/static/chunks/node_modules_next_dist_1ybzpk2._.js:2489
[ 7830472ms] [LOG] [Fast Refresh] done in 583ms @ http://localhost:3000/_next/static/chunks/node_modules_next_dist_1ybzpk2._.js:2489
[ 7830761ms] [INFO] %cDownload the React DevTools for a better development experience: https://react.dev/link/react-devtools font-weight:bold @ http://localhost:3000/_next/static/chunks/node_modules_next_dist_1ybzpk2._.js:2489
[ 7830866ms] [LOG] [HMR] connected @ http://localhost:3000/_next/static/chunks/node_modules_next_dist_1ybzpk2._.js:2489
[ 7831906ms] [WARNING] THREE.Clock: This module has been deprecated. Please use THREE.Timer instead. @ http://localhost:3000/_next/static/chunks/node_modules_next_dist_1ybzpk2._.js:2489
[ 7833905ms] [WARNING] THREE.WebGLProgram: Program Info Log: (210,81-129): warning X4122: sum of 0.996094 and -2.98545e-017 cannot be represented accurately in double precision
(209,37-61): warning X4122: sum of 1 and -1.49272e-017 cannot be represented accurately in double precision
(210,82-106): warning X4122: sum of 1 and -1.49272e-017 cannot be represented accurately in double precision
(209,37-61): warning X4122: sum of 1 and -1.66644e-018 cannot be represented accurately in double precision
(210,82-106): warning X4122: sum of 1 and -1.66644e-018 cannot be represented accurately in double precision @ http://localhost:3000/_next/static/chunks/node_modules_next_dist_1ybzpk2._.js:2489
[ 7835083ms] [LOG] [Fast Refresh] rebuilding @ http://localhost:3000/_next/static/chunks/node_modules_next_dist_1ybzpk2._.js:2489
[ 7835150ms] [LOG] [Fast Refresh] done in 170ms @ http://localhost:3000/_next/static/chunks/node_modules_next_dist_1ybzpk2._.js:2489
[ 7883635ms] [LOG] [Fast Refresh] rebuilding @ http://localhost:3000/_next/static/chunks/node_modules_next_dist_1ybzpk2._.js:2489
[ 7883788ms] [LOG] [Fast Refresh] done in 225ms @ http://localhost:3000/_next/static/chunks/node_modules_next_dist_1ybzpk2._.js:2489
[ 7883900ms] [LOG] [Fast Refresh] rebuilding @ http://localhost:3000/_next/static/chunks/node_modules_next_dist_1ybzpk2._.js:2489
[ 7884001ms] [LOG] [Fast Refresh] done in 212ms @ http://localhost:3000/_next/static/chunks/node_modules_next_dist_1ybzpk2._.js:2489
[ 7884045ms] ReferenceError: scene is not defined
    at Hero3DBakery (http://localhost:3000/_next/static/chunks/src_app_components_Hero3DBakery_tsx_0ttfkwe._.js?id=%255Bproject%255D%252Fsrc%252Fapp%252Fcomponents%252FHero3DBakery.tsx+%255Bapp-client%255D+%2528ecmascript%2529:158:45)
    at Object.react_stack_bottom_frame (http://localhost:3000/_next/static/chunks/node_modules_next_dist_compiled_react-dom_096_9a-._.js:15037:24)
    at renderWithHooks (http://localhost:3000/_next/static/chunks/node_modules_next_dist_compiled_react-dom_096_9a-._.js:4620:24)
    at updateFunctionComponent (http://localhost:3000/_next/static/chunks/node_modules_next_dist_compiled_react-dom_096_9a-._.js:6081:21)
    at beginWork (http://localhost:3000/_next/static/chunks/node_modules_next_dist_compiled_react-dom_096_9a-._.js:6691:24)
    at runWithFiberInDEV (http://localhost:3000/_next/static/chunks/node_modules_next_dist_compiled_react-dom_096_9a-._.js:965:74)
    at performUnitOfWork (http://localhost:3000/_next/static/chunks/node_modules_next_dist_compiled_react-dom_096_9a-._.js:9555:97)
    at workLoopSync (http://localhost:3000/_next/static/chunks/node_modules_next_dist_compiled_react-dom_096_9a-._.js:9449:40)
    at renderRootSync (http://localhost:3000/_next/static/chunks/node_modules_next_dist_compiled_react-dom_096_9a-._.js:9433:13)
    at performWorkOnRoot (http://localhost:3000/_next/static/chunks/node_modules_next_dist_compiled_react-dom_096_9a-._.js:9061:186)
    at performSyncWorkOnRoot (http://localhost:3000/_next/static/chunks/node_modules_next_dist_compiled_react-dom_096_9a-._.js:10263:9)
    at flushSyncWorkAcrossRoots_impl (http://localhost:3000/_next/static/chunks/node_modules_next_dist_compiled_react-dom_096_9a-._.js:10179:316)
    at processRootScheduleInMicrotask (http://localhost:3000/_next/static/chunks/node_modules_next_dist_compiled_react-dom_096_9a-._.js:10200:106)
    at http://localhost:3000/_next/static/chunks/node_modules_next_dist_compiled_react-dom_096_9a-._.js:10274:158
[ 7938656ms] [LOG] [Fast Refresh] rebuilding @ http://localhost:3000/_next/static/chunks/node_modules_next_dist_1ybzpk2._.js:2489
[ 7938786ms] [WARNING] [Fast Refresh] performing full reload because your application had an unrecoverable error @ http://localhost:3000/_next/static/chunks/node_modules_next_dist_1ybzpk2._.js:2489
[ 7938835ms] [LOG] [Fast Refresh] done in 236ms @ http://localhost:3000/_next/static/chunks/node_modules_next_dist_1ybzpk2._.js:2489
[ 7938884ms] [WARNING] THREE.Clock: This module has been deprecated. Please use THREE.Timer instead. @ http://localhost:3000/_next/static/chunks/node_modules_next_dist_1ybzpk2._.js:2489
[ 7938964ms] [LOG] [Fast Refresh] rebuilding @ http://localhost:3000/_next/static/chunks/node_modules_next_dist_1ybzpk2._.js:2489
[ 7939327ms] [LOG] [Fast Refresh] done in 492ms @ http://localhost:3000/_next/static/chunks/node_modules_next_dist_1ybzpk2._.js:2489
[ 7939583ms] [INFO] %cDownload the React DevTools for a better development experience: https://react.dev/link/react-devtools font-weight:bold @ http://localhost:3000/_next/static/chunks/node_modules_next_dist_1ybzpk2._.js:2489
[ 7939621ms] [LOG] [HMR] connected @ http://localhost:3000/_next/static/chunks/node_modules_next_dist_1ybzpk2._.js:2489
[ 7940853ms] [WARNING] THREE.Clock: This module has been deprecated. Please use THREE.Timer instead. @ http://localhost:3000/_next/static/chunks/node_modules_next_dist_1ybzpk2._.js:2489
[ 7943602ms] [WARNING] THREE.WebGLProgram: Program Info Log: (210,81-129): warning X4122: sum of 0.996094 and -2.98545e-017 cannot be represented accurately in double precision
(209,37-61): warning X4122: sum of 1 and -1.49272e-017 cannot be represented accurately in double precision
(210,82-106): warning X4122: sum of 1 and -1.49272e-017 cannot be represented accurately in double precision
(209,37-61): warning X4122: sum of 1 and -1.66644e-018 cannot be represented accurately in double precision
(210,82-106): warning X4122: sum of 1 and -1.66644e-018 cannot be represented accurately in double precision @ http://localhost:3000/_next/static/chunks/node_modules_next_dist_1ybzpk2._.js:2489
[ 7993012ms] [LOG] [Fast Refresh] rebuilding @ http://localhost:3000/_next/static/chunks/node_modules_next_dist_1ybzpk2._.js:2489
[ 7993225ms] [LOG] [Fast Refresh] done in 297ms @ http://localhost:3000/_next/static/chunks/node_modules_next_dist_1ybzpk2._.js:2489
[ 7993338ms] [LOG] [Fast Refresh] rebuilding @ http://localhost:3000/_next/static/chunks/node_modules_next_dist_1ybzpk2._.js:2489
[ 7993430ms] [LOG] [Fast Refresh] done in 198ms @ http://localhost:3000/_next/static/chunks/node_modules_next_dist_1ybzpk2._.js:2489
[ 8048880ms] [LOG] [Fast Refresh] rebuilding @ http://localhost:3000/_next/static/chunks/node_modules_next_dist_1ybzpk2._.js:2489
[ 8048995ms] [LOG] [Fast Refresh] done in 213ms @ http://localhost:3000/_next/static/chunks/node_modules_next_dist_1ybzpk2._.js:2489
[ 8049110ms] [LOG] [Fast Refresh] rebuilding @ http://localhost:3000/_next/static/chunks/node_modules_next_dist_1ybzpk2._.js:2489
[ 8049316ms] [LOG] [Fast Refresh] done in 317ms @ http://localhost:3000/_next/static/chunks/node_modules_next_dist_1ybzpk2._.js:2489
[ 8063839ms] [LOG] [Fast Refresh] rebuilding @ http://localhost:3000/_next/static/chunks/node_modules_next_dist_1ybzpk2._.js:2489
[ 8064461ms] [LOG] [Fast Refresh] done in 700ms @ http://localhost:3000/_next/static/chunks/node_modules_next_dist_1ybzpk2._.js:2489
[ 8064571ms] [LOG] [Fast Refresh] rebuilding @ http://localhost:3000/_next/static/chunks/node_modules_next_dist_1ybzpk2._.js:2489
[ 8064619ms] [LOG] [Fast Refresh] done in 156ms @ http://localhost:3000/_next/static/chunks/node_modules_next_dist_1ybzpk2._.js:2489
[ 8147970ms] [LOG] [Fast Refresh] rebuilding @ http://localhost:3000/_next/static/chunks/node_modules_next_dist_1ybzpk2._.js:2489
[ 8148556ms] [LOG] [Fast Refresh] done in 701ms @ http://localhost:3000/_next/static/chunks/node_modules_next_dist_1ybzpk2._.js:2489
[ 8148667ms] [LOG] [Fast Refresh] rebuilding @ http://localhost:3000/_next/static/chunks/node_modules_next_dist_1ybzpk2._.js:2489
[ 8148681ms] [LOG] [Fast Refresh] done in 118ms @ http://localhost:3000/_next/static/chunks/node_modules_next_dist_1ybzpk2._.js:2489
[ 8148983ms] [WARNING] THREE.Clock: This module has been deprecated. Please use THREE.Timer instead. @ http://localhost:3000/_next/static/chunks/node_modules_next_dist_1ybzpk2._.js:2489
[ 8250240ms] [LOG] [Fast Refresh] rebuilding @ http://localhost:3000/_next/static/chunks/node_modules_next_dist_1ybzpk2._.js:2489
[ 8250492ms] [LOG] [Fast Refresh] done in 368ms @ http://localhost:3000/_next/static/chunks/node_modules_next_dist_1ybzpk2._.js:2489
[ 8250601ms] [LOG] [Fast Refresh] rebuilding @ http://localhost:3000/_next/static/chunks/node_modules_next_dist_1ybzpk2._.js:2489
[ 8250726ms] [LOG] [Fast Refresh] done in 231ms @ http://localhost:3000/_next/static/chunks/node_modules_next_dist_1ybzpk2._.js:2489
[ 8250856ms] [LOG] [Fast Refresh] rebuilding @ http://localhost:3000/_next/static/chunks/node_modules_next_dist_1ybzpk2._.js:2489
[ 8250877ms] [LOG] [Fast Refresh] done in 139ms @ http://localhost:3000/_next/static/chunks/node_modules_next_dist_1ybzpk2._.js:2489
[ 8250995ms] [LOG] [Fast Refresh] rebuilding @ http://localhost:3000/_next/static/chunks/node_modules_next_dist_1ybzpk2._.js:2489
[ 8251007ms] [LOG] [Fast Refresh] done in 118ms @ http://localhost:3000/_next/static/chunks/node_modules_next_dist_1ybzpk2._.js:2489
[ 8352015ms] [LOG] [Fast Refresh] rebuilding @ http://localhost:3000/_next/static/chunks/node_modules_next_dist_1ybzpk2._.js:2489
[ 8352326ms] [LOG] [Fast Refresh] done in 157ms @ http://localhost:3000/_next/static/chunks/node_modules_next_dist_1ybzpk2._.js:2489
[ 8352438ms] [LOG] [Fast Refresh] rebuilding @ http://localhost:3000/_next/static/chunks/node_modules_next_dist_1ybzpk2._.js:2489
[ 8352440ms] [LOG] [Fast Refresh] done in 108ms @ http://localhost:3000/_next/static/chunks/node_modules_next_dist_1ybzpk2._.js:2489
[ 8465448ms] [LOG] [Fast Refresh] rebuilding @ http://localhost:3000/_next/static/chunks/node_modules_next_dist_1ybzpk2._.js:2489
[ 8465512ms] [LOG] [Fast Refresh] done in 179ms @ http://localhost:3000/_next/static/chunks/node_modules_next_dist_1ybzpk2._.js:2489
[ 8483237ms] [LOG] [Fast Refresh] rebuilding @ http://localhost:3000/_next/static/chunks/node_modules_next_dist_1ybzpk2._.js:2489
[ 8483536ms] [LOG] [Fast Refresh] done in 151ms @ http://localhost:3000/_next/static/chunks/node_modules_next_dist_1ybzpk2._.js:2489
[ 8483665ms] [LOG] [Fast Refresh] rebuilding @ http://localhost:3000/_next/static/chunks/node_modules_next_dist_1ybzpk2._.js:2489
[ 8483701ms] [LOG] [Fast Refresh] done in 157ms @ http://localhost:3000/_next/static/chunks/node_modules_next_dist_1ybzpk2._.js:2489
[ 8652665ms] [LOG] [Fast Refresh] rebuilding @ http://localhost:3000/_next/static/chunks/node_modules_next_dist_1ybzpk2._.js:2489
[ 8653291ms] [LOG] [Fast Refresh] done in 651ms @ http://localhost:3000/_next/static/chunks/node_modules_next_dist_1ybzpk2._.js:2489
[ 8654236ms] [LOG] [Fast Refresh] rebuilding @ http://localhost:3000/_next/static/chunks/node_modules_next_dist_1ybzpk2._.js:2489
[ 8655837ms] [LOG] [Fast Refresh] done in 2196ms @ http://localhost:3000/_next/static/chunks/node_modules_next_dist_1ybzpk2._.js:2489
[ 8940269ms] [LOG] [Fast Refresh] rebuilding @ http://localhost:3000/_next/static/chunks/node_modules_next_dist_1ybzpk2._.js:2489
[ 8940270ms] [LOG] [Fast Refresh] done in 115ms @ http://localhost:3000/_next/static/chunks/node_modules_next_dist_1ybzpk2._.js:2489
[ 9000808ms] [LOG] [Fast Refresh] rebuilding @ http://localhost:3000/_next/static/chunks/node_modules_next_dist_1ybzpk2._.js:2489
[ 9001684ms] [LOG] [Fast Refresh] done in 987ms @ http://localhost:3000/_next/static/chunks/node_modules_next_dist_1ybzpk2._.js:2489
[ 9227119ms] [LOG] [Fast Refresh] rebuilding @ http://localhost:3000/_next/static/chunks/node_modules_next_dist_1ybzpk2._.js:2489
[ 9227197ms] [LOG] [Fast Refresh] done in 196ms @ http://localhost:3000/_next/static/chunks/node_modules_next_dist_1ybzpk2._.js:2489
[10207929ms] [LOG] [Fast Refresh] rebuilding @ http://localhost:3000/_next/static/chunks/node_modules_next_dist_1ybzpk2._.js:2489
[10209063ms] [LOG] [Fast Refresh] done in 1219ms @ http://localhost:3000/_next/static/chunks/node_modules_next_dist_1ybzpk2._.js:2489
[10209283ms] [LOG] [Fast Refresh] rebuilding @ http://localhost:3000/_next/static/chunks/node_modules_next_dist_1ybzpk2._.js:2489
[10210998ms] [LOG] [Fast Refresh] done in 1827ms @ http://localhost:3000/_next/static/chunks/node_modules_next_dist_1ybzpk2._.js:2489
[10322025ms] [LOG] [Fast Refresh] rebuilding @ http://localhost:3000/_next/static/chunks/node_modules_next_dist_1ybzpk2._.js:2489
[10322138ms] [LOG] [Fast Refresh] done in 201ms @ http://localhost:3000/_next/static/chunks/node_modules_next_dist_1ybzpk2._.js:2489
[10322241ms] [LOG] [Fast Refresh] rebuilding @ http://localhost:3000/_next/static/chunks/node_modules_next_dist_1ybzpk2._.js:2489
[10322397ms] [LOG] [Fast Refresh] done in 257ms @ http://localhost:3000/_next/static/chunks/node_modules_next_dist_1ybzpk2._.js:2489
[10322754ms] [LOG] [Fast Refresh] rebuilding @ http://localhost:3000/_next/static/chunks/node_modules_next_dist_1ybzpk2._.js:2489
[10323004ms] [LOG] [Fast Refresh] done in 363ms @ http://localhost:3000/_next/static/chunks/node_modules_next_dist_1ybzpk2._.js:2489
